procs -----------memory---------- ---swap-- -----io---- -system-- ------cpu----- -----timestamp-----
 r  b   swpd   free   buff  cache   si   so    bi    bo   in   cs us sy id wa st                 UTC
 6  0  54528 1333596   2896 2416012    1    2   972    47   42   24  5  1 91  2  0 2026-08-13 11:37:24
 1  0  54528 180664   2048 2351504    0    0 13744    33 2720 1584 18 14 47 21  0 2026-08-13 11:37:34
 1  0  54528 171640   1756 2336992    0    0 18805    14 3072 1968 20  7 47 25  0 2026-08-13 11:37:44
 0  0  54528 178604   1764 2257536    0    0 22474    43 2931 1814 18  7 47 27  0 2026-08-13 11:37:54
 1  0  54528 111656   1812 2281708    0    0 22691    47 2947 1856 19  6 47 27  0 2026-08-13 11:38:04
 0  1  54528 119072   1820 2281844    0    0 20289    17 2823 1718 20  6 47 26  0 2026-08-13 11:38:14
 1  0  54528 189092   1828 2178180    0    0 20046    10 3195 2266 19  9 46 26  0 2026-08-13 11:38:24
 1  0  54528 141284   1808 2237812    0    0 19798    44 3120 1886 20  7 47 26  0 2026-08-13 11:38:34
 0  1  54528 112796   1804 2256136    0    0 22110    12 3131 1944 18  6 48 28  0 2026-08-13 11:38:44
 2  0  54528 181628   1264 2173144    0    8 22801    52 3070 1934 19  6 47 27  0 2026-08-13 11:38:54
 2  0  54528 162008   1048 2199720    0    6 19075    54 2964 1756 20  7 47 26  0 2026-08-13 11:39:04
 0  1  54528 136624    632 2217256    0    0 27483     5 3046 1949 14  7 47 31  0 2026-08-13 11:39:14
 0  1  54528 163896    776 2200616    0    0 20585    16 2954 1807 20  6 47 26  0 2026-08-13 11:39:24
 1  0  54528 108892    784 2250088    0    0 21581    11 2697 1752 20  6 48 26  0 2026-08-13 11:39:34
 1  0  54528 137972    680 2230324    0    0 25400    31 3154 2113 17  7 47 29  0 2026-08-13 11:39:44
 1  0  54528 110860    688 2247820    0    0 17959    10 2624 1579 20  6 48 25  0 2026-08-13 11:39:54
 1  0  54528 146204    728 2213440    0    0 18437    38 2774 1687 15  6 47 30  1 2026-08-13 11:40:04
 1  0  54528 157244    736 2202744    0    0 20383    10 2924 1919 16  7 47 29  1 2026-08-13 11:40:14
 1  0  54528 114888    744 2231836    0    0 18985    10 2778 1661 21  6 48 25  0 2026-08-13 11:40:24
 0  1  54528 130264    768 2220196    1    0 26207    24 3132 1955 17  6 48 29  0 2026-08-13 11:40:34
 1  0  54528 141708    776 2208840    1    0 19676    11 2950 1721 20  6 48 26  0 2026-08-13 11:40:44
procs -----------memory---------- ---swap-- -----io---- -system-- ------cpu----- -----timestamp-----
 r  b   swpd   free   buff  cache   si   so    bi    bo   in   cs us sy id wa st                 UTC
 0  1  54528 134468    792 2217700    4    0 22674    25 2959 1836 20  6 47 27  0 2026-08-13 11:40:54
 1  0  54528 116916    832 2232504    0    0 22469    31 2942 1868 19  6 48 28  0 2026-08-13 11:41:04
 0  1  54528 148768    840 2195184    0    0 17719    15 2790 1593 21  6 48 25  1 2026-08-13 11:41:14
 1  0  54528 109500    848 2229556    0    0 24988    11 3162 2136 17  7 47 29  0 2026-08-13 11:41:24
 1  0  54528 129016    864 2213416    0    0 19471    32 2922 1755 21  6 48 25  0 2026-08-13 11:41:34
 1  0  54528 624576    880 1706400    0    0 19693    23 2928 1916 21 14 41 24  0 2026-08-13 11:41:44
 1  0  54528 447700    888 1899912    0    0 19351    12 2801 1776 15  8 48 29  1 2026-08-13 11:41:54
 0  1  54528 290704    912 2054912    0    0 15497    26 2580 1434 18  8 48 24  1 2026-08-13 11:42:04
 0  1  54528 152612    928 2201032    0    0 14612    37 2363 1364 19  8 48 24  1 2026-08-13 11:42:14
 1  0  54528 135244    936 2220300    0    0 15877    15 2587 1552 17  6 47 29  1 2026-08-13 11:42:24
 1  0  54528 135964    944 2221400    0    0 14388    20 2459 1361 20  5 48 25  1 2026-08-13 11:42:34
 0  1  54528 143144    952 2213780    0    0 18672    12 2837 1695 20  6 48 26  0 2026-08-13 11:42:44
 1  0  54528 120860    960 2224848    0    0 18037    26 2920 1916 20  8 47 26  1 2026-08-13 11:42:54
 0  1  54528 106560   1000 2222776    0    0 14795    46 2621 1596 20  6 47 25  1 2026-08-13 11:43:04
 1  0  54528 104240   1016 2242112    0    0 15954    28 2541 1587 17  6 48 28  1 2026-08-13 11:43:14
 0  1  55296 123100    256 2227584    0  107 15418   116 2719 1657 20  7 47 25  1 2026-08-13 11:43:24
 1  1  55552 120208    264 2230584   10   47 16226    60 2632 1527 20  6 48 26  1 2026-08-13 11:43:34
 2  0  55552 120352    288 2230428    0    0 16415    25 2838 1791 19  7 47 26  1 2026-08-13 11:43:44
 1  0  56832 150284    296 2199840    0  128 15948   144 2673 1626 20  7 47 25  1 2026-08-13 11:43:54
 1  0 112128 112872    464 2276436    6 5527 17781  5563 3567 1924 19  8 45 28  1 2026-08-13 11:44:04
 0  1 112128 138440    464 2261768    0    0 18396    19 3030 2019 21  8 46 24  0 2026-08-13 11:44:14
procs -----------memory---------- ---swap-- -----io---- -system-- ------cpu----- -----timestamp-----
 r  b   swpd   free   buff  cache   si   so    bi    bo   in   cs us sy id wa st                 UTC
 2  0 112128 161868    360 2241428    1    0 20032     7 2681 1801 21  6 47 25  0 2026-08-13 11:44:24
 1  0 112128 132620    376 2265948    1    0 18632    26 3016 2000 20  7 47 25  0 2026-08-13 11:44:34
 1  0 112128 112812    384 2288844    0    0 18109    10 2786 1739 22  6 48 24  0 2026-08-13 11:44:44
 0  1 112128 140224    392 2256820    0    0 18586    35 3396 2278 21  8 46 25  0 2026-08-13 11:44:54
 1  0 112128 118872    432 2271632    0    0 17439    33 2895 1700 22  6 47 25  0 2026-08-13 11:45:04
 0  1 112128 132596    440 2255028    0    0 14746    14 2763 1786 17  7 47 28  1 2026-08-13 11:45:14
 1  0 112128 156336    448 2238016    0    0 14202    22 2457 1386 20  6 48 26  1 2026-08-13 11:45:24
 0  1 112128 156272    456 2233904    0    0 15963    12 2991 2026 20  8 46 25  1 2026-08-13 11:45:34
 1  0 112128 143348    464 2246472    0    0 17256     9 2974 1894 21  7 47 25  0 2026-08-13 11:45:44
 2  0 112128 126964    488 2257792    0    0 17393    18 2734 1658 22  6 47 24  0 2026-08-13 11:45:54
 1  0 112128 143468    520 2248680    0    0 15364    56 2921 1850 19  7 47 27  1 2026-08-13 11:46:04
 0  1 112128 112696    528 2276368    0    0 13387    11 2364 1287 20  5 48 26  1 2026-08-13 11:46:14
 2  0 112128 117352    536 2267856    0    0 15638    10 2828 1828 20  7 47 26  1 2026-08-13 11:46:24
 1  0 112128 117864    544 2268088    0    0 16162    15 3074 2062 21  8 46 24  1 2026-08-13 11:46:34
 2  0 112128 120892    564 2273468    0    0 16994    12 2896 1827 21  7 47 25  0 2026-08-13 11:46:44
 0  1 112128 107320    580 2278008    0    0 16448    14 2991 1916 21  7 47 25  0 2026-08-13 11:46:54
 0  1 112128 121344    604 2270756    0    0 15625    30 2508 1505 21  6 48 25  1 2026-08-13 11:47:04
 0  1 112128 125292    612 2259916    0    0 15162    18 3187 2060 19  8 46 26  1 2026-08-13 11:47:14
 0  1 112128 135380    620 2252436    3    0 15509    12 2686 1612 21  6 47 24  1 2026-08-13 11:47:24
 0  1 112128 136744    628 2243028    0    0 15459    12 3015 1893 20  7 47 25  1 2026-08-13 11:47:34
 1  0 112128 149944    636 2231952    0    0 15142    12 2598 1610 22  6 47 24  0 2026-08-13 11:47:44
procs -----------memory---------- ---swap-- -----io---- -system-- ------cpu----- -----timestamp-----
 r  b   swpd   free   buff  cache   si   so    bi    bo   in   cs us sy id wa st                 UTC
 1  0 112128 106536    652 2275460    0    0 15405    24 2559 1559 22  6 48 24  1 2026-08-13 11:47:54
 1  0 112128 125712    676 2252236    0    0 13919    24 2733 1653 20  7 47 26  1 2026-08-13 11:48:04
 0  1 112128 138720    684 2237380    0    0 15104    13 2497 1462 21  6 48 24  1 2026-08-13 11:48:14
 0  1 112128 145760    700 2232048    3    0 15771    41 3537 2560 21 10 44 24  1 2026-08-13 11:48:24
 0  1 112128 141204    708 2231292    0    0 16426    10 2639 1588 21  6 48 24  0 2026-08-13 11:48:34
 1  0 112128 152644    724 2224800    0    0 15836    26 3184 2211 21  8 46 25  0 2026-08-13 11:48:44
 0  1 112128 158944    732 2230856    0    0 17021    14 3013 1929 21  7 47 24  0 2026-08-13 11:48:54
 1  0 112128 103268    788 2273052    0    0 15313    38 2783 1774 21  7 47 25  1 2026-08-13 11:49:04
 1  0 112128 134948    796 2254612    1    0 13514     2 2861 1731 20  7 47 26  1 2026-08-13 11:49:14
 0  1 112128 148888    812 2247188    0    0 14490     9 2483 1417 21  6 48 25  1 2026-08-13 11:49:24
 1  0 112128 144808    820 2248128    0    0 14426    19 3088 2086 20  8 46 25  1 2026-08-13 11:49:34
 2  0 112128 135852    836 2259384    0    0 14895    22 2551 1449 21  6 48 25  1 2026-08-13 11:49:44
 1  0 112128 125408    844 2264264    0    0 13980    23 2609 1589 20  6 47 25  1 2026-08-13 11:49:54
 0  1 112128 124212    876 2273660    0    0 13116    41 2832 1774 20  7 46 25  1 2026-08-13 11:50:04
 0  1 112128 147704    880 2255128    0    0 14332    14 2675 1559 21  7 47 25  1 2026-08-13 11:50:14
 0  1 112128 125208    888 2271640    0    0 15052    10 2923 2017 21  8 46 24  0 2026-08-13 11:50:24
 1  0 112128 119644    896 2276388    0    0 15473    11 2720 1670 22  7 47 24  1 2026-08-13 11:50:34
 1  0 112128 119000    912 2273784    0    0 12822    31 2780 1682 19  7 47 27  1 2026-08-13 11:50:44
 0  1 112128 101296    920 2292096    0    0 15090     6 2854 1674 20  7 47 25  1 2026-08-13 11:50:54
 1  0 112640 114900    224 2277964    0   90 15776   114 2678 1786 22  7 47 24  0 2026-08-13 11:51:04
 1  0 113152 115948    232 2284988    0   48 13597    63 3062 1920 21  8 46 24  1 2026-08-13 11:51:14
procs -----------memory---------- ---swap-- -----io---- -system-- ------cpu----- -----timestamp-----
 r  b   swpd   free   buff  cache   si   so    bi    bo   in   cs us sy id wa st                 UTC
 0  1 119040 105392    220 2285492    6  584 15680   596 2756 1605 21  7 47 24  1 2026-08-13 11:51:24
 1  0 119040 133920    228 2262700    0    0 14176    11 3027 1989 21  8 46 24  1 2026-08-13 11:51:34
 2  0 119040 133696    236 2255648    0    0 15746    12 2945 1789 21  7 47 24  1 2026-08-13 11:51:44
 0  1 119040 645128    244 1686444    7    0 13767    11 3292 2239 22 16 39 23  0 2026-08-13 11:51:54
 1  0 119040 547212    284 1844972    1    0 15846    32 2703 1553 18  7 47 26  1 2026-08-13 11:52:04
 1  0 119040 394248    292 2000708    0    0 15574    25 2611 1466 18  8 48 25  1 2026-08-13 11:52:14
 0  1 119040 250356    300 2146380    0    0 14569    12 2831 1639 19  9 47 25  1 2026-08-13 11:52:24
 1  0 118784 117660    308 2272760  143    0 17590    19 2933 1719 21  7 46 25  1 2026-08-13 11:52:34
 1  0 118784 115808    316 2278008    0    0 16646    12 2712 1643 21  6 48 25  1 2026-08-13 11:52:44
 1  0 118784 153184    324 2234744    0    0 16634    13 2784 1806 22  7 47 24  0 2026-08-13 11:52:54
 1  0 118784 138016    348 2244460    0    0 17347    26 2724 1578 22  6 48 25  1 2026-08-13 11:53:04
 1  0 118784 159248    356 2235508    0    0 15072    18 2927 1806 22  7 46 24  1 2026-08-13 11:53:14
 0  1 118784 117708    372 2281040    3    0 15381    34 2527 1464 21  6 48 24  1 2026-08-13 11:53:24
 1  0 118784 137892    384 2267632    0    0 14571    20 2854 1797 23  7 46 23  1 2026-08-13 11:53:34
 1  0 118784 132108    392 2273748    1    0 16484    14 2670 1546 21  6 48 24  0 2026-08-13 11:53:44
 0  1 118528 128464    400 2279640    0    0 14788    13 2982 1993 23  8 46 23  0 2026-08-13 11:53:54
 1  0 118528 128308    432 2278384    0    0 16828    43 3020 1938 22  8 46 24  0 2026-08-13 11:54:04
 1  0 118528 118820    440 2285272    0    0 15975    10 2793 1789 22  7 47 23  0 2026-08-13 11:54:14
 0  1 118528 130056    456 2265912    0    0 16417    23 2942 1745 22  7 47 24  0 2026-08-13 11:54:24
 1  0 118272 102020    464 2295940    0    0 16441     7 2919 1738 22  7 47 24  0 2026-08-13 11:54:34
 1  1 118272 127252    468 2263944    4    0 16337    19 3383 2245 21 10 45 24  0 2026-08-13 11:54:44
procs -----------memory---------- ---swap-- -----io---- -system-- ------cpu----- -----timestamp-----
 r  b   swpd   free   buff  cache   si   so    bi    bo   in   cs us sy id wa st                 UTC
 1  0 118272 114712    616 2280636    1    0 19603    18 2792 1666 21  6 47 25  0 2026-08-13 11:54:54
 0  1 118272 121484    324 2269944    4   12 14699    58 3073 2052 22  8 45 24  1 2026-08-13 11:55:04
 1  0 118272 147152    324 2246136    0   17 14264    27 2528 1408 20  6 47 25  1 2026-08-13 11:55:14
 0  1 118272 104240    332 2291080    0    0 14716    27 3002 1949 22  8 46 24  1 2026-08-13 11:55:24
 1  0 118272 129516    348 2263116    0    0 16447    15 2842 1744 21  8 47 24  0 2026-08-13 11:55:34
 0  1 118272 111044    496 2274880    0    0 15042    13 2896 1931 21  8 46 24  1 2026-08-13 11:55:44
 1  0 118528 154680    396 2223396    2   13 14803    24 2989 1891 20 10 44 25  1 2026-08-13 11:55:54
 1  0 118528 155888    428 2218248    0    0 15906    33 2615 1460 20  6 48 26  1 2026-08-13 11:56:04
 1  0 118528 142320    436 2250484    0    0 13822    27 2945 1964 21  8 46 24  1 2026-08-13 11:56:14
 0  1 118528 131756    444 2259392    0    0 17499    14 2876 1749 21  7 47 25  0 2026-08-13 11:56:24
 1  0 118528 148456    460 2246136    0    0 15106    17 3045 2011 22  8 46 23  1 2026-08-13 11:56:34
 0  1 118528 137984    468 2259080    1    0 17930    10 2758 1844 22  7 47 24  0 2026-08-13 11:56:44
 1  0 118528 139784    476 2251364    0    0 15709    16 3064 1921 23  7 47 23  0 2026-08-13 11:56:54
 1  0 118528 140976    500 2257472    0    0 17343    44 2919 1774 21  7 47 24  0 2026-08-13 11:57:04
 0  1 118528 138748    508 2256572    0    0 11066    22 2459 1418 20  6 47 25  2 2026-08-13 11:57:14
 1  0 118528 132044    516 2267524    0    0 12070    12 2677 1677 21  7 46 24  2 2026-08-13 11:57:24
 1  0 118528 101056    540 2294596    0    0 13735    24 2645 1500 20  6 47 25  1 2026-08-13 11:57:34
 1  0 118528 120188    548 2266628    0    0 13606    12 2967 1915 22  8 46 23  1 2026-08-13 11:57:44
 1  0 118528 115880    556 2262244    0    0 15888    36 2695 1596 21  7 47 24  1 2026-08-13 11:57:54
 1  0 118528 153104    580 2247668    0    0 13993    33 3068 1894 22  8 46 23  1 2026-08-13 11:58:04
 0  1 118528 131120    588 2267308    1    0 17062    14 2865 1745 22  7 47 24  0 2026-08-13 11:58:14
procs -----------memory---------- ---swap-- -----io---- -system-- ------cpu----- -----timestamp-----
 r  b   swpd   free   buff  cache   si   so    bi    bo   in   cs us sy id wa st                 UTC
 1  0 118528 103508    596 2286304    0    0 15058    25 3011 1853 22  7 46 24  0 2026-08-13 11:58:24
 1  0 118528 115824    612 2282956    0    0 16606    20 2828 1692 22  7 47 24  0 2026-08-13 11:58:34
 0  1 118528 135572    620 2260904    0    0 16637    30 3031 1861 22  7 47 24  0 2026-08-13 11:58:44
 1  0 118528 120308    624 2278892    0    0 16466    13 2877 1743 22  7 47 24  0 2026-08-13 11:58:54
 1  0 118528 122756    784 2274092    2    0 17152    31 2843 1740 22  7 47 25  0 2026-08-13 11:59:04
 1  0 118528 109892    508 2288632    0   16 15883    26 2981 1830 22  8 46 23  0 2026-08-13 11:59:14
 0  1 118528 114924    516 2252360    0    2 17974     8 2711 1683 21  7 47 25  0 2026-08-13 11:59:24
 1  0 118528 143868    524 2250864    0    0 14726    16 3440 2304 22  9 45 23  0 2026-08-13 11:59:34
 1  0 118528 112216    536 2278168    0    0 17422    18 2776 1588 21  6 48 25  0 2026-08-13 11:59:44
 0  1 118784 150572    432 2229852    0    9 14819    19 3203 2108 21  9 45 24  0 2026-08-13 11:59:54
 1  0 118784 104504    604 2277820    3    0 15850    54 2805 1736 21  7 47 24  1 2026-08-13 12:00:04
 0  1 118784 148728    512 2247700    0    0 13536    15 2958 1833 21  7 46 24  1 2026-08-13 12:00:14
 1  0 118784 138180    520 2250608    0    0 16898    17 2961 1829 22  7 47 24  0 2026-08-13 12:00:24
 0  1 118784 152232    528 2236624    0    0 15288     9 2807 1772 22  7 47 24  0 2026-08-13 12:00:34
 0  1 118784 120900    544 2275836    1    0 14960    29 2847 1741 22  7 47 24  1 2026-08-13 12:00:44
 0  1 118784 114260    552 2274300    2    0 16610    11 2855 1648 22  6 47 25  0 2026-08-13 12:00:54
 2  0 118784 140372    584 2254908    0    0 14764    41 3380 2338 22 10 45 23  1 2026-08-13 12:01:04
 1  0 118784 146188    592 2242788    0    0 15239    15 2537 1448 21  6 48 25  1 2026-08-13 12:01:14
 0  1 118784 135412    600 2259144    0    0 12410    13 2785 1762 20  7 46 25  1 2026-08-13 12:01:24
 1  0 118784 142096    608 2241120    0    0 14458    32 2494 1384 20  6 48 25  1 2026-08-13 12:01:34
 1  0 118784 123576    616 2276440    0    0 14293    14 2872 1783 21  7 47 25  1 2026-08-13 12:01:44
procs -----------memory---------- ---swap-- -----io---- -system-- ------cpu----- -----timestamp-----
 r  b   swpd   free   buff  cache   si   so    bi    bo   in   cs us sy id wa st                 UTC
 1  0 118784 111852    624 2273208    0    0 15184    12 2703 1626 21  7 47 25  1 2026-08-13 12:01:54
 1  0 119040 687252    348 1654828    0   92 13992   134 2680 1593 22 13 41 23  1 2026-08-13 12:02:04
 0  1 119040 596364    356 1784928    0    0 13010    13 2674 1624 16  8 48 27  1 2026-08-13 12:02:14
 0  1 119040 438360    364 1947760    1    0 16310    21 2948 1833 18 11 46 24  1 2026-08-13 12:02:24
 1  0 119040 268764    372 2118256    0    0 17048    13 2599 1541 19  9 48 24  0 2026-08-13 12:02:34
 0  1 119040 111776    380 2270568    0    0 15237    15 3017 1939 21  8 47 24  0 2026-08-13 12:02:44
 0  1 119296 136484    388 2255956    0   25 17933    38 2618 1576 21  6 48 25  0 2026-08-13 12:02:54
 1  0 122880 111676    420 2270192    6  384 16182   421 3203 2055 21  8 46 24  0 2026-08-13 12:03:04
 1  0 122880 121740    436 2277632    1    0 16917    36 2752 1530 21  6 47 25  0 2026-08-13 12:03:14
 1  0 122880 143500    444 2256220    5    0 14394    10 2758 1803 21  8 47 23  1 2026-08-13 12:03:24
 1  0 122880 136232    452 2259984    2    0 16832    13 2716 1639 22  6 47 24  0 2026-08-13 12:03:34
 0  1 122880 137056    468 2255036    4    0 16200    24 3200 2156 22  9 46 23  0 2026-08-13 12:03:44
 0  1 120064 133084    476 2248472  282    0 16154    13 2911 1748 22  7 46 24  1 2026-08-13 12:03:54
 1  0 119808 152660    524 2244764   37    0 16395    47 2791 1706 22  7 46 25  1 2026-08-13 12:04:04
 1  0 119808 131144    532 2268516    1    0 13322     9 2567 1611 22  7 47 23  1 2026-08-13 12:04:14
 1  1 119808 151088    540 2243328    0    0 13968     7 2595 1490 21  6 47 25  1 2026-08-13 12:04:24
 0  1 119808 132196    548 2257420    1    0 12158    16 2776 1857 21  8 46 24  1 2026-08-13 12:04:34
 0  1 119808 137588    548 2249896    0    0 14554    10 2551 1550 21  6 47 24  1 2026-08-13 12:04:44
 2  0 119808 116064    556 2280388    0    0 13442    14 2421 1291 20  5 48 26  2 2026-08-13 12:04:54
 0  1 119296 126268    656 2263248  145    0 11102    28 2599 1662 20  7 43 26  4 2026-08-13 12:05:04
 1  0 119296 108696    676 2281304    0    0 13019    22 2250 1260 20  5 47 25  2 2026-08-13 12:05:14
procs -----------memory---------- ---swap-- -----io---- -system-- ------cpu----- -----timestamp-----
 r  b   swpd   free   buff  cache   si   so    bi    bo   in   cs us sy id wa st                 UTC
 0  1 119296 116744    688 2275352    0    0 13357     9 2386 1265 19  5 48 26  2 2026-08-13 12:05:24
 2  0 119296 106612    756 2285572    4    0 13847    63 2956 1914 20  8 45 25  1 2026-08-13 12:05:34
 0  1 119296 111760    764 2276968    0    0 15635     6 2683 1540 20  7 47 25  1 2026-08-13 12:05:44
 0  1 119296 131092    772 2262232    2    0 13675    10 2846 1711 21  7 46 25  1 2026-08-13 12:05:54
 1  0 119808 161472    500 2234768    0   50 14153    85 2729 1530 21  7 46 24  1 2026-08-13 12:06:04
 1  0 120064 107464    232 2285892    0   50 14944    60 2528 1372 20  6 48 25  1 2026-08-13 12:06:14
 1  0 120320 117888    248 2277616    2   33 14295    49 2995 1960 22  8 46 23  1 2026-08-13 12:06:24
 1  0 120832 124368    256 2261188    1   51 17072    73 2695 1675 21  7 47 25  0 2026-08-13 12:06:34
 0  1 121344 126056    272 2268272    1   46 13970    66 2752 1686 22  7 47 24  1 2026-08-13 12:06:44
 0  1 121600 133256    268 2260172    0   33 15418    44 2738 1593 20  7 47 25  1 2026-08-13 12:06:54
 1  0 121600 137152    292 2253248    0    0 16035    25 2695 1644 22  6 47 24  1 2026-08-13 12:07:04
 0  1 121600 150740    300 2240020    1    0 14877    19 2870 1805 22  8 46 24  1 2026-08-13 12:07:14
 0  1 121600 126568    308 2268744   10    0 14042    26 2506 1351 20  6 47 26  1 2026-08-13 12:07:24
 1  0 121600 153020    316 2247980    0    0 14393    14 3194 2098 23  9 45 23  1 2026-08-13 12:07:34
 1  0 121600 155956    324 2238788    2    0 15757    14 2675 1471 21  6 47 25  1 2026-08-13 12:07:44
 0  1 121600 127668    336 2269412    1    0 14044    14 2780 1772 22  7 46 24  1 2026-08-13 12:07:54
 1  0 121600 122304    376 2275900    0    0 16493    49 2628 1507 21  6 48 25  1 2026-08-13 12:08:04
 0  1 121600 116740    384 2262436    0    0 14671    13 2635 1569 21  6 47 25  1 2026-08-13 12:08:14
 1  0 121600 125276    392 2249348    0    0 14245    21 3102 2038 20  9 45 24  1 2026-08-13 12:08:24
 0  1 121600 117516    400 2271956    1    0 17129    17 2824 1706 20  7 47 25  1 2026-08-13 12:08:34
 0  1 121600 118952    408 2277332    0    0 15055    14 2938 1930 22  8 46 24  1 2026-08-13 12:08:44
procs -----------memory---------- ---swap-- -----io---- -system-- ------cpu----- -----timestamp-----
 r  b   swpd   free   buff  cache   si   so    bi    bo   in   cs us sy id wa st                 UTC
 0  1 121600 108316    424 2288108    0    0 17156    33 2573 1651 21  7 47 24  1 2026-08-13 12:08:54
 0  1 121600 111540    496 2284848    0    0 15658    34 3165 2069 21  8 46 24  0 2026-08-13 12:09:04
 1  0 121600 108292    504 2290696    3    0 16508     2 2636 1471 21  6 48 25  1 2026-08-13 12:09:14
 1  0 121344 116604    512 2280188   26    0 14668    12 2847 1785 20  8 46 25  1 2026-08-13 12:09:24
 0  1 121344 142032    520 2256668    0    0 15005    30 2892 1916 21  8 46 24  1 2026-08-13 12:09:34
 0  1 121600 105696    244 2294576    0    6 16345    36 2628 1676 21  7 47 24  1 2026-08-13 12:09:44
 0  1 121600 105904    248 2293188    0    4 14771    14 3024 2010 22  8 46 24  1 2026-08-13 12:09:54
 1  0 121600 143128    416 2255352    6    4 15730    43 2576 1471 20  6 47 25  1 2026-08-13 12:10:04
 0  1 121600 146032    424 2255556    0    0 14359     9 2729 1692 22  7 47 24  1 2026-08-13 12:10:14
 0  1 121600 114212    432 2279112    0    0 15444     9 2624 1427 20  6 48 25  1 2026-08-13 12:10:24
 1  0 121856 149240    432 2250616    0   12 17377    30 2844 1579 21  6 47 25  0 2026-08-13 12:10:34
 1  0 121856 156872    440 2240860    0    0 15332    10 2858 1843 22  7 47 24  1 2026-08-13 12:10:44
 0  1 121856 146324    456 2251636    2    0 17787    10 2809 1598 21  7 46 25  1 2026-08-13 12:10:54
 1  0 121856 153672    496 2224068    2    0 13678    30 3059 2017 22  9 45 23  1 2026-08-13 12:11:04
 0  0 121856  99536    504 2270272    0    0 15489    11 2862 1712 21  7 46 25  1 2026-08-13 12:11:14
 0  1 121856 125500    512 2246600    0    0 13555    18 2998 2040 20  9 46 25  1 2026-08-13 12:11:24
 1  0 121856 116108    520 2260716    0    0 16813    26 2691 1551 22  6 47 25  1 2026-08-13 12:11:34
 0  1 121856 138404    528 2243576    0    0  8473    14 1581  938 13  4 48 34  1 2026-08-13 12:11:44
 1  0 121856 145128    536 2238048    0    0 13732    11 2845 1766 20  7 47 25  1 2026-08-13 12:11:54
 0  1 121856 106260    568 2275188    0    0 12442    28 2176 1172 19  5 47 26  2 2026-08-13 12:12:04
 1  0 122112 681868    356 1663588    0   65 10903    90 2350 1300 20 12 41 24  3 2026-08-13 12:12:14
procs -----------memory---------- ---swap-- -----io---- -system-- ------cpu----- -----timestamp-----
 r  b   swpd   free   buff  cache   si   so    bi    bo   in   cs us sy id wa st                 UTC
 0  1 122112 584848    364 1791812    0    0 12824    12 2370 1331 16  8 48 27  2 2026-08-13 12:12:24
 1  0 122112 443684    372 1936000    0    0 14420    18 2558 1505 17  9 47 26  1 2026-08-13 12:12:34
 1  0 122112 280136    396 2094152    1    0 15812    41 2541 1439 18  9 48 24  1 2026-08-13 12:12:44
 1  0 122112 136496    404 2238384    1    0 14424    14 2579 1503 19  7 47 25  1 2026-08-13 12:12:54
 1  0 122112 107360    428 2264336    1   17 12498    58 2481 1553 19  7 47 27  1 2026-08-13 12:13:04
 2  0 122112 143992    436 2237636    0    0 17196    12 2582 1541 21  6 48 25  1 2026-08-13 12:13:14
 1  0 122112 129276    444 2260868    0    7 13081    40 2759 1711 21  7 46 25  1 2026-08-13 12:13:24
 1  0 122112 120716    448 2271552    0    0 16762    14 2830 1612 21  6 47 25  1 2026-08-13 12:13:34
 1  0 122112 125500    464 2265984    1    0 16130    16 2723 1636 22  6 47 24  1 2026-08-13 12:13:44
 0  1 122112 120216    472 2265220    1    0 15530    14 2827 1702 22  7 46 24  1 2026-08-13 12:13:54
 0  1 122112 131304    524 2254852    1    0 15689    61 2809 1683 20  7 46 25  1 2026-08-13 12:14:04
 1  0 122112 144024    532 2241220    0    0 14971     2 3329 2219 22 10 45 22  1 2026-08-13 12:14:14
 0  1 122112 152776    540 2232436    0    0 15913     7 2606 1477 21  6 48 25  1 2026-08-13 12:14:24
 1  0 122112 117952    548 2269648    0    0 14596    13 3031 1953 22  8 46 23  1 2026-08-13 12:14:34
 1  0 122112 113348    556 2270736    0    0 16629     9 2603 1533 21  6 48 25  1 2026-08-13 12:14:44
 1  0 122112 141652    564 2245040    0    0 13621    22 2957 1838 22  8 46 24  1 2026-08-13 12:14:54
 1  0 122112 101972    588 2280788    0    0 14072    37 2604 1545 21  6 47 25  2 2026-08-13 12:15:04
 0  1 121600 118264    724 2265004  159    0 14177    17 2298 1332 19  6 46 27  2 2026-08-13 12:15:14
 1  0 121600 143028    732 2242008    4    0 11576    39 2679 1661 21  7 46 24  2 2026-08-13 12:15:24
 0  1 121600 104512    748 2283152    0    0 16185    12 2515 1431 20  6 48 25  1 2026-08-13 12:15:34
 0  1 121600 104848    756 2272256    0    0 13215    22 2373 1284 19  6 47 26  2 2026-08-13 12:15:44
procs -----------memory---------- ---swap-- -----io---- -system-- ------cpu----- -----timestamp-----
 r  b   swpd   free   buff  cache   si   so    bi    bo   in   cs us sy id wa st                 UTC
 0  1 121600 113456    764 2277596    0    0 13427    16 2671 1697 20  8 46 25  1 2026-08-13 12:15:54
 0  1 121600 117084    820 2262228    0    0 14390    46 2440 1345 19  6 47 26  1 2026-08-13 12:16:04
 1  0 121600 113524    836 2274884    0    0 12799    20 2399 1443 20  6 47 25  2 2026-08-13 12:16:14
 0  1 121600 125108    844 2267604    0    0 12431    15 2727 1680 21  7 46 24  1 2026-08-13 12:16:24
 1  0 121856 113948    228 2252368    0    4 15237    26 2563 1378 21  6 47 25  1 2026-08-13 12:16:34
 0  1 121600 151836    236 2235984    0    3 13608    14 2755 1577 21  7 47 25  1 2026-08-13 12:16:44
 1  0 121600 136340    244 2254416    1    0 15407    12 2753 1642 21  7 47 24  1 2026-08-13 12:16:54
 0  1 121856 140780    412 2250324   13    5 14135    34 2358 1341 20  6 47 25  2 2026-08-13 12:17:04
 0  1 121856 110396    420 2275920    0    0 10959    23 2585 1506 20  7 46 24  2 2026-08-13 12:17:14
 0  1 121856 144776    428 2219836    0    4 11535    42 2039 1147 19  6 47 26  2 2026-08-13 12:17:24
 1  0 121856 110036    436 2252708    0    0 14314    12 2384 1342 19  5 48 26  1 2026-08-13 12:17:34
 1  0 121856 150808    444 2216964    0    0 12445    12 2875 1832 21  8 45 24  1 2026-08-13 12:17:44
 1  0 121856 102220    452 2259752    2    0 15358    22 2439 1451 20  6 48 25  1 2026-08-13 12:17:54
 0  1 121856 142240    476 2219584    0    0 12665    27 2447 1436 20  6 47 25  2 2026-08-13 12:18:04
 1  0 121856 126752    484 2230148    0    0 11851    27 2520 1437 20  6 46 25  2 2026-08-13 12:18:14
 1  0 121856 102300    500 2250948    0    0 13132    29 2243 1293 19  6 48 26  2 2026-08-13 12:18:24
 1  0 121856 104948    508 2278204    1    0 13855    21 2886 1828 22  8 46 23  1 2026-08-13 12:18:34
 0  1 121856 156184    524 2222496    0    0 16439    20 2823 1581 21  6 47 25  0 2026-08-13 12:18:44
 0  0 121856 114836    532 2264124    0    0 15238    10 2661 1588 22  6 47 24  1 2026-08-13 12:18:54
 1  0 121856 128124    600 2264624    0    0 15423    51 3011 1914 22  8 46 24  1 2026-08-13 12:19:04
 1  0 121600 102300    608 2275072   28    0 16480    12 2812 1697 21  7 47 25  1 2026-08-13 12:19:14
procs -----------memory---------- ---swap-- -----io---- -system-- ------cpu----- -----timestamp-----
 r  b   swpd   free   buff  cache   si   so    bi    bo   in   cs us sy id wa st                 UTC
 1  0 121600 118772    616 2260968    0    0 13258     7 2784 1727 21  7 46 25  1 2026-08-13 12:19:24
 0  1 121600 145092    624 2232952    0    0 15679    18 2486 1432 20  6 48 25  1 2026-08-13 12:19:34
 1  0 121600 100480    636 2277088    0    0 13498    11 2820 1792 21  7 47 24  1 2026-08-13 12:19:44
 1  0 121600 129464    644 2253192    0    0 15556    10 2568 1433 20  6 48 25  1 2026-08-13 12:19:54
 1  0 121600 113040    668 2277088    0    0 13302    23 2265 1224 19  5 47 26  2 2026-08-13 12:20:04
 0  1 121600 115764    676 2268472    0    0 11502     9 2599 1674 20  7 46 25  2 2026-08-13 12:20:14
 1  0 121600 134724    692 2256112    1    0 13690    32 2610 1536 20  7 46 25  2 2026-08-13 12:20:24
 1  0 121600 138684    708 2252304    0    0 14672    38 2485 1367 20  6 47 26  1 2026-08-13 12:20:34
 1  0 121600 111412    376 2271544    0    1 13517    12 2951 1848 21  8 46 24  1 2026-08-13 12:20:44
 2  0 121600 146380    388 2241312    2    2 16680    15 2654 1514 20  6 47 26  1 2026-08-13 12:20:54
 1  0 121600 107304    420 2280584    0    0 13944    28 2977 1962 21  8 46 24  1 2026-08-13 12:21:04
 0  1 121600 133168    460 2251788    0    0 15676    41 2706 1563 20  7 47 25  1 2026-08-13 12:21:14
 0  1 121344 125560    468 2260076    4    0 14783     8 2897 1878 21  8 46 24  1 2026-08-13 12:21:24
 0  1 125696 121792    468 2269636    0  449 15410   476 2998 1883 22  8 46 24  0 2026-08-13 12:21:34
 1  0 125696 134156    476 2252984    0    0 15095    11 2497 1404 20  6 48 25  1 2026-08-13 12:21:44
 1  0 125696 124548    484 2264636    0    0 12063    11 2699 1766 21  8 46 24  1 2026-08-13 12:21:54
 2  0 125696 138468    508 2246132    0    0 14887    26 2548 1424 21  6 48 25  1 2026-08-13 12:22:04
 1  0 125696 115824    516 2269988    0    0 13588    19 2748 1680 21  7 46 24  1 2026-08-13 12:22:14
 0  1 125696 658000    520 1639548    0    0 12984    12 3148 1965 23 20 34 21  1 2026-08-13 12:22:24
 0  1 125440 542872    528 1830128  168    0 19226    11 2832 1689 19  8 46 27  0 2026-08-13 12:22:34
 1  0 125440 367024    536 2003228    0    0 17292    15 2520 1639 16  7 48 28  1 2026-08-13 12:22:44
procs -----------memory---------- ---swap-- -----io---- -system-- ------cpu----- -----timestamp-----
 r  b   swpd   free   buff  cache   si   so    bi    bo   in   cs us sy id wa st                 UTC
 1  0 125440 206312    544 2164900    0    0 16168    41 2537 1539 18  7 48 27  1 2026-08-13 12:22:54
 1  0 125440 105040    568 2277288    0    0 15770    26 2778 1739 19  8 46 25  1 2026-08-13 12:23:04
 1  0 125440 138108    576 2242204    0    0 16477    20 3080 2026 20  8 46 25  1 2026-08-13 12:23:14
 1  0 125440 128380    584 2248952    0    0 15771    12 2683 1581 20  7 47 25  1 2026-08-13 12:23:24
 1  0 125440 150696    592 2227200    0    0 16922    12 2823 1753 20  7 47 25  0 2026-08-13 12:23:34
 0  1 125440 113456    600 2262444    0    0 16393    13 2980 2010 21  8 46 24  1 2026-08-13 12:23:44
 0  1 125440 113940    608 2263596    0    0 16857    20 2582 1508 20  6 48 25  1 2026-08-13 12:23:54
 0  1 125440 121284    772 2267600    0    0 14614    32 3100 2019 22  8 46 24  1 2026-08-13 12:24:04
 2  0 125440 137360    784 2249272    0    0 16670    19 2752 1596 20  6 47 25  1 2026-08-13 12:24:14
 0  1 125440 135976    804 2252540    0    0 14560    10 2785 1636 20  6 47 26  1 2026-08-13 12:24:24
 3  0 125440 158124    812 2227788    0    0 16451    24 2731 1548 21  6 47 25  1 2026-08-13 12:24:34
 2  0 125440 117144    820 2266752    0    0 17482    23 2685 1586 21  6 48 25  0 2026-08-13 12:24:44
 1  0 125440 105044    832 2283596    0    0 14458     8 2972 1812 21  8 46 24  1 2026-08-13 12:24:54
 1  0 125696 136684    292 2250768    0   19 14427    54 2484 1315 20  5 47 26  2 2026-08-13 12:25:04
 3  3 125440 126748    408 2264476   67   10 10308    23 2262 1354 19  6 45 26  4 2026-08-13 12:25:14
 0  1 125440 105372    440 2271368    5    0 13384    40 2715 1670 21  7 44 26  2 2026-08-13 12:25:24
 0  1 125440 117272    444 2275616    0    0 14541    13 2480 1354 20  6 48 26  1 2026-08-13 12:25:34
 1  0 125696 120496    452 2270280    6   26 11899    42 2380 1370 20  5 47 26  2 2026-08-13 12:25:44
 0  1 134912 135540    452 2256896    1  917 13925   932 2623 1464 21  7 46 25  1 2026-08-13 12:25:54
 1  0 134912 122152    492 2275184    1    0 13037    47 2397 1259 19  5 47 26  2 2026-08-13 12:26:04
 0  1 134912 121944    516 2275568    0    0 11171    33 2643 1626 20  7 46 24  2 2026-08-13 12:26:14
procs -----------memory---------- ---swap-- -----io---- -system-- ------cpu----- -----timestamp-----
 r  b   swpd   free   buff  cache   si   so    bi    bo   in   cs us sy id wa st                 UTC
 1  0 134912 165112    528 2238284    1    0 12778     9 2278 1243 20  5 48 26  2 2026-08-13 12:26:24
 1  0 134912 103972    544 2286708    0    0 15921    13 2509 1458 20  6 48 25  1 2026-08-13 12:26:34
 0  1 134912 129932    556 2262192    1    0 13800    20 2901 1876 22  7 46 24  1 2026-08-13 12:26:44
 0  1 134912 148120    580 2250952    0    0 15084    19 2515 1414 20  6 48 25  1 2026-08-13 12:26:54
 2  0 134912 153424    604 2248440    4    0 14344    24 3020 1850 21  7 46 25  1 2026-08-13 12:27:04
 0  1 134912 111608    612 2280596    0    0 14788    16 2508 1374 20  5 48 25  1 2026-08-13 12:27:14
 1  0 134912 140340    620 2252772    0    0 14312    25 2522 1357 20  5 48 26  1 2026-08-13 12:27:24
 0  1 131072 117064    628 2271484  360    0 14186    13 2995 1948 20  8 46 24  1 2026-08-13 12:27:34
 1  0 131072 152224    636 2234080    0    0 16796    14 2548 1502 21  6 47 25  1 2026-08-13 12:27:44
 1  0 131072 126668    644 2265692    0    0 13456    18 3138 2012 21  8 46 24  1 2026-08-13 12:27:54
 0  1 131072 126324    672 2263628    1    0 14119    32 2554 1488 20  6 47 26  2 2026-08-13 12:28:04
 1  0 131072 107920    680 2266748    0    0 14674    26 2490 1343 19  6 48 27  1 2026-08-13 12:28:14
 0  1 131072 107008    688 2281028    0    0 10620    13 2619 1696 19  8 46 25  2 2026-08-13 12:28:24
 0  1 131072 152888    452 2237460    0    2 17730    22 2592 1538 21  6 47 25  0 2026-08-13 12:28:34
 0  1 131072 150496    160 2248400    0    6 15668    23 3073 2007 22  8 46 24  0 2026-08-13 12:28:44
 0  1 131072 139108    300 2260500    5    0 15000    13 2750 1690 20  7 46 25  1 2026-08-13 12:28:54
 1  0 131072 117624    500 2278972    1    0 15989    59 2858 1771 20  7 47 25  1 2026-08-13 12:29:04
 0  1 131072 104848    512 2278396    0    0 13452     6 2936 1899 22  8 46 23  1 2026-08-13 12:29:14
 1  0 131072 118444    520 2254664    1    0 14372    29 2397 1329 20  6 47 26  2 2026-08-13 12:29:24
 2  0 131072 128936    536 2238088    0    0 13955    10 2955 1843 20  7 46 25  1 2026-08-13 12:29:34
 1  1 126464 125360    544 2253008  470    0 15930    16 2650 1613 21  6 48 25  1 2026-08-13 12:29:44
procs -----------memory---------- ---swap-- -----io---- -system-- ------cpu----- -----timestamp-----
 r  b   swpd   free   buff  cache   si   so    bi    bo   in   cs us sy id wa st                 UTC
 1  0 126464 168804    560 2217288    0    0 15580    16 2513 1432 20  6 48 25  1 2026-08-13 12:29:54
 1  0 126464 151580    584 2233080    1    0 12273    24 2861 1879 20  8 46 24  2 2026-08-13 12:30:04
 1  0 126464 111980    592 2273604    0    0 14656     8 2636 1523 20  6 47 25  2 2026-08-13 12:30:14
 0  1 126464 121428    600 2266372    0    0 14987    34 2839 1690 20  6 47 26  1 2026-08-13 12:30:24
 1  0 126464 156756    616 2227140    0    0 16206    11 2824 1660 21  7 47 25  1 2026-08-13 12:30:34
 1  0 126464 134208    624 2250940    2    0 17004    26 2622 1544 21  5 48 25  1 2026-08-13 12:30:44
 0  1 126464 127948    636 2262980    2    0 16043    11 3003 1912 21  9 45 24  1 2026-08-13 12:30:54
 1  0 126464 134924    672 2258420    1    0 17564    36 2782 1757 21  7 47 25  1 2026-08-13 12:31:04
 0  1 124672 129116    680 2259144  188    0 14568    21 2846 1754 19  7 47 26  1 2026-08-13 12:31:14
 0  1 124672 114804    588 2274324    0    0 16094    17 2606 1434 20  6 48 26  1 2026-08-13 12:31:24
 1  0 124672 130844    588 2257600    0    0 17194    15 2905 1780 21  7 47 25  0 2026-08-13 12:31:34
 0  1 124672 115896    604 2272188    1    0 15565    36 3087 1927 21  8 46 24  1 2026-08-13 12:31:44
 1  0 124672 155364    620 2236352    0    0 15872    13 2593 1425 20  6 47 26  1 2026-08-13 12:31:54
 0  1 124672 117940    652 2275484    2    0 13510    32 2833 1788 21  7 46 24  1 2026-08-13 12:32:04
 1  0 124672 109828    660 2275856    0    0 13631    10 2177 1249 19  5 49 25  1 2026-08-13 12:32:14
 1  0 124672 155072    328 2241472    0    3 14288    16 2264 1320 19  6 50 24  1 2026-08-13 12:32:24
 5  0 135680 730800    332 1617160    0 1110  8251  1121 2379 1522 22 15 44 19  1 2026-08-13 12:32:34
 1  0 135680 622272    340 1761268    1    0 14410    12 2366 1346 17  8 50 25  0 2026-08-13 12:32:44
 1  0 135680 488592    368 1902512    0    0 14127    25 2379 1344 17  8 50 25  1 2026-08-13 12:32:54
 1  0 135680 359316    392 2026612    1    0 12404    24 2311 1431 17  8 50 25  0 2026-08-13 12:33:04
 0  1 135680 242896    400 2145640    0    0 11896    16 2155 1191 18  7 51 23  1 2026-08-13 12:33:14
procs -----------memory---------- ---swap-- -----io---- -system-- ------cpu----- -----timestamp-----
 r  b   swpd   free   buff  cache   si   so    bi    bo   in   cs us sy id wa st                 UTC
 1  0 135680 108076    408 2276148    0    0 13050    36 2186 1233 19  6 51 23  1 2026-08-13 12:33:24
 1  0 135680  99408    424 2283724    0    0 11740    19 2301 1307 20  6 50 24  1 2026-08-13 12:33:34
 0  1 135680 148248    444 2239476    0    0 11906    35 2124 1271 19  6 50 24  1 2026-08-13 12:33:44
 0  1 135680 127000    452 2260408    0    0 13164    10 2174 1247 19  5 50 24  1 2026-08-13 12:33:54
 0  1 135680 125228    484 2257188    1    0 10699    37 2343 1485 20  7 50 22  1 2026-08-13 12:34:04
 1  0 135680 109532    492 2286652    2    0 13976    13 2357 1428 19  6 51 23  1 2026-08-13 12:34:14
 1  0 135680 156348    500 2250960    0    0 13182     6 2294 1405 19  6 51 24  1 2026-08-13 12:34:24
 0  1 135680 145132    512 2258208    0    0 11699    16 2353 1526 21  7 50 22  1 2026-08-13 12:34:34
 0  1 135680 105680    524 2293512    1    0 14509    28 2372 1348 19  5 51 24  0 2026-08-13 12:34:44
 1  0 135680 147436    532 2253148    0    0 12168     8 2361 1473 19  6 51 23  1 2026-08-13 12:34:54
 1  0 135680 154572    564 2247032    1    0  9749    26 2191 1358 19  6 50 23  2 2026-08-13 12:35:04
 0  1 135680 130160    572 2265648    0    0 11740     6 2402 1488 19  7 49 24  1 2026-08-13 12:35:14
 2  0 135680 148156    580 2249316    2    0 12350    16 2177 1232 19  5 51 24  1 2026-08-13 12:35:24
 1  0 135168 115680    596 2280860   67    0 12635    10 2368 1502 19  6 48 25  1 2026-08-13 12:35:34
 0  0 135168 140860    600 2263524    0    0 13964    38 2297 1306 19  5 50 25  1 2026-08-13 12:35:44
 0  1 135168 184144    612 2199468    0    0 12712     7 2451 1678 19  8 50 23  1 2026-08-13 12:35:54
 0  1 135168 104680    644 2293692    1    0 12545    51 2561 1703 19  7 50 23  1 2026-08-13 12:36:04
 1  0 135168 106984    652 2294088    0    0 14272     7 2264 1320 20  5 50 24  1 2026-08-13 12:36:14
 0  1 135168 115076    660 2276000    0    0 12451    11 2563 1675 19  7 50 23  0 2026-08-13 12:36:24
 0  1 135168 106620    680 2288760    0    0 13333    20 2218 1279 19  5 50 25  1 2026-08-13 12:36:34
 0  1 135168 150744    688 2251748    0    0 15506    13 2307 1371 19  5 51 24  0 2026-08-13 12:36:44
procs -----------memory---------- ---swap-- -----io---- -system-- ------cpu----- -----timestamp-----
 r  b   swpd   free   buff  cache   si   so    bi    bo   in   cs us sy id wa st                 UTC
 1  0 135168 129804    696 2272520   21    0 11794    22 2644 1851 19  8 49 23  0 2026-08-13 12:36:54
 1  0 135424 117576    252 2273788    1   32 15378    61 2450 1529 19  7 50 23  0 2026-08-13 12:37:04
 0  1 135424 133936    252 2262244    0    2 13572     9 2432 1434 19  6 51 24  1 2026-08-13 12:37:14
 2  0 135424 141784    260 2264696   48    0 13536    12 2446 1565 20  7 49 24  1 2026-08-13 12:37:24
 1  0 135168 123900    408 2277976    8    0  1350    40  769  251 34  1 64  1  0 2026-08-13 12:37:34
 1  0 135168 116116    416 2283708    0    0   573    14  713  217 33  1 65  0  0 2026-08-13 12:37:44
 1  0 135168 114224    440 2289064    8    0   566    30  742  252 34  1 64  0  0 2026-08-13 12:37:54
 1  0 134912 111636    612 2293804    8    0   482    43  731  224 33  1 65  0  0 2026-08-13 12:38:04
 1  0 134912 145528    628 2259004    0    0   744    38  820  318 34  1 64  0  0 2026-08-13 12:38:14
 1  0 134912 139228    636 2265344    0    0   638    12  717  214 33  1 65  0  0 2026-08-13 12:38:24
 1  0 134912 131416    648 2272628    0    0   724    14  712  212 34  1 65  0  0 2026-08-13 12:38:34
 1  0 134912 128360    656 2276988    0    0   436    16  713  214 34  1 65  0  0 2026-08-13 12:38:44
 1  0 134912 121052    664 2284240    1    0   726    12  725  221 33  1 65  0  1 2026-08-13 12:38:54
 1  0 134912 108704    732 2290544    5    0   630    42  745  235 33  1 63  2  1 2026-08-13 12:39:04
 1  0 134912 108960    740 2295440    0    0   488     2  731  225 33  1 65  0  1 2026-08-13 12:39:14
 1  0 134912 148936    748 2255540    0    0   490     6  709  208 34  1 65  0  0 2026-08-13 12:39:24
 1  0 134912 136840    756 2263240    0    0   780    17  709  211 33  1 65  0  0 2026-08-13 12:39:34
 1  0 134912 129028    768 2270116    0    0   681    18  730  233 34  1 65  0  0 2026-08-13 12:39:44
 2  0 134912 123988    776 2275604    0    0   546     8  722  217 33  1 65  0  1 2026-08-13 12:39:54
 1  0 134912 125200    952 2279704    1    0   429    46  758  241 34  1 63  0  1 2026-08-13 12:40:04
 1  0 134912 119908    960 2284480    0    0   474    14  715  205 33  1 64  0  1 2026-08-13 12:40:14
procs -----------memory---------- ---swap-- -----io---- -system-- ------cpu----- -----timestamp-----
 r  b   swpd   free   buff  cache   si   so    bi    bo   in   cs us sy id wa st                 UTC
 1  0 134912 112096    968 2291296    0    0   682     8  721  209 34  1 64  0  1 2026-08-13 12:40:24
 1  0 134912 107560    976 2297220    0    0   592    21  725  212 33  1 64  0  1 2026-08-13 12:40:34
 1  0 134912 144916    984 2258952    1    0   577     9  741  236 34  2 63  0  1 2026-08-13 12:40:44
 1  0 134912 138112   1000 2265712   16    0   701    29  750  244 34  1 63  1  1 2026-08-13 12:40:54
 1  0 134912 130804   1024 2272496    1    0   671    26  744  229 34  1 64  1  1 2026-08-13 12:41:04
 1  0 134912 127096   1032 2277716    0    0   522     6  735  224 33  1 64  0  1 2026-08-13 12:41:14
 1  0 134912 121552   1048 2283484    1    0   578    23  716  210 33  1 65  0  0 2026-08-13 12:41:24
 1  0 134912 112480   1064 2289856    0    0   631    29  724  218 34  1 65  0  0 2026-08-13 12:41:34
 1  0 134912 108196   1080 2295876    0    0   602    19  728  228 34  1 65  0  0 2026-08-13 12:41:44
 1  0 134912 144868   1088 2257080    0    0   513    27  737  230 33  1 64  0  1 2026-08-13 12:41:54
 1  0 134912 140836   1112 2263676    1    0   659    32  730  212 34  1 64  0  1 2026-08-13 12:42:04
 1  0 134912 133024   1120 2268860    0    0   521    13  732  213 33  1 64  1  2 2026-08-13 12:42:14
 1  0 134912 124960   1132 2273904    0    0   502    18  711  209 33  1 65  1  1 2026-08-13 12:42:24
 1  0 134912 124960   1140 2278896    0    0   499    10  715  205 33  1 64  0  1 2026-08-13 12:42:34
 1  0 135168 120712   1148 1705424    0   31   284    57  904  322 38  7 54  0  1 2026-08-13 12:42:44
 1  0 135168 756884   1164 1626500    0    0   607    13  875  374 35  5 59  1  0 2026-08-13 12:42:54
 1  0 135168 748064   1188 1633768    1    0   727    29  725  214 33  1 65  0  0 2026-08-13 12:43:04
 1  0 135168 739816   1204 1641616    0    0   788    17  723  222 34  1 65  0  0 2026-08-13 12:43:14
 1  0 135168 733012   1212 1649692    0    0   805    31  717  214 33  1 65  0  0 2026-08-13 12:43:24
 1  0 135168 720944   1220 1658268    0    0   858    14  731  224 34  1 65  0  0 2026-08-13 12:43:34
 1  0 135168 702280   1228 1668436    0    0  1017    28  735  236 34  1 64  1  0 2026-08-13 12:43:44
procs -----------memory---------- ---swap-- -----io---- -system-- ------cpu----- -----timestamp-----
 r  b   swpd   free   buff  cache   si   so    bi    bo   in   cs us sy id wa st                 UTC
 1  0 135168 699004   1244 1675740    0    0   730    16  714  209 33  1 65  0  0 2026-08-13 12:43:54
 1  0 135168 691976   1284 1682680    1    0   690    32  742  236 33  1 65  0  0 2026-08-13 12:44:04
 1  0 135168 685172   1292 1690252    0    0   758    22  710  206 33  1 65  0  0 2026-08-13 12:44:14
 1  0 135168 677360   1300 1697820    0    0   754    10  832  330 33  1 65  0  1 2026-08-13 12:44:24
 0  1 135168 673580   1308 1705444    0    0   768     8  714  211 33  1 65  1  0 2026-08-13 12:44:34
 1  0 135168 666524   1316 1713748    0    0   828     8  795  302 34  1 64  0  0 2026-08-13 12:44:44
 1  0 135168 658716   1324 1720784    0    0   704    30  727  231 34  1 64  0  1 2026-08-13 12:44:54
 1  0 135168 648132   1348 1729804    7    0   904    30  741  226 33  1 65  0  1 2026-08-13 12:45:04
 1  0 135168 659756   1356 1734464    0    0   466    11  719  217 33  1 65  0  1 2026-08-13 12:45:14
 1  0 135168 654484   1376 1742260    0    0   782    32  729  225 33  1 65  0  0 2026-08-13 12:45:24
 1  0 135168 648688   1384 1748688    0    0   640    11  700  200 33  1 65  0  0 2026-08-13 12:45:34
 1  0 135168 639616   1392 1756308    0    0   767     9  722  219 34  1 64  0  1 2026-08-13 12:45:44
 4  0 135168 623652   1400 1776980    4    0  2068    43  781  282 34  2 63  2  0 2026-08-13 12:45:54
 0  1 135168 611532   1432 1789392    1    0  1247    41  744  240 34  1 64  1  0 2026-08-13 12:46:04
 2  0 135168 604980   1440 1795776    0    0   634     7  711  216 34  1 65  0  0 2026-08-13 12:46:14
 1  0 135168 596160   1448 1803856    0    0   808    14  705  205 33  1 65  0  0 2026-08-13 12:46:24
 1  0 135168 580284   1456 1812864    0    0   903    10  704  202 33  1 65  0  0 2026-08-13 12:46:34
 1  0 135168 580032   1464 1820132    0    0   730    10  718  216 33  1 65  0  0 2026-08-13 12:46:44
 1  0 135168 564408   1472 1832052    0    0  1192    12  721  213 33  1 65  0  0 2026-08-13 12:46:54
 1  0 135168 561344   1496 1839552    1    0   744    27  749  244 34  1 64  0  1 2026-08-13 12:47:04
 0  1 135168 553532   1504 1847752    0    0   821    32  723  213 33  1 65  0  1 2026-08-13 12:47:14
procs -----------memory---------- ---swap-- -----io---- -system-- ------cpu----- -----timestamp-----
 r  b   swpd   free   buff  cache   si   so    bi    bo   in   cs us sy id wa st                 UTC
 1  0 135168 542444   1512 1855300    0    0   754    11  717  215 34  1 65  0  0 2026-08-13 12:47:24
 1  0 135168 535164   1520 1865288    0    0  1007    11  713  208 33  1 65  0  0 2026-08-13 12:47:34
 1  0 135168 527100   1528 1872796    0    0   742    17  710  210 33  1 65  0  0 2026-08-13 12:47:44
 1  0 135168 520800   1536 1881060    1    0   827    12  735  234 33  1 65  0  0 2026-08-13 12:47:54
 1  0 135168 507948   1568 1892108    1    0  1111    35  729  220 33  1 65  0  0 2026-08-13 12:48:04
 1  0 135168 500388   1584 1900800    0    0   863    18  720  217 34  1 65  0  0 2026-08-13 12:48:14
 1  0 135168 490812   1592 1908272    0    0   748    12  725  219 33  1 65  1  0 2026-08-13 12:48:24
 1  0 135168 484884   1608 1916864    0    0   858    24  726  219 34  1 63  1  0 2026-08-13 12:48:34
 1  0 135168 481396   1616 1923748    0    0   688    26  744  237 34  2 64  0  0 2026-08-13 12:48:44
 1  0 135168 470180   1632 1932704    0    0   896    22  719  216 34  1 65  0  0 2026-08-13 12:48:54
 1  0 135168 456068   1696 1945496    2    0  1285    40  753  249 33  1 65  1  0 2026-08-13 12:49:04
 1  0 135168 453788   1704 1950968    0    0   536    22  759  262 34  1 64  0  0 2026-08-13 12:49:14
 1  0 135168 442196   1720 1958544    0    0   758    17  723  220 33  1 65  0  1 2026-08-13 12:49:24
 1  0 135168 431108   1728 1966604    0    0   807    14  701  197 33  1 65  0  0 2026-08-13 12:49:34
 1  0 135168 422036   1744 1977196    0    0  1058    18  744  227 33  1 63  1  1 2026-08-13 12:49:44
 1  0 135168 420524   1752 1981612    0    0   450     4  710  207 33  1 65  0  1 2026-08-13 12:49:54
 1  0 135168 411704   1776 1990352    1    0   872    32  724  209 33  1 65  0  1 2026-08-13 12:50:04
 1  0 135168 403892   1784 1998900    0    0   856     9  711  205 33  1 65  0  0 2026-08-13 12:50:14
 1  0 135168 397304   1792 2006608    0    0   773     9  721  218 33  1 65  0  0 2026-08-13 12:50:24
 1  0 135168 389744   1808 2014312    0    0   763    30  709  203 33  1 65  0  1 2026-08-13 12:50:34
 1  0 135168 374624   1816 2023312    0    0   900     5  715  212 33  1 65  0  0 2026-08-13 12:50:44
procs -----------memory---------- ---swap-- -----io---- -system-- ------cpu----- -----timestamp-----
 r  b   swpd   free   buff  cache   si   so    bi    bo   in   cs us sy id wa st                 UTC
 1  0 135168 373112   1824 2031040    1    0   774    18  712  210 33  1 65  0  0 2026-08-13 12:50:54
 1  0 135168 365048   1856 2039668    1    0   865    30  742  235 33  1 65  1  0 2026-08-13 12:51:04
 1  0 135168 353544   1864 2047128    0    0   746    32  736  234 34  1 64  0  0 2026-08-13 12:51:14
 1  0 135168 345676   1880 2055772    0    0   868    22  714  211 33  1 65  0  0 2026-08-13 12:51:24
 1  0 135168 340888   1888 2063292    0    0   749     6  710  207 33  1 65  0  0 2026-08-13 12:51:34
 1  0 135168 329296   1896 2071756    0    0   846    24  716  212 33  1 65  0  1 2026-08-13 12:51:44
 1  0 135168 322492   1904 2081868    0    0  1011    10  723  216 33  1 65  0  1 2026-08-13 12:51:54
 1  0 135168 313672   1928 2090508    1    0   865    29  736  215 33  1 64  0  1 2026-08-13 12:52:04
 1  0 135168 305476   1936 2099056    0    0   864    23  728  219 34  1 64  0  0 2026-08-13 12:52:14
 1  0 135168 293380   1944 2109848    0    0  1078    11  733  218 33  1 65  1  0 2026-08-13 12:52:24
 1  0 134912 283300   1952 2120640   40    0  1108    18  758  241 33  1 63  3  0 2026-08-13 12:52:34
 1  0 134912 272464   1960 2129872    0    0   923    11  736  231 33  1 65  1  1 2026-08-13 12:52:44
 2  0 134912 123948   1968 1757624    0    0   234    26  906  313 36  7 56  0  0 2026-08-13 12:52:54
 1  0 134912 857840   2000 1528792    1    0   793    31  899  397 35  5 59  0  1 2026-08-13 12:53:04
 2  0 134912 842468   2008 1539132    0    0  1032    16  802  299 34  1 64  0  1 2026-08-13 12:53:14
 1  0 134912 837008   2024 1547584    0    0   851    32  715  215 34  1 64  0  0 2026-08-13 12:53:24
 1  0 134912 826676   2040 1556928    0    0   931    14  709  205 33  1 65  0  0 2026-08-13 12:53:34
 1  0 134912 825924   2056 1567588    0    0  1068    10  763  237 33  1 64  0  2 2026-08-13 12:53:44
 1  0 134912 813272   2072 1577452    0    0   989    16  743  238 33  1 65  1  0 2026-08-13 12:53:54
 2  0 134912 811552   2108 1589432    2    0  1190    35  772  263 33  1 65  1  0 2026-08-13 12:54:04
 1  0 134912 803992   2116 1598580    0    0   912    19  750  253 33  1 65  0  0 2026-08-13 12:54:14
procs -----------memory---------- ---swap-- -----io---- -system-- ------cpu----- -----timestamp-----
 r  b   swpd   free   buff  cache   si   so    bi    bo   in   cs us sy id wa st                 UTC
 1  0 134912 788116   2124 1607932    0    0   941     6  715  209 33  1 65  0  0 2026-08-13 12:54:24
 1  0 134912 777280   2132 1617184    0    0   919    28  711  207 33  1 65  0  0 2026-08-13 12:54:34
 1  0 134912 767200   2140 1626956    0    0   980    16  706  207 33  1 65  0  0 2026-08-13 12:54:44
 1  0 134912 759136   2148 1634976    1    0   802     8  715  216 33  1 65  1  1 2026-08-13 12:54:54
 1  0 134912 757624   2172 1643284    1    0   828    25  792  239 32  1 62  1  4 2026-08-13 12:55:04
 6  0 134912 749812   2180 1651940    0    0   866     9  731  206 33  1 63  0  2 2026-08-13 12:55:15
 3  0 134912 742032   2188 1661188    0    0   924    10  740  240 33  1 64  0  1 2026-08-13 12:55:25
 4  0 134912 732708   2196 1670524    0    0   940     9  717  211 33  1 65  1  1 2026-08-13 12:55:35
 4  0 134912 727504   2204 1676320    0    0   579    12  764  228 32  1 63  1  3 2026-08-13 12:55:45
 2  0 134912 716924   2220 1686340    0    0   994    39  752  245 33  1 63  0  2 2026-08-13 12:55:55
 2  0 134912 709364   2260 1694504    1    0   819    27  720  213 33  1 65  0  1 2026-08-13 12:56:05
 2  0 134912 699860   2268 1703484    0    0   898     7  736  231 34  1 64  0  0 2026-08-13 12:56:15
 3  0 134912 689276   2284 1713308    0    0   984    42  704  201 33  1 65  0  0 2026-08-13 12:56:25
 2  0 134912 678972   2292 1723532    0    0  1026    15  712  209 33  1 65  0  0 2026-08-13 12:56:35
 2  0 134912 667632   2300 1736048    1    0  1259    10  724  218 33  1 65  0  0 2026-08-13 12:56:45
 4  0 134912 648908   2316 1747984    0    0  1187    18  738  233 34  1 64  0  0 2026-08-13 12:56:55
 3  0 134656 640844   2340 1757556    1    0   952    27  742  224 33  1 64  1  1 2026-08-13 12:57:05
 0  1 134656 637064   2348 1763980    0    0   647     8  719  206 33  1 64  0  2 2026-08-13 12:57:15
 1  0 134656 630684   2364 1772576    0    0   863    31  762  252 33  1 63  1  1 2026-08-13 12:57:25
 1  0 134656 614808   2372 1781692    0    0   903    15  710  202 33  1 65  0  1 2026-08-13 12:57:35
 1  0 134656 603972   2380 1791776    0    0  1008    20  722  207 33  1 65  0  1 2026-08-13 12:57:45
procs -----------memory---------- ---swap-- -----io---- -system-- ------cpu----- -----timestamp-----
 r  b   swpd   free   buff  cache   si   so    bi    bo   in   cs us sy id wa st                 UTC
 1  0 134656 595908   2388 1801876    0    0  1010    28  722  226 33  1 64  1  1 2026-08-13 12:57:55
 1  0 134656 587340   2412 1810564    1    0   869    29  721  206 33  1 65  0  1 2026-08-13 12:58:05
 1  0 134656 585100   2420 1820864    0    0  1041    13  716  206 33  1 64  0  1 2026-08-13 12:58:15
 1  0 134656 569224   2428 1830396    0    0   942    12  720  216 33  1 65  0  1 2026-08-13 12:58:25
 1  0 134656 564740   2444 1840456    0    0  1008    16  716  212 33  1 65  0  0 2026-08-13 12:58:35
 1  0 134656 548656   2476 1853292    0    0  1292    40  736  236 33  1 65  1  0 2026-08-13 12:58:45
 1  0 134656 536588   2484 1862576    0    0   924    22  728  227 33  1 65  0  0 2026-08-13 12:58:55
 1  0 134656 526760   2532 1871532    1    0   889    37  738  223 33  1 65  1  0 2026-08-13 12:59:05
 1  0 134656 517708   2540 1880952    0    0   939    27  872  388 34  1 65  0  0 2026-08-13 12:59:15
 1  0 134656 509896   2548 1889128    0    0   822     7  712  205 33  1 65  0  1 2026-08-13 12:59:25
 1  0 134656 501832   2556 1899272    0    0  1016     8  716  208 33  1 65  0  0 2026-08-13 12:59:35
 1  0 134656 495768   2564 1909396    0    0  1011    33  724  226 34  1 65  0  0 2026-08-13 12:59:45
 1  0 134656 487956   2572 1918984    0    0   959    12  720  225 33  1 65  0  0 2026-08-13 12:59:55
 1  0 134656 477876   2604 1927708    1    0   869    30  751  221 33  1 64  1  2 2026-08-13 13:00:05
 1  0 134656 466788   2612 1937200    0    0   950    15  716  204 33  1 65  0  1 2026-08-13 13:00:15
 1  0 134656 454944   2620 1946416    0    0   919     8  725  222 33  1 65  1  1 2026-08-13 13:00:25
 1  0 134656 442848   2628 1955736    0    0   936     8  725  216 33  1 65  1  1 2026-08-13 13:00:35
 1  0 134656 438564   2636 1963720    0    0   799     8  711  213 33  1 65  0  1 2026-08-13 13:00:45
 1  0 134656 434472   2644 1972664    3    0   893    13  729  238 34  1 65  0  0 2026-08-13 13:00:55
 1  0 134656 424516   2684 1982688    1    0  1006    37  724  223 33  1 65  0  0 2026-08-13 13:01:05
 1  0 134656 413176   2692 1995712    0    0  1311     6  726  216 33  1 65  1  1 2026-08-13 13:01:15
procs -----------memory---------- ---swap-- -----io---- -system-- ------cpu----- -----timestamp-----
 r  b   swpd   free   buff  cache   si   so    bi    bo   in   cs us sy id wa st                 UTC
 1  0 134656 403888   2708 2004688    0    0   897    36  721  218 34  1 64  0  0 2026-08-13 13:01:25
 1  0 134656 389776   2716 2015236    0    0  1052    10  711  207 33  1 65  0  0 2026-08-13 13:01:35
 2  0 134656 377208   2724 2023760    0    0   848    10  724  218 33  1 65  0  1 2026-08-13 13:01:45
 1  0 134656 368664   2732 2033596    0    0   984    24  726  227 34  1 65  0  0 2026-08-13 13:01:55
 1  0 134656 365416   2764 2042456    1    0   886    30  740  214 33  1 63  1  2 2026-08-13 13:02:05
 1  0 134656 348784   2772 2054588    0    0  1212    13  727  211 33  1 64  1  1 2026-08-13 13:02:15
 1  0 134656 340216   2780 2062364    0    0   778    10  713  208 33  1 65  0  0 2026-08-13 13:02:25
 1  0 134656 338716   2788 2070732    0    0   836    11  715  214 34  1 65  0  0 2026-08-13 13:02:35
 1  0 134656 323092   2796 2083176    0    0  1244    30  726  226 33  1 65  1  0 2026-08-13 13:02:45
 1  0 134656 319564   2804 2089796    0    0   668    10  700  205 33  1 65  0  0 2026-08-13 13:02:55
 8  0 134656 128444   2608 1738820    1    0   970    26  916  316 35  7 56  0  1 2026-08-13 13:03:05
 1  0 134656 879452   2596 1504628    0    0   624    15  891  397 34  4 60  0  1 2026-08-13 13:03:15
 1  0 134656 868364   2612 1515892    1    0  1128    17  728  219 33  1 63  2  1 2026-08-13 13:03:25
 2  0 134656 858284   2620 1523380    0    0   743     8  704  202 34  1 65  0  0 2026-08-13 13:03:35
 1  0 134656 850220   2636 1533100    0    0   972    18  709  205 33  1 65  0  1 2026-08-13 13:03:45
 1  0 134656 843920   2644 1543832    0    0  1074     7  726  222 33  1 65  0  1 2026-08-13 13:03:55
 1  0 134656 823808   2700 1554068    2    0  1012    59  763  253 34  1 64  1  1 2026-08-13 13:04:05
 1  0 134656 839308   2708 1564104    0    0  1003    11  831  334 34  1 65  0  0 2026-08-13 13:04:15
 1  0 134656 825464   2716 1574832    0    0  1071     9  724  220 34  1 65  0  0 2026-08-13 13:04:25
 1  0 134656 810344   2732 1586796    0    0  1203    11  723  212 33  1 65  1  0 2026-08-13 13:04:35
 1  0 134656 806564   2740 1596588    0    0   979    44  715  207 34  1 64  0  1 2026-08-13 13:04:45
procs -----------memory---------- ---swap-- -----io---- -system-- ------cpu----- -----timestamp-----
 r  b   swpd   free   buff  cache   si   so    bi    bo   in   cs us sy id wa st                 UTC
 1  0 134656 795176   2748 1607724    0    0  1115     8  712  209 33  1 65  0  1 2026-08-13 13:04:55
 1  0 134656 783504   2780 1619292    0    0  1149    41  740  236 33  1 64  1  1 2026-08-13 13:05:05
 1  0 134656 775440   2788 1623120    0    0   390     6  702  204 33  1 65  0  1 2026-08-13 13:05:15
 1  0 134656 767628   2796 1633512    0    0  1036    16  706  203 34  1 64  0  1 2026-08-13 13:05:25
 1  0 134656 751752   2804 1646940    0    0  1352    10  726  215 34  1 64  0  0 2026-08-13 13:05:35
 1  0 134656 747972   2812 1653228    0    0   618    11  733  213 33  1 64  0  2 2026-08-13 13:05:45
 1  0 134656 737136   2820 1662820    0    0   958     9  762  230 32  1 63  1  3 2026-08-13 13:05:55
 1  0 134656 731928   2852 1671884    1    0   913    68  765  268 33  1 63  1  1 2026-08-13 13:06:05
 1  0 134656 719580   2860 1681064    0    0   912     6  705  201 34  1 65  0  0 2026-08-13 13:06:15
 1  0 134656 707316   2876 1692108    0    0  1104    16  729  226 34  1 64  1  0 2026-08-13 13:06:25
 1  0 134656 699504   2884 1700040    0    0   798     6  697  196 33  1 65  0  0 2026-08-13 13:06:35
 1  0 134656 690072   2892 1711228    0    0  1116    18  734  228 33  1 65  1  0 2026-08-13 13:06:45
 1  0 134656 682512   2908 1721060    0    0   982    32  716  215 33  1 65  0  1 2026-08-13 13:06:55
 2  0 134656 666384   2932 1729504    1    0   843    26  745  221 33  1 64  0  2 2026-08-13 13:07:05
 1  0 134656 666664   2940 1740092    0    0  1062     7  734  220 33  1 64  1  1 2026-08-13 13:07:15
 1  0 134656 663096   2948 1749344    0    0   922    13  730  218 33  1 65  1  1 2026-08-13 13:07:25
 1  0 134656 643188   2956 1759628    0    0  1035    11  712  209 33  1 65  0  0 2026-08-13 13:07:35
 1  0 134656 634880   2964 1768704    0    0   906    10  719  212 33  1 65  0  0 2026-08-13 13:07:45
 1  0 134656 619760   2980 1779368    0    0  1068    28  718  221 33  1 65  0  0 2026-08-13 13:07:55
 1  0 134656 619508   3012 1790800    0    0  1145    37  733  220 33  1 65  1  0 2026-08-13 13:08:05
 1  0 134656 608924   3020 1800084    0    0   920     8  728  214 33  1 65  1  1 2026-08-13 13:08:15
procs -----------memory---------- ---swap-- -----io---- -system-- ------cpu----- -----timestamp-----
 r  b   swpd   free   buff  cache   si   so    bi    bo   in   cs us sy id wa st                 UTC
 1  0 134656 601044   3036 1809288    0    0   922    38  725  223 34  1 64  0  0 2026-08-13 13:08:25
 1  0 134656 592468   3044 1818644    0    0   932     9  714  210 33  1 65  0  0 2026-08-13 13:08:35
 1  0 134656 576340   3052 1829628    1    0  1108    11  726  209 33  1 65  0  2 2026-08-13 13:08:45
 1  0 134656 564244   3060 1839428    0    0   975    12  700  199 33  1 65  0  0 2026-08-13 13:08:55
 1  0 134656 548368   3116 1850068    0    0  1068    58  721  214 34  1 65  0  0 2026-08-13 13:09:05
 1  0 134656 543992   3132 1864376    0    0  1423    18  774  283 33  1 64  1  0 2026-08-13 13:09:15
 1  0 134656 532400   3140 1876652    0    0  1230     7  710  206 33  1 65  0  0 2026-08-13 13:09:25
 1  0 134656 523884   3156 1887852    0    0  1114    32  718  218 33  1 65  0  0 2026-08-13 13:09:35
 1  0 134656 512544   3164 1898376    0    0  1057    13  708  212 33  1 65  0  0 2026-08-13 13:09:45
 1  0 134656 504480   3172 1906996    0    0   855    13  705  198 33  1 64  1  1 2026-08-13 13:09:55
 1  0 134656 493140   3196 1917088    0    0  1015    26  730  225 33  1 65  0  1 2026-08-13 13:10:05
 1  0 134656 478020   3204 1927660    0    0  1058     6  702  201 33  1 65  1  0 2026-08-13 13:10:15
 1  0 134656 476008   3212 1937900    0    0  1016    23  743  236 34  2 63  0  0 2026-08-13 13:10:25
 1  0 134656 463436   3232 1946764    0    0   893    20  719  217 33  1 65  0  0 2026-08-13 13:10:35
 1  0 134656 449324   3240 1958644    0    0  1181    10  707  202 33  1 65  0  1 2026-08-13 13:10:45
 1  0 134656 437732   3248 1971616    0    0  1300    25  707  206 33  1 65  0  0 2026-08-13 13:10:55
 1  0 134656 432188   3288 1981016    0    0   946    37  737  230 33  1 65  0  0 2026-08-13 13:11:05
 1  0 134656 421340   3296 1991428    0    0  1035     5  726  224 33  1 65  1  1 2026-08-13 13:11:15
 1  0 134656 413528   3304 1999412    0    0   804    12  793  289 33  1 65  0  0 2026-08-13 13:11:25
 1  0 134656 402692   3312 2008476    0    0   910    11  707  204 33  1 65  0  1 2026-08-13 13:11:35
 1  0 134656 387824   3320 2017908    0    0   934    30  715  207 33  1 65  0  1 2026-08-13 13:11:45
procs -----------memory---------- ---swap-- -----io---- -system-- ------cpu----- -----timestamp-----
 r  b   swpd   free   buff  cache   si   so    bi    bo   in   cs us sy id wa st                 UTC
 1  0 134656 380044   3328 2028044    0    0  1016    24  735  231 34  1 63  0  1 2026-08-13 13:11:55
 2  0 134656 378532   3352 2033676    0    0   565    28  722  208 33  1 65  0  1 2026-08-13 13:12:05
 1  0 134656 369208   3360 2044720    0    0  1109     6  713  202 33  1 65  0  0 2026-08-13 13:12:15
 1  0 134656 354340   3368 2058324    0    0  1350    18  713  204 33  1 65  0  0 2026-08-13 13:12:25
 1  0 134656 338212   3376 2069184    0    0  1095    10  701  199 33  1 65  0  0 2026-08-13 13:12:35
 1  0 134656 333184   3384 2080128    0    0  1086    14  719  217 34  1 65  0  0 2026-08-13 13:12:45
 1  0 134656 324332   3400 2090044    0    0   994    27  724  223 33  1 64  1  0 2026-08-13 13:12:55
 1  0 134656 312740   3424 2099280    0    0   923    49  726  221 33  1 65  1  0 2026-08-13 13:13:05
 3  0 134656 135800   3432 1651396    0    0  1030    15  921  318 37  8 55  0  0 2026-08-13 13:13:15
 1  0 134656 869552   3440 1518272    0    0  1141    12  845  392 34  3 63  0  0 2026-08-13 13:13:25
 1  0 134656 861992   3448 1529636    0    0  1133    12  706  205 33  1 65  0  0 2026-08-13 13:13:35
 1  0 134656 846872   3456 1538944    0    0   931    12  709  197 33  1 64  0  1 2026-08-13 13:13:45
 1  0 134656 842336   3464 1545528    0    0   658    12  720  218 33  1 64  0  1 2026-08-13 13:13:55
 1  0 134656 835280   3496 1553936    0    0   832    39  735  223 33  1 65  0  1 2026-08-13 13:14:05
 2  0 134656 836880   3520 1569336    0    0  1533     5  766  266 34  1 64  0  0 2026-08-13 13:14:15
 1  0 134656 824784   3536 1579508    0    0  1026    36  759  261 33  1 65  1  0 2026-08-13 13:14:25
 1  0 134656 817476   3596 1589124    2    0   969     8  727  222 33  1 65  0  0 2026-08-13 13:14:35
 1  0 134656 806416   3604 1599416    0    0  1024    24  709  203 33  1 65  0  0 2026-08-13 13:14:45
 1  0 134656 796840   3620 1610224    0    0  1076    16  735  223 33  1 65  1  0 2026-08-13 13:14:55
 1  0 134656 787012   3652 1620140    0    0   997    30  731  221 33  1 65  0  0 2026-08-13 13:15:05
 1  0 134656 776428   3660 1630308    0    0  1014     6  706  201 33  1 65  0  1 2026-08-13 13:15:15
procs -----------memory---------- ---swap-- -----io---- -system-- ------cpu----- -----timestamp-----
 r  b   swpd   free   buff  cache   si   so    bi    bo   in   cs us sy id wa st                 UTC
 1  0 134656 765340   3668 1640872    0    0  1051    12  713  215 33  1 65  0  0 2026-08-13 13:15:25
 1  0 134656 753748   3676 1651212    0    0  1035     9  714  207 33  1 65  0  0 2026-08-13 13:15:35
 1  0 134656 737872   3684 1662928    0    0  1177     9  720  207 33  1 64  1  1 2026-08-13 13:15:45
 1  0 134656 733588   3692 1675456    2    0  1228    10  766  265 34  3 62  0  1 2026-08-13 13:15:55
 1  0 134656 721492   3724 1685000    0    0   956    30  726  206 33  1 63  1  1 2026-08-13 13:16:05
 1  0 134656 712420   3732 1695952    0    0  1095    12  702  198 33  1 65  0  0 2026-08-13 13:16:15
 1  0 134656 700524   3740 1706016    0    0  1016    37  749  250 34  1 63  0  1 2026-08-13 13:16:25
 1  0 134656 692460   3748 1716632    0    0  1052    11  707  198 33  1 64  1  1 2026-08-13 13:16:35
 1  0 134656 675828   3756 1730136    0    0  1350    18  729  224 33  1 65  0  0 2026-08-13 13:16:45
 1  0 134656 665316   3764 1740792    0    0  1067    10  713  213 34  1 65  0  0 2026-08-13 13:16:55
 1  0 134656 656248   3928 1750708   10    0  1015    30  746  241 33  1 65  1  0 2026-08-13 13:17:05
 1  0 134656 640624   3936 1761972    0    0  1118    42  718  217 33  1 65  1  0 2026-08-13 13:17:15
 1  0 134656 636844   3944 1770840    0    0   892    17  696  198 33  1 65  0  0 2026-08-13 13:17:25
 1  0 134656 624748   3952 1782860    0    0  1202    11  701  202 34  1 65  0  0 2026-08-13 13:17:35
 2  0 134656 611140   3960 1795288    0    0  1240    12  714  217 33  1 65  0  0 2026-08-13 13:17:45
 1  0 134656 596272   3968 1809820    0    0  1450    11  719  217 33  1 65  1  0 2026-08-13 13:17:55
 1  0 134656 588728   3992 1819468    0    0   974    30  734  226 35  1 64  0  0 2026-08-13 13:18:05
 1  0 134656 572852   4000 1831108    0    0  1155    28  706  204 33  1 65  0  0 2026-08-13 13:18:15
 2  0 134656 564788   4008 1842384    0    0  1130    17  705  206 33  1 65  0  0 2026-08-13 13:18:25
 1  0 134656 549416   4016 1856956    0    0  1462    11  715  212 33  1 65  1  0 2026-08-13 13:18:35
 1  0 134656 539336   4024 1868616    0    0  1162    11  713  210 33  1 65  0  0 2026-08-13 13:18:45
procs -----------memory---------- ---swap-- -----io---- -system-- ------cpu----- -----timestamp-----
 r  b   swpd   free   buff  cache   si   so    bi    bo   in   cs us sy id wa st                 UTC
 1  0 134656 523460   4032 1878796    0    0  1020    14  717  218 33  1 65  0  0 2026-08-13 13:18:55
 1  0 134656 515396   4088 1889260    0    0  1044    42  734  226 34  1 65  0  0 2026-08-13 13:19:05
 1  0 134656 501312   4112 1903728    0    0  1436    20  767  254 33  1 65  1  0 2026-08-13 13:19:15
 1  0 134656 490728   4120 1915212    0    0  1157     6  716  209 34  1 65  0  0 2026-08-13 13:19:25
 1  0 134656 470820   4128 1926276    0    0  1103    16  708  207 34  1 65  0  0 2026-08-13 13:19:35
 1  0 134656 459984   4136 1937884    0    0  1161    14  710  203 33  1 65  0  0 2026-08-13 13:19:45
 1  0 134656 447876   4152 1948468    0    0  1055    14  738  242 33  1 65  0  0 2026-08-13 13:19:55
 1  0 134656 439812   4176 1959152    0    0  1075    25  724  210 33  1 65  0  0 2026-08-13 13:20:05
 1  0 134656 434336   4184 1973100    0    0  1391    15  730  220 33  1 65  1  0 2026-08-13 13:20:15
 1  0 134656 424256   4200 1983068    0    0   992    29  742  239 33  1 65  1  0 2026-08-13 13:20:25
 1  0 134656 412916   4208 1992812    0    0   978     9  718  211 33  1 65  0  0 2026-08-13 13:20:35
 1  0 134656 404348   4216 2003356    0    0  1053    10  721  215 33  1 65  0  0 2026-08-13 13:20:45
 1  0 134656 388472   4224 2013472    0    0  1013     8  722  231 33  1 65  0  0 2026-08-13 13:20:55
 1  0 134656 379904   4256 2028156    0    0  1468    33  782  271 33  1 65  0  0 2026-08-13 13:21:05
 1  0 134656 370328   4264 2038032    0    0   995    13  719  209 33  1 65  1  0 2026-08-13 13:21:15
 1  0 134656 352688   4272 2048056    0    0  1003    10  708  202 33  1 65  0  0 2026-08-13 13:21:25
 1  0 134656 348984   4280 2058324    0    0  1026     9  723  217 34  1 65  0  0 2026-08-13 13:21:35
 1  0 134656 345652   4288 2070256    0    0  1190    17  742  231 33  1 64  1  1 2026-08-13 13:21:45
 2  0 134656 328012   4304 2079900    0    0   962    20  739  238 32  1 64  1  1 2026-08-13 13:21:55
 1  0 134656 313900   4328 2088428    0    0   856    45  725  211 33  1 65  0  1 2026-08-13 13:22:05
 1  0 134656 312892   4336 2099856    0    0  1135     7  712  206 33  1 65  1  0 2026-08-13 13:22:15
procs -----------memory---------- ---swap-- -----io---- -system-- ------cpu----- -----timestamp-----
 r  b   swpd   free   buff  cache   si   so    bi    bo   in   cs us sy id wa st                 UTC
 3  0 134400 297268   4344 2109556    0    0   981    14  719  220 34  1 65  0  0 2026-08-13 13:22:25
 1  0 134400 290212   4352 2123008    0    0  1347    10  715  209 33  1 65  0  0 2026-08-13 13:22:35
 1  0 134400 282148   4360 2133044    0    0  1004    11  709  205 33  1 65  0  0 2026-08-13 13:22:45
 1  0 134400 269548   4368 2144076    0    0  1098    11  742  235 33  1 65  1  0 2026-08-13 13:22:55
 1  0 134400 261988   4392 2152388    0    0   828    30  805  307 33  1 65  0  0 2026-08-13 13:23:05
 1  0 134400 249892   4400 2162460    0    0  1008     8  727  215 33  1 65  1  0 2026-08-13 13:23:15
 2  0 134400 127816   4408 1608724    0    0   766    26  928  347 35  7 57  0  0 2026-08-13 13:23:25
 1  0 134400 818164   4416 1576292    0    0  1060    16  824  363 34  2 64  0  0 2026-08-13 13:23:35
 1  0 134400 810352   4424 1583720    0    0   740    12  716  212 33  1 65  0  0 2026-08-13 13:23:45
 1  0 134400 799012   4432 1594616    0    0  1092    14  721  223 33  1 65  0  0 2026-08-13 13:23:55
 1  0 134400 779104   4472 1606008    0    0  1132    44  732  229 33  1 65  0  0 2026-08-13 13:24:05
 1  0 134400 770684   4480 1619632    0    0  1358     2  733  227 33  1 65  1  0 2026-08-13 13:24:15
 1  0 134400 759880   4496 1630340    0    0  1072    34  741  236 33  1 65  0  0 2026-08-13 13:24:25
 1  0 134400 759880   4504 1640752    0    0  1033    10  710  205 33  1 65  0  0 2026-08-13 13:24:35
 1  0 134400 749044   4512 1651316    0    0  1054     8  710  208 33  1 65  0  0 2026-08-13 13:24:45
 1  0 134400 738208   4520 1661880    0    0  1058     8  728  228 33  1 65  1  0 2026-08-13 13:24:55
 1  0 134400 727628   4552 1671924    0    0   997    35  740  230 34  1 64  1  0 2026-08-13 13:25:05
 1  0 134400 717296   4560 1681872    0    0   990     5  751  251 33  1 65  0  0 2026-08-13 13:25:15
 1  0 134400 697388   4576 1696504    0    0  1465    27  712  214 33  1 65  0  0 2026-08-13 13:25:25
 1  0 134400 689072   4584 1706300    0    0   979     5  700  199 33  1 65  0  0 2026-08-13 13:25:35
 1  0 134400 682520   4592 1716696    0    0  1045    14  711  206 33  1 65  0  0 2026-08-13 13:25:45
procs -----------memory---------- ---swap-- -----io---- -system-- ------cpu----- -----timestamp-----
 r  b   swpd   free   buff  cache   si   so    bi    bo   in   cs us sy id wa st                 UTC
 1  0 134400 670928   4608 1726616   14    0   999    21  726  235 34  1 65  0  0 2026-08-13 13:25:55
 1  0 134400 659336   4640 1739752    0    0  1313    25  732  220 33  1 65  1  0 2026-08-13 13:26:05
 1  0 134400 652280   4648 1747860    0    0   809    14  711  205 33  1 65  0  0 2026-08-13 13:26:15
 1  0 134400 636404   4656 1757380    0    0   952    10  700  198 33  1 65  0  0 2026-08-13 13:26:25
 1  0 134400 624560   4664 1770564    0    0  1321    10  725  219 33  1 65  1  0 2026-08-13 13:26:35
 1  0 134400 621600   4672 1780268    0    0   972    11  751  256 34  2 64  0  0 2026-08-13 13:26:45
 1  0 134400 613924   4688 1789136    0    0   886    21  722  235 34  1 64  0  0 2026-08-13 13:26:55
 1  0 134400 598048   4720 1799220    0    0  1009    24  727  216 33  1 65  0  0 2026-08-13 13:27:05
 2  0 134400 590236   4728 1807688    0    0   851    37  728  207 32  1 63  1  3 2026-08-13 13:27:15
 1  0 134400 582676   4736 1814248    0    0   650    21  709  201 33  1 64  0  1 2026-08-13 13:27:25
 1  0 134400 574612   4744 1822720    0    0   844    10  707  207 33  1 65  0  0 2026-08-13 13:27:35
 1  0 134400 563020   4752 1836920    0    0  1422    11  726  226 33  1 65  0  0 2026-08-13 13:27:45
 1  0 134400 551428   4760 1846604    0    0   968    11  727  223 33  1 65  1  0 2026-08-13 13:27:55
 1  0 134400 543364   4784 1856116    0    0   957    33  726  212 33  1 65  0  1 2026-08-13 13:28:05
 1  0 134400 528244   4792 1867100    0    0  1099     7  702  201 33  1 65  0  0 2026-08-13 13:28:15
 1  0 134400 520268   4800 1879004    0    0  1182    11  731  229 33  1 65  0  0 2026-08-13 13:28:25
 4  0 134400 509180   4808 1888128    0    0   922    26  705  206 33  1 66  0  0 2026-08-13 13:28:35
 1  0 134400 493052   4816 1895900    0    0   770    16  707  206 33  1 65  0  0 2026-08-13 13:28:45
 1  0 134400 488516   4824 1905736    0    0   989    12  731  229 33  1 64  0  1 2026-08-13 13:28:55
 1  0 134400 471632   4872 1918164    0    0  1243    36  749  230 33  1 64  1  1 2026-08-13 13:29:05
 1  0 134400 469868   4880 1925132    0    0   682    12  742  218 33  1 64  0  2 2026-08-13 13:29:15
procs -----------memory---------- ---swap-- -----io---- -system-- ------cpu----- -----timestamp-----
 r  b   swpd   free   buff  cache   si   so    bi    bo   in   cs us sy id wa st                 UTC
 1  0 134400 464408   4888 1936256    0    0  1122     6  725  223 33  1 65  0  0 2026-08-13 13:29:25
 1  0 134400 449288   4904 1945636    0    0   938    36  729  225 33  1 65  1  0 2026-08-13 13:29:35
 1  0 134400 441728   4912 1956804    0    0  1107     8  706  202 33  1 65  0  0 2026-08-13 13:29:45
 1  0 134400 429632   4920 1967780    0    0  1100    10  722  227 33  1 65  1  0 2026-08-13 13:29:55
 1  0 134400 418796   4952 1979068    0    0  1132    28  743  235 33  1 65  1  1 2026-08-13 13:30:05
 1  0 134400 412620   4968 1987304    0    0   818    26  768  268 34  1 64  0  0 2026-08-13 13:30:15
 1  0 134400 397500   4976 2002540    0    0  1526     6  760  257 33  1 65  1  0 2026-08-13 13:30:25
 1  0 134400 389436   4984 2012700    0    0  1013    17  701  200 33  1 65  0  0 2026-08-13 13:30:35
 1  0 134400 387672   4992 2021820    0    0   920    10  706  207 33  1 65  0  0 2026-08-13 13:30:45
 1  0 134400 369780   5000 2032940    1    0  1103    10  722  232 33  1 65  0  0 2026-08-13 13:30:55
 1  0 134400 361716   5040 2043244    0    0  1033    32  730  220 33  1 65  0  0 2026-08-13 13:31:05
 1  0 134400 349872   5048 2052044    0    0   880    12  704  200 34  1 65  0  0 2026-08-13 13:31:15
 1  0 134400 341052   5056 2063864    0    0  1183    10  713  208 33  1 65  0  0 2026-08-13 13:31:25
 1  0 134400 327192   5064 2075820    0    0  1194    10  718  211 33  1 64  1  0 2026-08-13 13:31:35
 1  0 134400 317364   5072 2084888    0    0   910    16  716  208 33  1 65  0  0 2026-08-13 13:31:45
 0  1 134400 313700   5088 2093220    0    0   836    31  739  243 34  1 64  0  1 2026-08-13 13:31:55
 1  0 134400 305404   5112 2099460    0    0   619    24  746  227 33  1 64  0  1 2026-08-13 13:32:05
 1  0 134400 297592   5120 2108664    0    0   924     6  709  206 33  1 65  0  0 2026-08-13 13:32:15
 1  0 134400 278188   5128 2122216    0    0  1354    19  715  205 34  1 65  0  0 2026-08-13 13:32:25
 1  0 134400 269620   5136 2130956    0    0   878    23  702  195 33  1 65  0  1 2026-08-13 13:32:35
 1  0 134400 258788   5152 2140988    4    0   998    28  724  221 33  1 64  1  0 2026-08-13 13:32:45
procs -----------memory---------- ---swap-- -----io---- -system-- ------cpu----- -----timestamp-----
 r  b   swpd   free   buff  cache   si   so    bi    bo   in   cs us sy id wa st                 UTC
 1  0 134400 246692   5160 2152076    0    0  1108     8  715  214 33  1 65  0  1 2026-08-13 13:32:55
 2  0 134400 241148   5208 2160988    0    0   896    43  738  232 33  1 64  1  1 2026-08-13 13:33:05
 1  0 134400 233588   5216 2165668    0    0   457    11  754  242 33  1 64  1  1 2026-08-13 13:33:15
 1  0 134400 221744   5224 2173940    0    0   831    13  736  217 33  1 64  1  1 2026-08-13 13:33:25
 1  0 134400 126948   5232 1579176    0    0   912    13  944  353 37  7 55  1  0 2026-08-13 13:33:35
 2  0 134400 806040   5248 1587896    0    0   880    29  814  359 33  2 63  1  0 2026-08-13 13:33:45
 1  0 134400 797472   5256 1596296    0    0   831    15  721  220 33  1 65  0  1 2026-08-13 13:33:55
 1  1 134400 786384   5264 1605560    0    0   928     6  752  232 33  1 65  1  1 2026-08-13 13:34:05
 1  0 134400 778572   5308 1615144    0    0   949    51  766  272 33  1 65  0  1 2026-08-13 13:34:15
 1  0 134400 769848   5324 1624104    0    0   893    10  727  231 33  1 65  0  0 2026-08-13 13:34:25
 1  0 134400 759768   5332 1634656    0    0  1063    22  736  222 33  1 65  1  0 2026-08-13 13:34:35
 1  0 134400 748708   5340 1643712    0    0   901    16  775  272 33  1 65  0  0 2026-08-13 13:34:45
 1  0 134400 738628   5348 1652740    0    0   903     8  708  205 34  1 64  0  1 2026-08-13 13:34:55
 1  0 134400 733336   5356 1661396    0    0   860     8  727  217 33  1 65  0  1 2026-08-13 13:35:05
 2  0 134400 729556   5388 1670808    0    0   944    24  715  222 33  1 65  0  0 2026-08-13 13:35:15
 1  0 134400 721020   5412 1679908    0    0   913    36  731  229 34  1 64  0  0 2026-08-13 13:35:25
 2  0 134400 705396   5420 1691864    0    0  1197    10  714  209 33  1 65  0  0 2026-08-13 13:35:35
 1  0 134400 696828   5428 1701504    0    0   962    12  702  199 33  1 65  0  0 2026-08-13 13:35:45
 1  0 134400 696828   5436 1711636    0    0  1016     9  735  237 33  1 65  0  1 2026-08-13 13:35:55
 1  0 134400 689268   5444 1720208    0    0   861    10  726  210 34  1 65  0  0 2026-08-13 13:36:05
 1  0 134400 677676   5476 1729652    0    0   937    26  718  217 33  1 65  0  0 2026-08-13 13:36:15
procs -----------memory---------- ---swap-- -----io---- -system-- ------cpu----- -----timestamp-----
 r  b   swpd   free   buff  cache   si   so    bi    bo   in   cs us sy id wa st                 UTC
 1  0 134400 670620   5484 1739284    0    0   967    15  715  209 33  1 65  0  0 2026-08-13 13:36:25
 1  0 134400 662808   5492 1748060    0    0   880    10  713  210 33  1 64  2  0 2026-08-13 13:36:35
 1  0 134400 650964   5500 1760780    0    0  1263    10  710  206 33  1 65  0  0 2026-08-13 13:36:45
 1  0 134400 638616   5508 1772692    1    0  1186    30  745  270 33  1 64  1  0 2026-08-13 13:36:55
 1  0 134400 630584   5524 1779632    0    0   686    20  757  238 34  1 64  0  1 2026-08-13 13:37:05
 1  0 134400 619244   5548 1787420    0    0   779    24  706  211 33  1 65  0  0 2026-08-13 13:37:15
 1  0 134400 610928   5556 1794928    0    0   750    11  707  205 33  1 65  0  1 2026-08-13 13:37:25
 1  0 134400 606140   5564 1804804    0    0   988    26  722  218 33  1 65  1  0 2026-08-13 13:37:35
 1  0 134400 594044   5572 1811176    0    0   640    16  708  210 33  1 65  0  0 2026-08-13 13:37:45
 1  0 134400 590264   5580 1818272    0    0   706    11  726  217 33  1 65  0  2 2026-08-13 13:37:55
 1  0 134400 586484   5588 1826096    0    0   782    11  786  238 32  1 63  1  3 2026-08-13 13:38:05
 1  0 134400 570608   5612 1834164    0    0   807    28  716  209 33  1 65  0  1 2026-08-13 13:38:15
 1  0 134400 559772   5620 1843936    0    0   977    12  717  211 33  1 65  0  0 2026-08-13 13:38:25
 1  0 134400 551708   5628 1852632    0    0   872    12  713  208 33  1 65  0  0 2026-08-13 13:38:35
 1  0 134400 546164   5636 1862432    0    0   979    11  715  212 33  1 65  1  1 2026-08-13 13:38:45
 1  0 134400 542820   5652 1871480    0    0   908    18  734  240 34  1 64  0  0 2026-08-13 13:38:55
 1  0 134400 531984   5660 1879948    0    0   845     2  720  212 33  1 65  0  0 2026-08-13 13:39:05
 1  0 134400 522408   5716 1888308    0    0   826    41  790  303 33  1 65  1  0 2026-08-13 13:39:15
 1  0 134400 514344   5724 1896844    0    0   863    28  723  224 33  1 65  0  1 2026-08-13 13:39:25
 1  0 134400 509048   5740 1905268    0    0   833    11  798  306 34  1 64  0  0 2026-08-13 13:39:35
 1  0 134400 493676   5748 1914416    0    0   924    11  715  210 33  1 65  0  1 2026-08-13 13:39:45
procs -----------memory---------- ---swap-- -----io---- -system-- ------cpu----- -----timestamp-----
 r  b   swpd   free   buff  cache   si   so    bi    bo   in   cs us sy id wa st                 UTC
 1  0 134400 488132   5756 1925008    0    0  1053     8  716  215 33  1 65  0  0 2026-08-13 13:39:55
 1  0 134400 476036   5764 1933252    0    0   820    29  722  215 33  1 65  0  1 2026-08-13 13:40:05
 1  0 134400 468224   5788 1941652    0    0   846    23  714  218 33  1 65  0  0 2026-08-13 13:40:15
 1  0 134400 456380   5796 1951352    0    0   964     9  722  220 33  1 65  1  0 2026-08-13 13:40:25
 1  0 134400 443784   5804 1959984    0    0   866     8  725  218 33  1 65  0  0 2026-08-13 13:40:35
 1  0 134400 441976   5820 1970968    0    0  1104    20  719  217 33  1 65  0  0 2026-08-13 13:40:45
 1  0 134400 433156   5828 1980560    0    0   958    20  723  228 33  1 65  1  0 2026-08-13 13:40:55
 1  0 134400 425596   5836 1988180    0    0   760     9  715  208 33  1 65  0  0 2026-08-13 13:41:05
 1  0 134400 409468   5868 2000900    0    0  1270    33  720  222 33  1 64  1  0 2026-08-13 13:41:15
 2  0 134400 405688   5876 2007772    0    0   689    10  790  298 33  1 65  0  0 2026-08-13 13:41:25
 1  0 134400 393088   5884 2017016    0    0   923    10  712  206 33  1 65  0  0 2026-08-13 13:41:35
 2  0 134400 388300   5892 2025284    0    0   823    11  707  203 33  1 65  0  0 2026-08-13 13:41:45
 1  0 134400 370408   5900 2036916    0    0  1167    10  730  226 33  1 64  1  1 2026-08-13 13:41:55
 1  0 134400 365620   5908 2045044    0    0   808    11  746  216 33  1 64  0  2 2026-08-13 13:42:05
 1  0 134400 353780   5932 2055704    0    0  1072    30  733  228 33  1 64  0  1 2026-08-13 13:42:15
 1  0 134400 348944   5940 2063712    0    0   803    26  713  210 34  1 65  0  0 2026-08-13 13:42:25
 1  0 134400 336596   5956 2075476    0    0  1168    18  721  213 33  1 65  1  0 2026-08-13 13:42:35
 1  0 134400 326516   5964 2082692    0    0   724    10  698  203 33  1 65  0  0 2026-08-13 13:42:45
 1  0 134400 310640   5972 2094408    0    0  1169    22  724  228 33  1 65  0  0 2026-08-13 13:42:55
 1  0 134400 309632   5980 2102876    0    0   846    17  724  209 33  1 65  0  0 2026-08-13 13:43:05
 1  0 134400 299852   6004 2112560    0    0   968    30  733  223 33  1 65  1  1 2026-08-13 13:43:15
procs -----------memory---------- ---swap-- -----io---- -system-- ------cpu----- -----timestamp-----
 r  b   swpd   free   buff  cache   si   so    bi    bo   in   cs us sy id wa st                 UTC
 1  0 134400 286748   6012 2122408    0    0   985    11  729  215 33  1 63  1  2 2026-08-13 13:43:25
 1  0 134400 277928   6020 2132536    0    0  1012    11  712  212 33  1 65  0  0 2026-08-13 13:43:35
 1  0 134400 145012   6028 1717540    0    0   384    13  899  310 37  7 55  0  1 2026-08-13 13:43:45
 1  0 134400 840916   5520 1550192    0    0   848    12  876  399 35  4 60  1  1 2026-08-13 13:43:55
 1  0 134400 828472   5528 1560196    0    0   998     6  765  244 34  1 63  1  1 2026-08-13 13:44:05
 1  0 134400 823032   5560 1568784    0    0   849    53  741  246 34  1 64  0  0 2026-08-13 13:44:15
 1  0 134400 811468   5568 1579164    0    0  1042    14  711  204 33  1 65  0  0 2026-08-13 13:44:25
 1  0 134400 799120   5576 1588264    0    0   907     9  712  206 33  1 65  0  0 2026-08-13 13:44:35
 2  0 134400 798616   5584 1598328    0    0  1005    20  727  221 33  1 65  0  0 2026-08-13 13:44:45
 1  0 134400 811460   5592 1605284    0    0   704    24  731  227 33  1 64  0  1 2026-08-13 13:44:55
 2  0 134400 802892   5600 1614476    0    0   912    10  731  208 33  1 65  0  2 2026-08-13 13:45:05
 1  0 134400 796088   5632 1623344    0    0   886    25  728  216 33  1 64  0  2 2026-08-13 13:45:15
 1  0 134400 788024   5640 1631152    0    0   779     8  756  224 32  1 63  1  2 2026-08-13 13:45:25
 1  0 134400 782732   5648 1636528    0    0   537    12  750  253 33  1 65  0  0 2026-08-13 13:45:35
 1  0 134400 770388   5664 1646872    0    0  1034    11  762  266 33  1 65  0  0 2026-08-13 13:45:45
 2  0 134400 761296   5680 1657040    0    0  1009    27  796  308 33  1 65  0  1 2026-08-13 13:45:55
 1  0 134400 754240   5688 1665240    0    0   817    15  722  208 33  1 65  0  0 2026-08-13 13:46:05
 1  0 134400 740632   5712 1677704    0    0  1246    28  719  223 33  1 65  0  0 2026-08-13 13:46:15
 1  0 134400 726772   5720 1690180    0    0  1250    10  719  211 33  1 65  0  0 2026-08-13 13:46:25
 1  0 134400 717448   5728 1699212    0    0   901     9  715  211 33  1 65  0  0 2026-08-13 13:46:35
 1  0 134400 706612   5736 1707408    0    0   820    14  719  213 33  1 65  0  0 2026-08-13 13:46:45
procs -----------memory---------- ---swap-- -----io---- -system-- ------cpu----- -----timestamp-----
 r  b   swpd   free   buff  cache   si   so    bi    bo   in   cs us sy id wa st                 UTC
 1  0 134400 699808   5744 1717588    0    0  1018    14  721  225 33  1 65  0  0 2026-08-13 13:46:55
 1  0 134400 692248   5752 1727564    0    0  1001    11  728  211 33  1 65  1  0 2026-08-13 13:47:05
 1  0 134400 676372   5776 1737424    0    0   990    23  701  205 33  1 65  0  0 2026-08-13 13:47:15
 1  0 134400 672376   5792 1747032    0    0   959    44  752  254 33  1 63  1  1 2026-08-13 13:47:25
 1  0 134400 660896   5800 1758452    0    0  1139    10  726  218 33  1 65  0  0 2026-08-13 13:47:35
 1  0 134400 645776   5808 1771196    0    0  1275    24  716  208 33  1 65  0  0 2026-08-13 13:47:45
 2  0 134400 638000   5816 1781684    0    0  1053    12  730  233 33  1 65  1  0 2026-08-13 13:47:55
 1  0 134400 626408   5832 1791916    0    0  1030    30  726  210 33  1 65  0  0 2026-08-13 13:48:05
 1  0 134400 618848   5864 1800184    0    0   813    30  719  223 33  1 65  0  0 2026-08-13 13:48:15
 1  0 134400 611708   5872 1809148    0    0   899    10  732  227 33  1 64  1  0 2026-08-13 13:48:25
 1  0 134400 603896   5888 1817332    0    0   814    25  698  198 33  1 65  0  0 2026-08-13 13:48:35
 1  0 134400 589784   5896 1827856    0    0  1051    13  707  208 33  1 65  0  0 2026-08-13 13:48:45
 1  0 134400 581972   5904 1836048    0    0   819    11  718  218 33  1 65  0  1 2026-08-13 13:48:55
 2  0 134400 574412   5912 1844672    0    0   868     6  734  217 34  1 64  0  1 2026-08-13 13:49:05
 1  0 134400 564280   5960 1856008    0    0  1125    48  762  255 33  1 62  2  1 2026-08-13 13:49:15
 1  0 134400 552688   5976 1865432    0    0   943    31  737  230 33  1 64  1  0 2026-08-13 13:49:25
 1  0 134400 544628   5984 1873748    0    0   828    11  742  229 33  1 64  1  0 2026-08-13 13:49:35
 1  0 134400 533036   5992 1882596    0    0   885     8  716  210 33  1 65  0  0 2026-08-13 13:49:45
 1  0 134400 519176   6000 1894268    0    0  1168     8  720  221 33  1 65  0  0 2026-08-13 13:49:55
 1  0 134400 517496   6008 1902568    0    0   830    24  758  241 33  1 64  1  1 2026-08-13 13:50:05
 1  0 134400 505148   6032 1911596    0    0   907    22  725  227 33  1 65  0  0 2026-08-13 13:50:15
procs -----------memory---------- ---swap-- -----io---- -system-- ------cpu----- -----timestamp-----
 r  b   swpd   free   buff  cache   si   so    bi    bo   in   cs us sy id wa st                 UTC
 1  0 134400 497084   6040 1919624    0    0   800    17  723  216 33  1 65  1  0 2026-08-13 13:50:25
 1  0 134400 488516   6048 1928368    0    0   875    10  717  215 33  1 65  0  0 2026-08-13 13:50:35
 1  0 134400 478436   6056 1937568    0    0   916     9  710  205 33  1 65  0  1 2026-08-13 13:50:45
 1  0 134400 470944   6080 1946484    0    0   899    16  746  244 33  1 64  0  1 2026-08-13 13:50:55
 1  0 134400 463132   6088 1955620    0    0   909    14  742  219 33  1 65  1  0 2026-08-13 13:51:05
 1  0 134400 452296   6120 1964340    0    0   874    25  718  221 33  1 65  0  0 2026-08-13 13:51:15
 1  0 134400 440228   6128 1974912    0    0  1053    22  710  207 33  1 65  0  0 2026-08-13 13:51:25
 2  0 134400 439376   6136 1983316    0    0   843    10  708  207 33  1 65  1  0 2026-08-13 13:51:35
 1  0 134400 427280   6144 1991860    0    0   859    14  738  218 33  1 64  0  2 2026-08-13 13:51:45
 1  0 134400 408632   6152 2002588    0    0  1063    10  712  213 33  1 65  0  0 2026-08-13 13:51:55
 1  0 134400 397796   6160 2013032    0    0  1046    10  738  214 33  1 64  0  2 2026-08-13 13:52:05
 1  0 134400 384944   6192 2022848    0    0   980    34  719  223 33  1 65  0  0 2026-08-13 13:52:15
 1  0 134400 380660   6200 2032800    0    0  1002    10  708  207 33  1 65  0  0 2026-08-13 13:52:25
 1  0 134400 378904   6208 2042480    0    0   965    10  739  232 33  1 64  1  0 2026-08-13 13:52:35
 1  0 134400 365248   6224 2053576    0    0  1106    40  737  238 33  1 64  1  0 2026-08-13 13:52:45
 1  0 134400 348616   6232 2066620    0    0  1317    13  715  214 33  1 65  0  0 2026-08-13 13:52:55
 1  0 134400 344836   6240 2076596    0    0   986    11  720  208 33  1 65  0  1 2026-08-13 13:53:05
 1  0 134400 328960   6264 2086392    0    0   982    30  708  213 34  1 65  0  0 2026-08-13 13:53:15
 1  0 134400 327448   6272 2095136    0    0   871    12  779  291 34  1 64  0  0 2026-08-13 13:53:25
 1  0 134400 310816   6280 2105792    0    0  1072    11  703  207 33  1 65  0  0 2026-08-13 13:53:35
 1  0 134400 302752   6288 2116116    0    0  1032    12  711  209 33  1 65  0  0 2026-08-13 13:53:45
procs -----------memory---------- ---swap-- -----io---- -system-- ------cpu----- -----timestamp-----
 r  b   swpd   free   buff  cache   si   so    bi    bo   in   cs us sy id wa st                 UTC
 1  0 134400 115584   4000 1724796    0    0   837    12  925  326 36  8 55  0  1 2026-08-13 13:53:55
 1  0 134400 943024   1196 1459704    0    0   512    11  896  400 35  5 59  0  1 2026-08-13 13:54:05
 2  0 134400 922892   1220 1472340    0    0  1262    37  772  279 33  1 65  1  0 2026-08-13 13:54:15
 1  0 134400 917108   1228 1482804    0    0  1045     6  738  233 33  1 65  1  0 2026-08-13 13:54:25
 1  0 134400 909044   1244 1491660    0    0   892    27  707  208 33  1 65  0  0 2026-08-13 13:54:35
 1  0 134400 902240   1252 1500884    0    0   919    11  706  213 34  1 65  0  0 2026-08-13 13:54:45
 1  0 134400 890396   1260 1511836    0    0  1098     7  814  325 34  1 65  0  0 2026-08-13 13:54:55
 1  0 134400 882080   1268 1520944    0    0   908     9  722  214 33  1 65  0  1 2026-08-13 13:55:05
 1  0 134400 872464   1308 1530908    0    0   996    41  722  235 34  1 65  0  0 2026-08-13 13:55:15
 1  0 134400 856484   1316 1544144    0    0  1326    12  736  231 34  1 65  0  0 2026-08-13 13:55:25
 1  0 134400 844668   1332 1554036    0    0   990    18  714  214 33  1 65  0  0 2026-08-13 13:55:35
 1  0 134400 836856   1348 1563192    0    0   918    13  722  220 33  1 65  0  0 2026-08-13 13:55:45
 1  0 133632 819980   1428 1592664  220    0  3053    50 1100  632 38 17 38  7  0 2026-08-13 13:55:55
 1  0 133632 816480   1444 1601008    0    0   838    22  736  233 33  1 65  0  0 2026-08-13 13:56:05
 1  0 133632 810400   1468 1609664    0    0   862    30  707  211 33  1 65  0  0 2026-08-13 13:56:15
 1  0 133632 800572   1476 1619420    0    0   970    22  710  207 33  1 65  0  1 2026-08-13 13:56:25
 1  0 133632 791500   1484 1628444    0    0   907     9  708  209 33  1 65  0  0 2026-08-13 13:56:35
 1  0 133632 779656   1492 1638488    0    0  1010    15  705  203 33  1 65  0  0 2026-08-13 13:56:45
 1  0 133632 768064   1500 1648012    0    0   944    10  718  221 34  1 65  0  0 2026-08-13 13:56:55
 1  0 133632 760000   1508 1657752    0    0   978    10  722  215 33  1 65  0  0 2026-08-13 13:57:05
 1  0 133632 752188   1532 1666436    0    0   864    23  707  210 33  1 65  0  0 2026-08-13 13:57:15
procs -----------memory---------- ---swap-- -----io---- -system-- ------cpu----- -----timestamp-----
 r  b   swpd   free   buff  cache   si   so    bi    bo   in   cs us sy id wa st                 UTC
 1  0 133632 744892   1540 1676044    0    0   958    13  707  211 33  1 65  0  0 2026-08-13 13:57:25
 1  0 133632 734308   1548 1686548    0    0  1055    10  780  287 33  1 65  0  0 2026-08-13 13:57:35
 1  0 133632 704156   1556 1714056    4    0  2756    12  802  307 34  2 63  1  0 2026-08-13 13:57:45
 1  0 133632 699144   1564 1722188    0    0   808    14  728  235 34  1 65  0  0 2026-08-13 13:57:55
 1  0 133632 683020   1572 1735188    0    0  1309    18  747  232 33  1 64  1  0 2026-08-13 13:58:05
 1  0 133632 675560   1596 1741652    0    0   639    61  713  219 34  1 65  0  0 2026-08-13 13:58:15
 1  0 133632 666488   1604 1753404    0    0  1173    17  699  199 33  1 65  0  0 2026-08-13 13:58:25
 1  0 133632 649352   1612 1768352    0    0  1499    10  725  218 33  1 64  1  0 2026-08-13 13:58:35
 1  0 133632 638264   1620 1776884    0    0   858    23  712  210 33  1 65  0  0 2026-08-13 13:58:45
 1  0 133632 630200   1628 1786988    0    0  1010    11  709  217 33  1 65  0  0 2026-08-13 13:58:55
 1  0 133632 614324   1636 1797812    0    0  1073    10  718  205 33  1 65  0  0 2026-08-13 13:59:05
 1  0 133632 613568   1692 1807888    0    0  1000    38  782  289 33  1 64  2  0 2026-08-13 13:59:15
 1  0 133632 598196   1700 1817112    3    0   926     6  727  210 33  2 64  0  1 2026-08-13 13:59:25
 1  0 133632 594680   1716 1827460    0    0  1033    21  805  302 33  1 64  1  1 2026-08-13 13:59:35
 1  0 133632 582584   1724 1836068    0    0   868    14  719  216 33  1 65  0  0 2026-08-13 13:59:45
 1  0 133632 573008   1732 1844800    0    0   872     9  716  217 33  1 65  0  0 2026-08-13 13:59:55
 1  0 133632 564944   1748 1854200    0    0   933    27  729  210 33  1 65  0  1 2026-08-13 14:00:05
 1  0 133632 549824   1772 1863416    0    0   931    26  715  214 33  1 65  0  1 2026-08-13 14:00:15
 1  0 133632 547616   1780 1872772    0    0   926    24  743  242 33  1 64  1  0 2026-08-13 14:00:25
 1  0 133632 536528   1788 1884428    0    0  1175     9  698  198 33  1 65  0  0 2026-08-13 14:00:35
 1  0 133376 525188   1796 1896416    0    0  1196    15  719  216 33  1 65  0  0 2026-08-13 14:00:45
procs -----------memory---------- ---swap-- -----io---- -system-- ------cpu----- -----timestamp-----
 r  b   swpd   free   buff  cache   si   so    bi    bo   in   cs us sy id wa st                 UTC
 1  0 133376 515540   1804 1906360    1    0   993    12  725  230 33  1 64  0  1 2026-08-13 14:00:55
 1  0 133376 507728   1828 1914492    0    0   817    39  728  215 33  1 65  0  1 2026-08-13 14:01:05
 1  0 133376 500504   1868 1923476    0    0   890    38  731  233 33  1 65  0  1 2026-08-13 14:01:15
 1  0 133376 488912   1876 1932120    0    0   872    10  705  208 33  1 65  0  0 2026-08-13 14:01:25
 1  0 133376 481604   1884 1940788    0    0   866    13  720  217 33  1 65  1  0 2026-08-13 14:01:35
 1  0 133376 467492   1892 1952108    0    0  1124    23  714  214 33  1 65  0  0 2026-08-13 14:01:45
 1  0 133376 455900   1900 1960388    0    0   837    11  728  227 33  1 65  0  0 2026-08-13 14:01:55
 1  0 133376 447836   1908 1969404    0    0   897    11  722  207 33  1 65  0  0 2026-08-13 14:02:05
 1  0 133376 431960   1932 1980836    0    0  1139    24  720  228 33  1 65  1  0 2026-08-13 14:02:15
 1  0 133376 428432   1940 1990828    0    0  1002    10  724  220 33  1 65  1  0 2026-08-13 14:02:25
 1  0 133376 416084   1948 2003068    0    0  1222    10  721  216 33  1 65  0  0 2026-08-13 14:02:35
 1  0 133376 398948   1956 2011960    0    0   894    15  698  200 33  1 65  0  0 2026-08-13 14:02:45
 1  0 133376 394104   1972 2022584    0    0  1061    34  734  236 34  1 64  0  0 2026-08-13 14:02:55
 1  0 133376 378256   1980 2033572    0    0  1098     8  737  226 33  2 64  0  0 2026-08-13 14:03:05
 1  0 133376 367168   2012 2042664    0    0   906    30  728  227 33  1 65  1  0 2026-08-13 14:03:15
 1  0 133376 359860   2028 2055208    0    0  1260    17  708  206 33  1 65  0  0 2026-08-13 14:03:25
 1  0 133376 347764   2036 2064672    0    0   939     7  707  209 33  1 65  0  0 2026-08-13 14:03:35
 1  0 133376 339452   2044 2074468    0    0   989    12  709  209 33  1 65  0  0 2026-08-13 14:03:45
 1  0 133376 332064   2052 2084816    0    0  1033    20  715  216 34  1 65  0  0 2026-08-13 14:03:55
 1  0 133376 133700    636 1706324    0    0   608     6  940  321 38 10 52  0  0 2026-08-13 14:04:05
 1  0 133376 886240    644 1493280    0    0  1236    24  901  431 36  5 59  0  0 2026-08-13 14:04:15
procs -----------memory---------- ---swap-- -----io---- -system-- ------cpu----- -----timestamp-----
 r  b   swpd   free   buff  cache   si   so    bi    bo   in   cs us sy id wa st                 UTC
 1  0 133376 882712    652 1507500    0    0  1420    19  727  221 33  1 65  0  0 2026-08-13 14:04:25
 1  0 133376 875420    660 1518804    0    0  1139    20  720  218 34  1 65  0  0 2026-08-13 14:04:35
 1  0 133376 859544    676 1530284    0    0  1139    31  718  213 33  1 65  0  0 2026-08-13 14:04:45
 1  0 133376 843668    684 1539680    0    0   941     4  707  203 33  1 65  0  0 2026-08-13 14:04:55
 1  0 133376 843416    692 1549964    0    0  1032     8  729  215 33  1 65  0  1 2026-08-13 14:05:05
 1  0 133376 831824    724 1561056    0    0  1119    34  726  222 33  1 64  0  1 2026-08-13 14:05:15
 1  0 133376 820136    740 1572228    0    0  1110    30  729  228 34  1 64  0  0 2026-08-13 14:05:25
 1  0 133376 808292    748 1581836    0    0   954     5  724  221 33  1 65  1  0 2026-08-13 14:05:35
 1  0 133376 793172    756 1594076    0    0  1223    16  701  206 34  1 65  0  0 2026-08-13 14:05:45
 1  0 133376 785360    764 1604580    0    0  1056    10  706  214 33  1 65  0  0 2026-08-13 14:05:55
 1  0 133376 775280    772 1615460    0    0  1082     9  789  287 33  1 65  0  0 2026-08-13 14:06:05
 1  0 133376 766716    796 1625980    0    0  1052    23  716  222 34  1 64  1  0 2026-08-13 14:06:15
 1  0 133376 756560    812 1636056    0    0  1007    24  739  233 34  1 64  1  0 2026-08-13 14:06:25
 1  0 133376 741692    828 1650048    0    0  1407    11  702  198 33  1 65  0  0 2026-08-13 14:06:35
 1  0 133376 722792    836 1660600    0    0  1048    27  709  206 34  1 65  0  0 2026-08-13 14:06:45
 1  0 133376 719768    852 1671864    0    0  1132    11  711  215 33  1 65  0  0 2026-08-13 14:06:55
 2  0 133376 703892    860 1683204    0    0  1137    12  706  205 33  1 65  0  0 2026-08-13 14:07:05
 1  0 133376 696080    892 1694752    0    0  1152    27  708  211 33  1 65  0  0 2026-08-13 14:07:15
 1  0 133376 685244    900 1705276    0    0  1051    12  706  206 33  1 65  0  0 2026-08-13 14:07:25
 1  0 133376 674408    908 1717228    0    0  1191    12  708  205 33  1 65  0  0 2026-08-13 14:07:35
 1  0 133376 658532    916 1728556    0    0  1132    10  703  198 33  1 65  0  0 2026-08-13 14:07:45
procs -----------memory---------- ---swap-- -----io---- -system-- ------cpu----- -----timestamp-----
 r  b   swpd   free   buff  cache   si   so    bi    bo   in   cs us sy id wa st                 UTC
 1  0 133376 644544    924 1743828    0    0  1527    31  749  266 33  1 65  1  0 2026-08-13 14:07:55
 1  0 133376 644936    940 1749524    0    0   574    20  751  240 34  1 64  0  1 2026-08-13 14:08:05
 1  0 133376 653104    964 1765356    0    0  1579    25  712  221 33  1 65  0  0 2026-08-13 14:08:15
 5  0 133376 635464    972 1776996    0    0  1163    10  714  207 33  1 66  0  0 2026-08-13 14:08:25
 1  0 133376 628660    988 1788600    0    0  1160    42  703  203 33  1 65  1  0 2026-08-13 14:08:35
 1  0 133376 612784    996 1801004    0    0  1240     8  710  206 33  1 65  0  0 2026-08-13 14:08:45
 1  0 133376 607296   1004 1810792    0    0   979    11  715  216 33  1 65  0  0 2026-08-13 14:08:55
 1  0 133376 591672   1020 1821380    0    0  1059    31  724  215 33  1 65  0  0 2026-08-13 14:09:05
 1  0 133376 575796   1068 1833988    0    0  1255    30  743  248 34  1 64  0  1 2026-08-13 14:09:15
 1  0 133376 567984   1076 1844444    0    0  1046     7  732  224 33  1 65  1  0 2026-08-13 14:09:25
 1  0 133376 552864   1084 1855520    0    0  1107    14  717  212 33  1 65  0  0 2026-08-13 14:09:35
 1  0 133376 549516   1092 1868020    0    0  1250    13  735  230 33  1 65  1  0 2026-08-13 14:09:45
 1  0 133376 536412   1108 1880884    0    0  1286    24  723  218 33  1 65  0  0 2026-08-13 14:09:55
 1  0 133376 531876   1116 1887372    0    0   648     8  759  222 32  1 63  0  3 2026-08-13 14:10:05
 1  0 133376 516756   1148 1897636    0    0  1026    32  760  222 32  1 63  0  4 2026-08-13 14:10:15
 1  0 133376 509700   1156 1908412    0    0  1078     8  732  217 33  1 65  1  1 2026-08-13 14:10:25
 1  0 133376 492060   1164 1919604    0    0  1119    10  716  207 33  1 65  0  0 2026-08-13 14:10:35
 1  0 133376 487272   1172 1931228    0    0  1162    10  719  212 33  1 65  0  0 2026-08-13 14:10:45
 1  0 133376 478916   1188 1941856    0    0  1063    11  716  210 33  1 65  0  1 2026-08-13 14:10:55
 1  0 133376 465812   1196 1952704    0    0  1084    10  709  201 33  1 65  0  0 2026-08-13 14:11:05
 1  0 133376 456236   1236 1964472    0    0  1179    31  718  227 33  1 65  0  0 2026-08-13 14:11:15
procs -----------memory---------- ---swap-- -----io---- -system-- ------cpu----- -----timestamp-----
 r  b   swpd   free   buff  cache   si   so    bi    bo   in   cs us sy id wa st                 UTC
 1  1 133376 445012   1248 1976136    0    0  1166    32  750  236 34  1 63  0  2 2026-08-13 14:11:25
 1  0 133376 427876   1260 1987236    0    0  1109    22  719  211 33  1 65  0  1 2026-08-13 14:11:35
 2  0 133376 419812   1268 1996744    0    0   951    11  708  205 33  1 65  0  0 2026-08-13 14:11:45
 1  0 133376 410992   1276 2007528    0    0  1078    16  724  216 33  1 65  0  1 2026-08-13 14:11:55
 1  0 133376 403936   1292 2017404    0    0   987    12  726  216 33  1 65  1  1 2026-08-13 14:12:05
 1  0 133376 395116   1316 2024212    0    0   681    24  735  223 33  1 64  0  1 2026-08-13 14:12:15
 1  0 133376 383524   1324 2034724    0    0  1051    10  726  216 33  1 65  1  1 2026-08-13 14:12:25
 1  0 133376 372688   1332 2045796    0    0  1107    17  704  197 33  1 65  0  0 2026-08-13 14:12:35
 1  0 133376 356812   1340 2061748    0    0  1597    10  762  257 33  1 65  1  0 2026-08-13 14:12:45
 1  0 133376 348244   1348 2073720    0    0  1195    11  750  248 33  1 65  0  0 2026-08-13 14:12:55
 1  0 133376 334064   1356 2085184    0    0  1146    10  731  218 34  1 64  0  0 2026-08-13 14:13:05
 1  0 133376 317936   1380 2096960    0    0  1177    29  711  215 33  1 65  0  0 2026-08-13 14:13:15
 1  0 133376 309620   1388 2108324    0    0  1136    11  720  216 33  1 65  0  1 2026-08-13 14:13:25
 1  0 133376 300044   1396 2120956    0    0  1250    31  723  220 33  1 65  0  0 2026-08-13 14:13:35
 1  0 133376 285932   1404 2131276    0    0  1034    12  712  208 33  1 65  0  0 2026-08-13 14:13:45
 1  0 133376 277364   1412 2142988    0    0  1169    11  725  221 33  1 64  1  1 2026-08-13 14:13:55
 2  0 133376 263328   1420 2153860    0    0  1087     6  724  216 33  1 65  0  1 2026-08-13 14:14:05
 3  0 133376 136184   1460 1673896    0    0   738    38  961  361 37  9 53  0  1 2026-08-13 14:14:15
 1  0 133376 848220   1468 1543304    0    0   951     6  872  392 35  4 60  0  1 2026-08-13 14:14:25
 1  0 133376 840156   1476 1555840    0    0  1253    28  719  220 33  1 65  1  0 2026-08-13 14:14:35
 1  0 133376 826696   1484 1567088    0    0  1125    12  725  221 33  1 65  0  0 2026-08-13 14:14:45
procs -----------memory---------- ---swap-- -----io---- -system-- ------cpu----- -----timestamp-----
 r  b   swpd   free   buff  cache   si   so    bi    bo   in   cs us sy id wa st                 UTC
 1  0 133376 819876   1492 1578264    0    0  1120    10  724  214 33  1 65  0  1 2026-08-13 14:14:55
 1  0 133376 807024   1500 1589624    0    0  1136     8  777  268 33  1 64  0  1 2026-08-13 14:15:05
 1  0 133376 790392   1532 1600868    0    0  1120    25  779  274 33  1 64  0  1 2026-08-13 14:15:15
 1  0 133376 783336   1540 1612216    0    0  1135    31  707  203 33  1 65  0  1 2026-08-13 14:15:25
 1  0 133376 767460   1548 1624472    0    0  1225     9  719  213 33  1 65  1  1 2026-08-13 14:15:35
 1  0 133376 760404   1556 1635004    0    0  1056     9  735  220 33  1 64  1  1 2026-08-13 14:15:45
 1  0 133376 752340   1564 1640612    0    0   558    10  708  200 33  1 65  0  1 2026-08-13 14:15:55
 1  0 133376 737220   1572 1651212    0    0  1060    14  733  211 33  1 65  0  1 2026-08-13 14:16:05
 1  0 133376 730164   1596 1662784    0    0  1157    22  720  218 33  1 65  1  0 2026-08-13 14:16:15
 2  0 133376 721876   1612 1674920    0    0  1221    10  702  205 33  1 65  0  0 2026-08-13 14:16:25
 1  0 133376 707520   1636 1689372    0    0  1437    20  740  244 34  1 64  0  0 2026-08-13 14:16:35
 1  0 133376 690384   1644 1700724    0    0  1135    13  720  221 34  1 65  0  0 2026-08-13 14:16:45
 1  0 133376 679296   1660 1712004    0    0  1128    35  705  211 33  1 65  0  0 2026-08-13 14:16:55
 1  0 133376 673272   1668 1723296    0    0  1129    11  721  210 34  1 65  0  0 2026-08-13 14:17:05
 1  0 133376 657648   1700 1736860    0    0  1356    34  730  227 33  1 65  1  1 2026-08-13 14:17:15
 1  0 133376 646560   1708 1748612    0    0  1175    11  719  215 33  1 65  1  0 2026-08-13 14:17:25
 1  0 133376 636480   1716 1758256    0    0   964    23  699  200 34  1 65  0  0 2026-08-13 14:17:35
 1  0 133376 625392   1724 1771148    0    0  1289    12  702  207 33  1 65  0  0 2026-08-13 14:17:45
 1  0 133376 605736   1732 1785644    0    0  1450    10  710  210 33  1 65  0  0 2026-08-13 14:17:55
 1  0 133376 601460   1748 1797860    0    0  1221    18  752  260 34  1 64  1  0 2026-08-13 14:18:05
 1  0 133376 597744   1772 1808684    0    0  1082    32  721  224 33  1 65  0  0 2026-08-13 14:18:15
procs -----------memory---------- ---swap-- -----io---- -system-- ------cpu----- -----timestamp-----
 r  b   swpd   free   buff  cache   si   so    bi    bo   in   cs us sy id wa st                 UTC
 1  0 133376 582624   1780 1820724    0    0  1205    10  717  216 33  1 65  1  0 2026-08-13 14:18:25
 1  0 133376 580860   1788 1830536    0    0   980    43  705  204 33  1 65  0  0 2026-08-13 14:18:35
 1  0 133376 567000   1804 1842036    0    0  1150    19  717  213 33  1 65  0  0 2026-08-13 14:18:45
 1  0 133376 559944   1812 1851692    0    0   966    12  701  201 33  1 65  0  0 2026-08-13 14:18:55
 1  0 133376 544320   1820 1866804    0    0  1511     5  723  213 33  1 65  1  0 2026-08-13 14:19:05
 1  0 133376 528192   1876 1878728    0    0  1186    48  747  255 33  1 65  1  0 2026-08-13 14:19:15
 1  0 133376 526320   1884 1891412    0    0  1271    10  727  225 33  1 65  0  0 2026-08-13 14:19:25
 1  0 133376 510192   1892 1902912    0    0  1147    12  713  221 34  1 65  0  0 2026-08-13 14:19:35
 1  0 133376 502380   1900 1912248    0    0   934     9  699  203 33  1 65  0  0 2026-08-13 14:19:45
 1  0 133376 492664   1908 1923460    0    0  1121    23  776  291 33  1 65  0  0 2026-08-13 14:19:55
 1  0 133376 476788   1924 1934852    0    0  1139    27  724  214 33  1 64  0  1 2026-08-13 14:20:05
 1  0 133376 473008   1948 1945536    0    0  1068    22  718  218 33  1 64  1  1 2026-08-13 14:20:15
 1  0 133376 462424   1956 1957792    0    0  1226     8  718  209 33  1 65  1  0 2026-08-13 14:20:25
 1  0 133376 448312   1964 1969184    0    0  1139    13  693  195 33  1 65  0  0 2026-08-13 14:20:35
 1  0 133376 437476   1972 1980268    0    0  1111     9  700  200 33  1 65  0  0 2026-08-13 14:20:45
 1  0 133376 422860   1980 1991912    0    0  1162     9  696  203 33  1 65  0  0 2026-08-13 14:20:55
 1  0 133376 414796   1988 2003232    0    0  1132    13  705  200 33  1 65  0  0 2026-08-13 14:21:05
 1  0 133376 398920   2020 2015840    0    0  1262    26  717  229 33  1 65  0  0 2026-08-13 14:21:15
 1  0 133376 391108   2028 2026552    0    0  1071    10  704  208 33  1 65  0  1 2026-08-13 14:21:25
 0  1 133376 380020   2044 2040384    0    0  1387    11  709  210 34  1 65  0  0 2026-08-13 14:21:35
 1  0 133376 367924   2052 2052360    0    0  1192    13  714  210 33  1 65  0  0 2026-08-13 14:21:45
procs -----------memory---------- ---swap-- -----io---- -system-- ------cpu----- -----timestamp-----
 r  b   swpd   free   buff  cache   si   so    bi    bo   in   cs us sy id wa st                 UTC
 1  0 133376 361856   2068 2060488    1    0   815    30  725  226 34  1 64  0  1 2026-08-13 14:21:55
 1  0 133376 345728   2076 2072880    0    0  1239    10  734  218 33  1 64  1  1 2026-08-13 14:22:05
 1  0 133376 338672   2100 2081708    0    0   886    30  710  214 33  1 65  0  1 2026-08-13 14:22:15
 1  0 133376 322544   2108 2093412    0    0  1172    10  724  211 33  1 65  1  0 2026-08-13 14:22:25
 1  0 133376 315488   2116 2103448    0    0   999    10  697  201 34  1 65  0  0 2026-08-13 14:22:35
 1  0 133376 307424   2124 2115116    0    0  1170    10  691  195 33  1 66  0  0 2026-08-13 14:22:45
 1  0 133376 290036   2132 2130032    0    0  1489    10  704  204 33  1 65  0  0 2026-08-13 14:22:55
 1  0 133376 281720   2140 2140772    0    0  1074    11  713  207 33  1 65  0  0 2026-08-13 14:23:05
 2  0 133376 265340   2172 2154184    0    0  1341    26  721  220 33  1 64  1  0 2026-08-13 14:23:15
 1  0 133376 249212   2180 2163204    0    0   902    16  707  200 33  1 65  0  1 2026-08-13 14:23:25
 1  0 133376 241652   2188 2175576    0    0  1237    12  715  215 33  1 65  1  0 2026-08-13 14:23:35
 1  0 133376 235420   2196 2187164    0    0  1161    13  714  219 34  1 65  0  0 2026-08-13 14:23:45
 1  0 133376 223072   2212 2198464    0    0  1130    27  703  208 34  1 65  0  0 2026-08-13 14:23:55
 1  0 133376 207196   2220 2210172    0    0  1168    13  719  214 33  1 65  1  0 2026-08-13 14:24:05
 1  0 133376 200560   2244 2222732    0    0  1254    23  777  285 34  1 65  0  0 2026-08-13 14:24:15
 1  1 133376 783324   2256 1597712    0    0   810    25 1013  477 39  9 52  0  0 2026-08-13 14:24:25
 1  0 133376 791652   2268 1611236    0    0  1354    11  721  221 33  1 65  1  0 2026-08-13 14:24:35
 1  0 133376 781824   2276 1621880    0    0  1064    18  706  207 34  1 65  0  0 2026-08-13 14:24:45
 1  0 133376 770736   2284 1633696    0    0  1179     9  709  204 33  1 65  0  0 2026-08-13 14:24:55
 1  0 133376 747552   2292 1647536    0    0  1386     9  739  233 33  1 65  1  0 2026-08-13 14:25:05
 1  0 133376 739740   2324 1655996    0    0   841    25  759  263 33  1 65  0  1 2026-08-13 14:25:15
procs -----------memory---------- ---swap-- -----io---- -system-- ------cpu----- -----timestamp-----
 r  b   swpd   free   buff  cache   si   so    bi    bo   in   cs us sy id wa st                 UTC
 1  0 133376 723612   2332 1669412    0    0  1342    17  724  214 33  1 64  1  0 2026-08-13 14:25:25
 1  0 133376 715800   2340 1679364    0    0   995    13  763  266 33  1 65  0  0 2026-08-13 14:25:35
 1  0 133376 700176   2348 1694736    0    0  1546     9  712  211 33  1 65  0  0 2026-08-13 14:25:45
 0  1 133376 685056   2356 1707620    0    0  1280     9  701  202 33  1 65  0  1 2026-08-13 14:25:55
 1  0 133376 677496   2364 1717984    0    0  1039     9  717  212 33  1 65  0  0 2026-08-13 14:26:05
 0  1 133376 669936   2396 1728824    0    0  1081    32  703  205 34  1 65  0  1 2026-08-13 14:26:15
 1  0 133376 661872   2404 1735752    0    0   693     9  706  202 33  1 65  0  1 2026-08-13 14:26:25
 1  0 133376 646752   2412 1751256    0    0  1552     9  699  200 33  1 65  0  0 2026-08-13 14:26:35
 1  0 133376 631128   2420 1764132    0    0  1285    10  706  207 33  1 65  0  0 2026-08-13 14:26:45
 1  0 133376 629112   2444 1774684    0    0  1055    30  710  218 34  1 65  0  0 2026-08-13 14:26:55
 1  0 133376 618276   2452 1786040    0    0  1135    10  719  220 33  1 65  0  0 2026-08-13 14:27:05
 1  0 133376 606684   2476 1797096    0    0  1108    23  705  210 33  1 65  0  0 2026-08-13 14:27:15
 1  0 133376 592824   2484 1807700    0    0  1058    19  720  212 33  1 64  0  1 2026-08-13 14:27:25
 1  0 133376 579216   2492 1821464    0    0  1376    10  731  223 33  1 65  0  0 2026-08-13 14:27:35
 1  0 133376 569388   2500 1830684    0    0   924    11  706  208 33  1 65  0  0 2026-08-13 14:27:45
 1  0 133376 556284   2508 1842320    0    0  1164    12  699  200 33  1 65  0  0 2026-08-13 14:27:55
 1  0 133376 544440   2516 1851956    0    0   963    11  734  219 33  1 65  0  1 2026-08-13 14:28:05
 1  0 133376 536628   2540 1861520    0    0   954    24  706  214 33  1 65  0  0 2026-08-13 14:28:15
 1  0 133376 528032   2560 1873744    0    0  1226    18  727  242 34  1 65  0  0 2026-08-13 14:28:25
 1  0 133376 512408   2568 1887844    0    0  1413     8  701  200 33  1 65  0  0 2026-08-13 14:28:35
 1  0 133376 496784   2576 1902780    0    0  1492    20  709  209 33  1 65  0  0 2026-08-13 14:28:45
procs -----------memory---------- ---swap-- -----io---- -system-- ------cpu----- -----timestamp-----
 r  b   swpd   free   buff  cache   si   so    bi    bo   in   cs us sy id wa st                 UTC
 1  0 133376 481664   2592 1913912    0    0  1108    40  705  207 33  1 65  0  0 2026-08-13 14:28:55
 1  0 133376 474104   2600 1924936    0    0  1104     8  717  208 33  1 65  0  0 2026-08-13 14:29:05
 1  0 133376 474104   2672 1936660    0    0  1163    44  756  264 33  1 65  1  0 2026-08-13 14:29:15
 1  0 133376 466292   2680 1947596    0    0  1096     6  708  212 33  1 65  0  0 2026-08-13 14:29:25
 1  0 133376 449916   2688 1959132    0    0  1150    24  737  232 33  1 65  1  0 2026-08-13 14:29:35
 1  0 133376 444968   2696 1971104    0    0  1194    26  715  213 33  1 65  0  0 2026-08-13 14:29:45
 1  0 133376 431864   2712 1983512    0    0  1241    10  718  219 33  1 65  0  0 2026-08-13 14:29:55
 1  0 133376 416744   2720 1998300    0    0  1485     8  752  229 33  1 65  1  0 2026-08-13 14:30:05
 1  0 133376 408932   2744 2006112    0    0   777    29  708  211 33  1 65  0  1 2026-08-13 14:30:15
 1  0 133376 392048   2752 2021908    0    0  1577     8  717  211 33  1 65  0  0 2026-08-13 14:30:25
 1  0 133376 384236   2760 2032176    0    0  1027     8  698  198 33  1 65  0  0 2026-08-13 14:30:35
 1  0 133376 374660   2776 2042836    0    0  1067    16  706  204 33  1 65  0  0 2026-08-13 14:30:45
 1  0 133376 361556   2784 2054608    0    0  1176     6  712  215 34  1 65  0  0 2026-08-13 14:30:55
 1  0 133376 346436   2792 2065848    0    0  1124     8  713  209 33  1 65  0  0 2026-08-13 14:31:05
 1  0 133376 339380   2824 2077380    0    0  1154    29  703  210 33  1 65  0  0 2026-08-13 14:31:15
 1  0 133376 329804   2832 2087796    0    0  1044    10  732  219 33  1 65  1  1 2026-08-13 14:31:25
 1  0 133376 314684   2840 2098568    0    0  1074     9  704  202 33  1 65  0  0 2026-08-13 14:31:35
 1  0 133376 302840   2848 2110160    0    0  1159    10  727  229 33  1 65  0  0 2026-08-13 14:31:45
 1  0 133376 294776   2856 2122508    0    0  1234    16  727  223 33  1 65  1  0 2026-08-13 14:31:55
 1  0 133376 279656   2864 2133720    0    0  1121    12  798  293 33  1 65  0  1 2026-08-13 14:32:05
 2  0 133376 271340   2896 2144176    0    0  1045    24  707  208 33  1 64  1  0 2026-08-13 14:32:15
procs -----------memory---------- ---swap-- -----io---- -system-- ------cpu----- -----timestamp-----
 r  b   swpd   free   buff  cache   si   so    bi    bo   in   cs us sy id wa st                 UTC
 2  0 133376 271940   2912 2155584    0    0  1141    28  731  235 34  1 64  0  0 2026-08-13 14:32:25
 2  0 133376 255308   2920 2166920    0    0  1136    21  711  211 33  1 65  1  0 2026-08-13 14:32:35
 2  0 133376 247244   2928 2178464    0    0  1152    10  711  209 33  1 65  0  0 2026-08-13 14:32:45
 1  0 133376 232376   2936 2190432    0    0  1200    23  701  201 33  1 65  0  0 2026-08-13 14:32:55
 2  0 133376 224312   2944 2201264    0    0  1083    11  736  213 33  1 64  0  2 2026-08-13 14:33:05
 1  0 133376 216048   2968 2211408    0    0  1012    30  777  237 32  1 62  1  3 2026-08-13 14:33:15
 2  0 133376 208236   2984 2217684    0    0   628    32  790  220 32  1 61  0  6 2026-08-13 14:33:25
 1  0 133376 192360   2992 2227500    0    0   981     7  761  213 33  1 62  0  4 2026-08-13 14:33:35
 1  0 133376 189588   3000 2238056    0    0  1056    13  729  220 33  1 65  1  0 2026-08-13 14:33:45
 2  0 133376 176164   3008 2249148    0    0  1109    14  720  216 34  1 65  0  1 2026-08-13 14:33:55
 2  0 133376 166612   3024 2260424    0    0  1130    12  741  229 33  1 64  0  1 2026-08-13 14:34:05
 2  0 133376 155524   3048 2271460    0    0  1098    22  794  307 33  1 65  0  0 2026-08-13 14:34:15
 2  0 133376 143176   3056 2283412    0    0  1195    38  716  216 33  1 65  0  0 2026-08-13 14:34:25
 3  0 133376 747672   3064 1633876    0    0   593    10  998  455 38  9 53  0  0 2026-08-13 14:34:35
 1  0 133376 757364   3072 1644784    0    0  1082     9  745  210 34  4 61  0  0 2026-08-13 14:34:45
 1  0 133376 741992   3080 1659020    0    0  1427     9  731  229 33  1 65  0  0 2026-08-13 14:34:55
 1  0 133376 734232   3088 1666256    0    0   722     8  790  276 33  1 64  0  2 2026-08-13 14:35:05
 1  0 133376 721912   3120 1677760    0    0  1146    40  715  218 33  1 64  1  1 2026-08-13 14:35:15
 1  0 133376 701756   3128 1693884    0    0  1615    10  712  208 33  1 65  0  0 2026-08-13 14:35:25
 1  0 133376 686636   3136 1705804    0    0  1189    10  711  213 33  1 65  0  0 2026-08-13 14:35:35
 2  0 133376 679076   3144 1716204    0    0  1040    29  699  200 33  1 65  0  0 2026-08-13 14:35:45
procs -----------memory---------- ---swap-- -----io---- -system-- ------cpu----- -----timestamp-----
 r  b   swpd   free   buff  cache   si   so    bi    bo   in   cs us sy id wa st                 UTC
 1  0 133376 663956   3152 1727520    1    0  1142    10  698  202 33  1 65  0  0 2026-08-13 14:35:55
 1  0 133376 655388   3160 1739908    0    0  1229    10  724  220 33  1 65  1  0 2026-08-13 14:36:05
 1  0 133376 647576   3192 1750016    0    0  1010    30  711  218 33  1 65  0  0 2026-08-13 14:36:15
 1  0 133376 638000   3200 1760048    0    0  1003    10  704  205 33  1 65  0  0 2026-08-13 14:36:25
 1  0 133376 624140   3208 1772672    0    0  1262    10  715  215 33  1 65  0  0 2026-08-13 14:36:35
 1  0 133376 609020   3216 1786984    0    0  1431    10  707  208 33  1 65  0  0 2026-08-13 14:36:45
 1  0 133376 602972   3224 1801016    0    0  1403    12  718  211 33  1 65  0  1 2026-08-13 14:36:55
 1  0 133376 594532   3232 1809960    0    0   897    10  735  224 33  1 64  0  1 2026-08-13 14:37:05
 1  0 133376 578656   3256 1821336    0    0  1134    24  712  213 33  1 65  0  0 2026-08-13 14:37:15
 1  0 133376 576260   3264 1832068    0    0  1073    12  708  204 34  1 65  0  1 2026-08-13 14:37:25
 1  0 133376 564280   3280 1844464    0    0  1242    24  735  232 33  1 65  1  0 2026-08-13 14:37:35
 1  0 133376 548404   3288 1855052    0    0  1056    12  700  200 34  1 64  1  0 2026-08-13 14:37:45
 1  0 133376 540592   3296 1867796    0    0  1280    25  707  207 33  1 65  0  0 2026-08-13 14:37:55
 1  0 133376 524716   3304 1877972    0    0  1014    14  716  219 34  1 65  0  0 2026-08-13 14:38:05
 1  0 133376 513880   3336 1893548    0    0  1560    28  719  219 33  1 65  0  0 2026-08-13 14:38:15
 1  0 133376 514688   3344 1905164    0    0  1156    12  696  196 33  1 65  0  0 2026-08-13 14:38:25
 3  0 133376 499820   3352 1917956    0    0  1282    12  716  214 33  1 64  1  0 2026-08-13 14:38:35
 1  0 133376 484956   3360 1929800    0    0  1185    21  737  243 33  1 64  1  0 2026-08-13 14:38:45
 2  0 133376 476388   3368 1940476    0    0  1067    13  716  215 33  1 65  0  0 2026-08-13 14:38:55
 1  0 133376 461268   3376 1952056    0    0  1158     6  716  209 33  1 65  0  0 2026-08-13 14:39:05
 1  0 133376 451856   3440 1967592    0    0  1548    38  769  281 33  1 64  2  0 2026-08-13 14:39:15
procs -----------memory---------- ---swap-- -----io---- -system-- ------cpu----- -----timestamp-----
 r  b   swpd   free   buff  cache   si   so    bi    bo   in   cs us sy id wa st                 UTC
 1  0 133376 436988   3456 1978768    0    0  1115    52  741  246 33  1 65  0  0 2026-08-13 14:39:25
 1  0 133376 428924   3464 1989628    0    0  1088    19  732  236 33  1 65  0  0 2026-08-13 14:39:35
 1  0 133376 417332   3472 2001132    0    0  1153     9  707  201 34  2 64  0  0 2026-08-13 14:39:45
 1  0 133376 406244   3480 2012500    0    0  1137     9  705  210 33  1 65  0  0 2026-08-13 14:39:55
 1  0 133376 392136   3488 2025540    0    0  1307    10  737  222 33  1 65  0  1 2026-08-13 14:40:05
 1  0 133376 385812   3512 2034324    0    0   872    31  717  221 33  1 64  1  0 2026-08-13 14:40:15
 1  0 133376 369432   3520 2048516    0    0  1416    12  712  207 33  1 65  0  0 2026-08-13 14:40:25
 1  0 133376 357840   3528 2059564    0    0  1113     8  703  205 34  1 64  1  0 2026-08-13 14:40:35
 1  0 133376 345744   3536 2071520    0    0  1196    23  716  219 33  1 65  1  0 2026-08-13 14:40:45
 1  0 133376 340540   3544 2080828    0    0   922    10  719  224 34  1 65  0  0 2026-08-13 14:40:55
 1  0 133376 324664   3552 2093192    0    0  1239    18  720  212 33  1 65  0  0 2026-08-13 14:41:05
 1  0 133376 316600   3584 2102868    0    0   966    26  725  216 33  1 64  0  1 2026-08-13 14:41:15
 2  0 133376 307528   3592 2113108    0    0  1024    24  825  234 30  1 59  0 10 2026-08-13 14:41:25
 1  0 133376 296440   3600 2125396    0    0  1238    11  785  222 32  1 62  1  5 2026-08-13 14:41:35
 1  0 133376 282076   3608 2136208    0    0  1074    20  707  206 33  1 65  0  0 2026-08-13 14:41:45
 1  0 133376 273760   3616 2146340    1    0  1015    11  733  234 33  1 65  1  0 2026-08-13 14:41:55
 1  0 133376 264436   3624 2156064    0    0   970    11  733  221 33  1 65  1  0 2026-08-13 14:42:05
 1  0 133376 250576   3648 2167480    0    0  1144    25  723  218 33  1 65  0  1 2026-08-13 14:42:15
 1  0 133376 242288   3656 2177460    0    0   996    18  740  217 32  1 64  1  1 2026-08-13 14:42:25
 1  0 133376 230948   3672 2187840    0    0  1047    16  705  199 33  1 65  0  0 2026-08-13 14:42:35
 1  0 133376 213360   3680 2203124    0    0  1527     9  713  214 34  1 65  0  0 2026-08-13 14:42:45
procs -----------memory---------- ---swap-- -----io---- -system-- ------cpu----- -----timestamp-----
 r  b   swpd   free   buff  cache   si   so    bi    bo   in   cs us sy id wa st                 UTC
 1  0 133376 207060   3696 2214324    0    0  1112    13  709  211 33  1 65  1  0 2026-08-13 14:42:55
 1  0 133376 191948   3712 2226104    0    0  1187    21  726  223 34  1 65  0  0 2026-08-13 14:43:05
 1  0 133376 180608   3736 2237552    0    0  1136    41  732  236 33  1 65  1  0 2026-08-13 14:43:15
 1  0 133376 168096   3752 2248940    0    0  1138    18  724  220 33  1 65  0  0 2026-08-13 14:43:25
 3  0 133376 159436   3760 2259704    0    0  1087     8  724  218 34  1 65  0  0 2026-08-13 14:43:35
 1  0 133376 150168   3768 2272404    0    0  1259    17  735  232 34  1 65  1  0 2026-08-13 14:43:45
 1  0 133376 135804   3784 2283796    0    0  1143    38  700  203 34  1 65  0  0 2026-08-13 14:43:55
 1  0 133376 127740   3792 2293264    0    0   943     5  727  222 33  1 65  1  0 2026-08-13 14:44:05
 1  0 133376 116904   3832 2304640    0    0  1142    34  720  225 33  1 65  0  0 2026-08-13 14:44:15
 1  0 133376 101280   3840 2320080    0    0  1542    14  724  221 33  1 65  0  0 2026-08-13 14:44:25
 2  0 133376 141944   3848 2278568    0    0  1120    10  739  229 33  1 64  1  0 2026-08-13 14:44:35
 2  0 133376 587360   3856 1638236    0    0   603     8  992  430 36  9 54  0  0 2026-08-13 14:44:45
 2  0 133376 751956   3872 1649260    0    0  1102    14  787  246 34  5 59  1  1 2026-08-13 14:44:55
 1  0 133376 740112   3880 1660364    0    0  1110     4  747  234 33  1 65  0  0 2026-08-13 14:45:05
 1  0 133376 720204   3912 1671784    0    0  1142    32  718  218 33  1 65  0  1 2026-08-13 14:45:15
 1  0 133376 718720   3920 1682452    0    0  1067     9  728  225 33  1 65  0  0 2026-08-13 14:45:25
 1  0 133376 701836   3928 1698636    0    0  1618    11  733  220 33  1 65  1  0 2026-08-13 14:45:35
 1  0 133376 690244   3944 1708968    0    0  1030    18  719  215 33  1 64  1  0 2026-08-13 14:45:45
 1  0 133376 678652   3952 1719416    0    0  1045    17  722  222 33  1 65  0  0 2026-08-13 14:45:55
 1  0 133376 663532   3960 1730952    0    0  1153    11  716  206 33  1 65  0  0 2026-08-13 14:46:05
 4  0 133376 655972   3984 1742308    0    0  1135    23  731  239 33  1 65  1  0 2026-08-13 14:46:15
procs -----------memory---------- ---swap-- -----io---- -system-- ------cpu----- -----timestamp-----
 r  b   swpd   free   buff  cache   si   so    bi    bo   in   cs us sy id wa st                 UTC
 1  0 133376 640608   3992 1756164    0    0  1391    14  728  220 33  1 65  0  0 2026-08-13 14:46:25
 1  0 133376 623472   4000 1768844    0    0  1260    22  711  206 33  1 65  0  0 2026-08-13 14:46:35
 1  0 133376 615912   4008 1779136    0    0  1029    12  702  202 33  1 65  0  0 2026-08-13 14:46:45
 1  0 133376 612132   4016 1790664    0    0  1154    15  714  219 34  1 65  0  0 2026-08-13 14:46:55
 1  0 133376 601540   4024 1803284    0    0  1261    11  738  230 33  1 65  0  0 2026-08-13 14:47:05
 1  0 133376 585664   4048 1818256    0    0  1500    40  808  315 33  1 65  0  0 2026-08-13 14:47:15
 1  0 133376 576592   4056 1829784    0    0  1152    11  711  207 33  1 65  0  0 2026-08-13 14:47:25
 1  0 133376 562480   4064 1842724    0    0  1294    16  708  205 33  1 65  0  0 2026-08-13 14:47:35
 1  0 133376 556936   4080 1852328    0    0   966    13  713  210 33  1 65  0  0 2026-08-13 14:47:45
 1  0 133376 545848   4088 1863764    0    0  1136    12  811  307 33  1 65  1  0 2026-08-13 14:47:55
 2  0 133376 528964   4096 1878568    0    0  1484    12  711  201 33  1 65  0  0 2026-08-13 14:48:05
 1  0 133376 510968   4136 1890564    0    0  1195    58  716  227 34  1 65  0  0 2026-08-13 14:48:15
 1  0 133376 500916   4144 1902568    0    0  1203    13  789  304 33  1 65  0  0 2026-08-13 14:48:25
 1  0 133376 491844   4152 1914168    0    0  1158    13  696  194 33  1 66  0  0 2026-08-13 14:48:35
 1  0 133376 485296   4160 1927792    0    0  1366    12  725  218 33  1 65  0  0 2026-08-13 14:48:45
 2  0 133376 473956   4168 1940596    0    0  1278    12  702  203 33  1 65  0  0 2026-08-13 14:48:55
 1  0 133376 454556   4184 1952108    0    0  1151    40  740  248 34  1 64  0  0 2026-08-13 14:49:05
 1  0 133376 452036   4232 1963148    0    0  1098    33  806  313 33  1 65  1  0 2026-08-13 14:49:15
 1  0 133376 436664   4240 1975280    0    0  1213    15  724  227 33  1 65  1  0 2026-08-13 14:49:25
 1  0 133376 420536   4248 1989832    0    0  1462    15  702  198 33  1 65  0  0 2026-08-13 14:49:35
 1  0 133376 410960   4256 2001356    0    0  1145     9  706  200 33  1 65  0  0 2026-08-13 14:49:45
procs -----------memory---------- ---swap-- -----io---- -system-- ------cpu----- -----timestamp-----
 r  b   swpd   free   buff  cache   si   so    bi    bo   in   cs us sy id wa st                 UTC
 1  0 133376 400124   4264 2013068    0    0  1172     9  722  220 33  1 65  0  0 2026-08-13 14:49:55
 1  0 133376 387020   4272 2024420    0    0  1132    10  721  218 33  1 65  0  0 2026-08-13 14:50:05
 1  0 133376 375176   4296 2036172    0    0  1176    27  709  212 33  1 65  0  0 2026-08-13 14:50:15
 1  0 133376 359048   4304 2051476    0    0  1536     6  713  206 33  1 65  0  0 2026-08-13 14:50:25
 1  0 133376 352384   4320 2063000    0    0  1146    19  713  215 34  1 65  0  0 2026-08-13 14:50:35
 1  0 133376 336860   4328 2075044    0    0  1202    11  723  224 33  1 65  1  0 2026-08-13 14:50:45
 1  0 133376 328072   4336 2086544    1    0  1177    10  723  229 33  1 65  1  0 2026-08-13 14:50:55
 1  0 133376 319756   4344 2097056    0    0  1051    33  710  210 33  1 65  0  0 2026-08-13 14:51:05
 1  0 133376 300100   4376 2112292    0    0  1525    28  714  223 33  1 65  0  0 2026-08-13 14:51:15
 1  0 133376 289044   4384 2123360    0    0  1107    10  719  215 33  1 65  0  0 2026-08-13 14:51:25
 1  0 133376 281036   4392 2135272    0    0  1191    27  704  207 34  1 65  0  0 2026-08-13 14:51:35
 1  0 133376 268940   4400 2146908    0    0  1164    17  690  191 33  1 66  0  0 2026-08-13 14:51:45
 1  0 133376 254324   4408 2159256    0    0  1235    10  704  207 33  1 65  0  0 2026-08-13 14:51:55
 1  0 133376 242480   4416 2173948    0    0  1466    10  713  200 33  1 65  0  0 2026-08-13 14:52:05
 1  0 133376 230636   4448 2185408    0    0  1148    28  705  215 33  1 65  0  0 2026-08-13 14:52:15
 2  0 133376 212744   4456 2200132    0    0  1472    16  707  206 34  1 65  0  0 2026-08-13 14:52:25
 1  0 133376 203420   4464 2209952    0    0   982    11  709  208 33  1 65  0  0 2026-08-13 14:52:35
 1  0 133376 190316   4472 2221684    0    0  1170    14  699  203 33  1 65  0  0 2026-08-13 14:52:45
 1  0 133376 178472   4480 2237352    0    0  1567    10  727  224 33  1 65  1  0 2026-08-13 14:52:55
 1  0 133376 161084   4488 2248240    0    0  1091    11  711  210 34  1 65  0  0 2026-08-13 14:53:05
 1  0 133376 155036   4520 2260272    0    0  1203    38  711  212 33  1 65  0  0 2026-08-13 14:53:15
procs -----------memory---------- ---swap-- -----io---- -system-- ------cpu----- -----timestamp-----
 r  b   swpd   free   buff  cache   si   so    bi    bo   in   cs us sy id wa st                 UTC
 1  0 133376 140924   4528 2273440    0    0  1317    12  707  212 33  1 65  1  0 2026-08-13 14:53:25
 1  0 133376 137456   4544 2283192    0    0   975    18  713  219 34  1 65  0  0 2026-08-13 14:53:35
 1  0 133376 129832   4552 2298780    0    0  1557    26  716  216 34  1 65  0  0 2026-08-13 14:53:45
 1  0 133376 115720   4560 2310404    0    0  1164    12  702  205 34  1 65  0  0 2026-08-13 14:53:55
 1  0 133376 144184   4576 2274264    0    0  1249    13  747  234 34  1 64  1  0 2026-08-13 14:54:05
 1  0 133376 127692   4600 2287080    0    0  1274    52  738  249 34  1 65  0  0 2026-08-13 14:54:15
 1  0 133376 112348   4608 2302384    0    0  1530     7  758  263 33  1 64  1  0 2026-08-13 14:54:25
 1  0 133376 100756   4624 2312192    0    0   983    35  699  204 33  1 65  0  0 2026-08-13 14:54:35
 1  0 133376 146096   4632 2275252    0    0  1193     5  702  203 34  1 65  0  0 2026-08-13 14:54:45
 2  0 133376 737152   4640 1645092    0    0   702     8  981  450 37  8 55  0  0 2026-08-13 14:54:55
 1  0 133376 745960   4648 1660952    0    0  1583     9  760  221 34  4 62  0  0 2026-08-13 14:55:05
 1  0 133376 732604   4688 1672096    0    0  1115    30  704  212 34  1 65  0  0 2026-08-13 14:55:15
 1  0 133376 720508   4696 1684688    0    0  1259     9  703  207 33  1 65  0  0 2026-08-13 14:55:25
 1  0 133376 706396   4704 1696396    0    0  1177    11  696  202 33  1 65  0  0 2026-08-13 14:55:35
 1  0 133376 697576   4712 1708104    0    0  1167    10  710  211 33  1 65  0  0 2026-08-13 14:55:45
 1  0 133376 677668   4720 1722196    0    0  1413    10  711  209 33  1 65  0  0 2026-08-13 14:55:55
 1  0 133376 669856   4728 1733672    0    0  1141    11  717  216 34  1 65  0  0 2026-08-13 14:56:05
 1  0 133376 661932   4752 1744708    0    0  1100    30  727  229 34  1 63  1  0 2026-08-13 14:56:15
 1  0 133376 653112   4760 1758500    0    0  1379    15  710  208 33  1 65  0  0 2026-08-13 14:56:25
 1  0 133376 640452   4776 1773088    0    0  1456    13  716  212 33  1 65  0  0 2026-08-13 14:56:35
 1  0 133376 622560   4784 1783956    0    0  1090    23  705  205 33  1 65  0  0 2026-08-13 14:56:45
procs -----------memory---------- ---swap-- -----io---- -system-- ------cpu----- -----timestamp-----
 r  b   swpd   free   buff  cache   si   so    bi    bo   in   cs us sy id wa st                 UTC
 1  0 133376 619076   4800 1796356    0    0  1240    31  728  237 34  1 65  0  0 2026-08-13 14:56:55
 1  0 133376 604712   4808 1807068    0    0  1071     7  728  224 33  1 65  0  0 2026-08-13 14:57:05
 1  0 133376 588836   4832 1818824    0    0  1176    24  712  217 33  1 65  0  0 2026-08-13 14:57:15
 1  0 133376 589772   4840 1833596    0    0  1477    18  719  220 34  1 65  0  0 2026-08-13 14:57:25
 1  0 133376 573896   4856 1845000    0    0  1143    31  713  220 34  1 65  1  0 2026-08-13 14:57:35
 1  0 133376 565832   4864 1857688    0    0  1266     7  723  218 33  1 65  0  0 2026-08-13 14:57:45
 1  0 133376 554492   4872 1868464    0    0  1078    11  704  206 33  1 65  0  0 2026-08-13 14:57:55
 1  0 133376 546404   4888 1880352    0    0  1188    33  725  218 34  1 65  0  0 2026-08-13 14:58:05
 1  0 133376 527504   4912 1895168    0    0  1480    25  722  231 33  1 65  0  0 2026-08-13 14:58:15
 1  0 133376 515408   4920 1906948    0    0  1181     7  706  199 33  1 65  0  1 2026-08-13 14:58:25
 1  0 133376 506616   4936 1918952    0    0  1197    17  704  203 33  1 65  0  0 2026-08-13 14:58:35
 1  0 133376 495292   4952 1932844    0    0  1395    35  714  215 33  1 65  0  0 2026-08-13 14:58:45
 2  0 133376 478660   4960 1944584    0    0  1169    10  697  200 33  1 65  0  0 2026-08-13 14:58:55
 1  0 133376 470344   4968 1955472    0    0  1090     6  712  208 33  1 65  0  0 2026-08-13 14:59:05
 1  0 133376 454216   5032 1972372    0    0  1688    45  722  227 33  1 65  0  0 2026-08-13 14:59:15
 1  0 133376 445900   5040 1982304    0    0   990    17  807  325 33  1 65  0  0 2026-08-13 14:59:25
 1  0 133376 431032   5048 1993780    0    0  1147     9  706  205 34  1 65  0  0 2026-08-13 14:59:35
 1  0 133376 422840   5056 2006148    0    0  1240    11  734  248 34  2 65  0  0 2026-08-13 14:59:45
 1  0 133376 409232   5064 2017392    0    0  1122    14  704  206 34  1 65  0  0 2026-08-13 14:59:55
 1  0 133376 401168   5072 2027760    0    0  1036    10  725  212 33  1 65  1  1 2026-08-13 15:00:05
 1  0 133376 385544   5096 2040356    0    0  1259    52  711  207 33  1 65  0  1 2026-08-13 15:00:15
procs -----------memory---------- ---swap-- -----io---- -system-- ------cpu----- -----timestamp-----
 r  b   swpd   free   buff  cache   si   so    bi    bo   in   cs us sy id wa st                 UTC
 1  0 133376 369920   5104 2055532    0    0  1519    14  698  196 33  1 65  0  0 2026-08-13 15:00:25
 1  0 133376 354800   5112 2066560    0    0  1098    13  705  208 33  1 65  0  0 2026-08-13 15:00:35
 1  0 133376 347240   5120 2079420    0    0  1289     9  710  208 33  1 65  0  0 2026-08-13 15:00:45
 1  0 133376 332740   5128 2089272    1    0   988     8  716  222 34  1 65  0  0 2026-08-13 15:00:55
 1  0 133376 327980   5136 2100428    0    0  1114    11  710  208 33  1 65  0  0 2026-08-13 15:01:05
 1  0 133376 315128   5168 2112376    0    0  1196    36  701  210 33  1 65  0  0 2026-08-13 15:01:15
 1  0 133376 301520   5176 2127428    0    0  1505    20  696  199 34  1 65  0  0 2026-08-13 15:01:25
 1  0 133376 283372   5184 2140360    0    0  1280    11  717  218 33  1 65  0  0 2026-08-13 15:01:35
 1  0 133376 276316   5192 2151892    0    0  1156    12  701  204 33  1 65  0  0 2026-08-13 15:01:45
 1  0 133376 262960   5200 2163760    0    0  1181    10  698  202 34  1 64  1  0 2026-08-13 15:01:55
 2  0 133376 252880   5216 2175404    0    0  1164    30  708  201 33  1 65  0  0 2026-08-13 15:02:05
 1  0 133376 238768   5240 2186640    0    0  1126    23  706  213 33  1 65  0  0 2026-08-13 15:02:15
 1  0 133376 227908   5248 2201140    0    0  1447    18  745  242 33  1 65  1  0 2026-08-13 15:02:25
 1  0 133376 208000   5264 2212532    0    0  1142    28  710  209 33  1 65  0  0 2026-08-13 15:02:35
 1  0 133376 192880   5272 2225264    0    0  1273    11  702  204 33  1 65  0  0 2026-08-13 15:02:45
 1  0 133376 185320   5280 2237628    0    0  1236    11  700  202 34  1 65  0  0 2026-08-13 15:02:55
 1  0 133376 169696   5288 2248816    0    0  1118    12  709  203 34  1 65  0  0 2026-08-13 15:03:05
 1  0 133376 155124   5312 2264140    0    0  1532    31  718  224 33  1 65  0  0 2026-08-13 15:03:15
 1  0 133376 144540   5328 2275204    0    0  1107    16  705  204 33  1 65  0  1 2026-08-13 15:03:25
 1  0 133376 132192   5336 2288752    0    0  1355    12  706  206 34  1 65  0  0 2026-08-13 15:03:35
 1  0 133376 120348   5352 2299292    0    0  1054    21  719  221 33  1 65  1  0 2026-08-13 15:03:45
procs -----------memory---------- ---swap-- -----io---- -system-- ------cpu----- -----timestamp-----
 r  b   swpd   free   buff  cache   si   so    bi    bo   in   cs us sy id wa st                 UTC
 1  0 133376 104472   5360 2310672    0    0  1138     7  714  210 33  1 65  0  0 2026-08-13 15:03:55
 1  0 133376 142268   5376 2274016    0    0  1328    23  749  240 34  1 64  1  0 2026-08-13 15:04:05
 1  0 133376 130424   5396 2284164    0    0  1011    49  789  304 34  1 65  0  0 2026-08-13 15:04:15
 1  0 133376 122692   5404 2294540    0    0  1038     7  711  214 34  1 64  0  0 2026-08-13 15:04:25
 1  0 133376 107824   5408 2305824    0    0  1125    22  712  213 34  1 65  0  1 2026-08-13 15:04:35
 1  0 133376 151156   5416 2267924    0    0  1182     9  728  226 34  1 65  0  0 2026-08-13 15:04:45
 1  0 133376 126964   5424 2282424    0    0  1444    14  714  212 33  1 65  0  1 2026-08-13 15:04:55
 2  0 133376 385224   5476 1655312    0    0  1800    14 1042  477 37  8 52  1  2 2026-08-13 15:05:05
 1  0 133376 722596   5508 1666008    0    0  1072    67  800  271 34  5 58  1  1 2026-08-13 15:05:15
 2  0 133376 710500   5516 1673408    0    0   739     5  698  198 33  1 65  0  1 2026-08-13 15:05:25
 1  0 133376 702940   5524 1685016    0    0  1158     9  705  200 33  1 65  0  1 2026-08-13 15:05:35
 1  0 133376 693868   5532 1695964    0    0  1095    20  710  207 33  1 65  0  1 2026-08-13 15:05:45
 1  0 133376 691348   5540 1707292    0    0  1133    13  708  207 33  1 65  1  1 2026-08-13 15:05:55
 1  0 133376 679252   5548 1718648    0    0  1138    10  720  215 33  1 65  0  0 2026-08-13 15:06:05
 1  0 133376 665932   5580 1733960    0    0  1522    34  714  220 33  1 65  0  0 2026-08-13 15:06:15
 1  0 133376 655096   5588 1744480    0    0  1055    12  718  215 33  1 65  0  0 2026-08-13 15:06:25
 1  0 133376 644008   5596 1757184    0    0  1267    12  726  222 33  1 65  1  0 2026-08-13 15:06:35
 1  0 133376 628888   5612 1766904    0    0   978    24  689  198 34  1 65  0  0 2026-08-13 15:06:45
 1  0 133376 621248   5620 1779528    0    0  1260    11  709  215 34  1 65  0  0 2026-08-13 15:06:55
 1  0 133376 598820   5628 1795472    0    0  1600    11  725  213 34  1 65  0  0 2026-08-13 15:07:05
 1  0 133376 593276   5668 1807604    0    0  1206    34  709  220 33  1 65  0  0 2026-08-13 15:07:15
procs -----------memory---------- ---swap-- -----io---- -system-- ------cpu----- -----timestamp-----
 r  b   swpd   free   buff  cache   si   so    bi    bo   in   cs us sy id wa st                 UTC
 1  0 133376 579164   5676 1818132    0    0  1053    19  706  207 33  1 65  0  0 2026-08-13 15:07:25
 1  0 133376 564044   5684 1830000    0    0  1186    10  707  209 33  1 65  0  0 2026-08-13 15:07:35
 1  0 133376 567748   5692 1841804    0    0  1178    12  713  216 34  1 65  0  0 2026-08-13 15:07:45
 1  0 133376 548344   5708 1855612    0    0  1389    25  714  212 33  1 65  1  0 2026-08-13 15:07:55
 1  0 133376 536780   5716 1870064    0    0  1438    10  733  226 33  1 65  0  0 2026-08-13 15:08:05
 1  0 133376 527960   5748 1881016    0    0  1102    40  706  212 33  1 65  1  0 2026-08-13 15:08:15
 1  0 133376 527708   5756 1890912    0    0   984     8  715  212 33  1 65  1  0 2026-08-13 15:08:25
 1  0 133376 511832   5764 1904976    0    0  1406    11  724  216 33  1 65  1  0 2026-08-13 15:08:35
 1  0 133376 500996   5772 1914424    0    0   944    13  702  200 33  1 65  0  0 2026-08-13 15:08:45
 1  0 133376 487136   5788 1930060    0    0  1568    18  708  205 33  1 65  1  0 2026-08-13 15:08:55
 1  0 133376 473532   5812 1941896    0    0  1180     9  730  224 33  1 65  0  0 2026-08-13 15:09:05
 1  0 133376 457656   5860 1953680    0    0  1172    44  733  240 33  1 65  0  0 2026-08-13 15:09:15
 1  0 133376 442536   5868 1965280    0    0  1160    12  703  203 33  1 65  0  0 2026-08-13 15:09:25
 1  0 133376 437808   5884 1977916    0    0  1263    38  730  229 33  1 65  1  0 2026-08-13 15:09:35
 1  0 133376 422216   5892 1989264    0    0  1135     8  740  256 33  1 65  1  0 2026-08-13 15:09:45
 1  0 133376 417088   5900 1999744    0    0  1048    15  708  207 33  1 65  0  0 2026-08-13 15:09:55
 1  0 133376 402976   5908 2013740    0    0  1399    13  741  231 33  1 65  1  0 2026-08-13 15:10:05
 1  0 133376 386848   5940 2025216    0    0  1144    31  711  220 33  1 65  0  0 2026-08-13 15:10:15
 1  0 133376 379068   5956 2037260    0    0  1207    40  726  225 33  1 65  0  0 2026-08-13 15:10:25
 1  0 133376 363192   5964 2049148    0    0  1186    10  703  205 33  1 65  0  0 2026-08-13 15:10:35
 1  0 133376 353868   5972 2060540    0    0  1144     9  707  206 33  1 65  0  0 2026-08-13 15:10:45
procs -----------memory---------- ---swap-- -----io---- -system-- ------cpu----- -----timestamp-----
 r  b   swpd   free   buff  cache   si   so    bi    bo   in   cs us sy id wa st                 UTC
 1  0 133376 339000   5980 2075144    0    0  1459    23  711  215 33  1 65  0  0 2026-08-13 15:10:55
 1  0 133376 323124   5988 2089036    0    0  1392     9  740  229 33  1 65  0  0 2026-08-13 15:11:05
 1  0 133376 315312   6028 2100692    0    0  1163    31  726  230 33  1 65  1  0 2026-08-13 15:11:15
 1  0 133376 303972   6036 2110516    0    0   982    11  715  205 34  1 65  0  0 2026-08-13 15:11:25
 1  0 133376 293892   6044 2123652    0    0  1313    14  700  201 33  1 65  0  0 2026-08-13 15:11:35
 1  0 133376 275748   6052 2134780    0    0  1113     9  703  206 33  1 65  1  0 2026-08-13 15:11:45
 1  0 133376 270960   6060 2144904    0    0  1012    10  701  198 34  1 65  0  0 2026-08-13 15:11:55
 1  0 133376 254580   6068 2160128    0    0  1522    10  718  205 33  1 65  0  0 2026-08-13 15:12:05
 1  0 133376 245668   6100 2172760    0    0  1262    34  736  244 34  1 64  1  0 2026-08-13 15:12:15
 2  0 133376 233348   6116 2182112    0    0   940    28  701  201 33  1 65  0  0 2026-08-13 15:12:25
 1  0 133376 217472   6124 2194364    0    0  1224     6  705  208 33  1 65  0  0 2026-08-13 15:12:35
 1  0 133376 213188   6132 2204512    0    0  1015    13  773  282 34  1 65  0  0 2026-08-13 15:12:45
 1  0 133376 193280   6140 2216900    0    0  1233    10  715  212 33  1 65  0  0 2026-08-13 15:12:55
 1  0 133376 185720   6148 2226804    0    0   991    12  723  213 33  1 65  0  0 2026-08-13 15:13:05
 1  0 133376 177072   6180 2238124    0    0  1134    45  727  234 34  1 64  1  0 2026-08-13 15:13:15
 1  0 133376 167244   6188 2249728    0    0  1160     7  714  215 34  1 64  0  0 2026-08-13 15:13:25
 1  0 133376 154140   6196 2262696    0    0  1294    12  718  212 34  1 65  1  0 2026-08-13 15:13:35
 1  0 133376 139020   6204 2272800    0    0  1016    16  718  214 33  1 65  1  0 2026-08-13 15:13:45
 1  0 133376 127932   6212 2288396    0    0  1557    11  717  211 34  1 65  0  0 2026-08-13 15:13:55
 1  0 133376 115584   6228 2299960    0    0  1159    11  723  215 33  1 65  0  0 2026-08-13 15:14:05
 1  0 133376  99960   6260 2312376    0    0  1237    41  732  246 33  1 65  0  0 2026-08-13 15:14:15
procs -----------memory---------- ---swap-- -----io---- -system-- ------cpu----- -----timestamp-----
 r  b   swpd   free   buff  cache   si   so    bi    bo   in   cs us sy id wa st                 UTC
 1  0 133376 155056   6260 2269116    0    0  1100     4  704  208 33  1 65  0  0 2026-08-13 15:14:25
 1  0 133376 138424   6268 2280124    0    0  1098     7  765  272 33  1 65  0  0 2026-08-13 15:14:35
 1  0 133376 122548   6276 2291936    0    0  1184    10  704  202 34  1 65  0  0 2026-08-13 15:14:45
 1  0 133376 120404   6300 2303512    0    0  1157    28  710  215 34  1 65  0  0 2026-08-13 15:14:55
 1  0 133376 105788   6308 2319260    0    0  1580     5  730  220 33  1 65  0  0 2026-08-13 15:15:05
 2  0 133376 126336   6348 1639032    0    0   649    29  930  345 37  7 55  0  1 2026-08-13 15:15:15
 1  0 133376 714348   6356 1651156    0    0  1218    15  839  341 35  6 58  0  1 2026-08-13 15:15:25
 1  0 133376 699004   6364 1662536    0    0  1132    16  705  206 33  1 65  0  0 2026-08-13 15:15:35
 1  0 133376 689640   6372 1673820    0    0  1131    10  702  207 34  1 65  0  0 2026-08-13 15:15:45
 2  0 133376 682308   6380 1686352    0    0  1250    10  741  237 34  1 64  0  0 2026-08-13 15:15:55
 1  0 133376 678304   6396 1695700    0    0   937    38  719  214 33  1 65  0  0 2026-08-13 15:16:05
 1  0 133376 661420   6428 1707700    0    0  1194    29  734  237 33  1 65  1  0 2026-08-13 15:16:15
 1  0 133376 653356   6436 1717784    0    0  1008     7  708  203 33  1 65  0  0 2026-08-13 15:16:25
 1  0 133376 640756   6452 1732968    0    0  1525    21  702  200 33  1 66  0  0 2026-08-13 15:16:35
 1  0 133376 628436   6460 1744112    0    0  1110     6  695  200 33  1 65  0  0 2026-08-13 15:16:45
 1  0 133376 620372   6468 1755028    0    0  1089     9  710  207 33  1 65  0  0 2026-08-13 15:16:55
 1  0 133376 608532   6476 1768172    0    0  1314    12  729  227 33  1 65  0  0 2026-08-13 15:17:05
 1  0 133376 597696   6508 1777844    0    0   966    46  703  212 34  1 65  0  0 2026-08-13 15:17:15
 1  0 133376 589636   6516 1790188    0    0  1237    14  734  231 33  1 65  1  0 2026-08-13 15:17:25
 1  0 133376 575684   6524 1806388    0    0  1620    26  709  209 33  1 65  0  0 2026-08-13 15:17:35
 1  0 133376 559052   6532 1819568    0    0  1315    12  719  214 33  1 65  0  0 2026-08-13 15:17:45
procs -----------memory---------- ---swap-- -----io---- -system-- ------cpu----- -----timestamp-----
 r  b   swpd   free   buff  cache   si   so    bi    bo   in   cs us sy id wa st                 UTC
 1  0 133376 550288   6540 1829724    0    0  1016    17  703  206 34  1 64  1  0 2026-08-13 15:17:55
 1  0 133376 561892   6548 1839400    0    0   967    11  715  206 33  1 65  0  0 2026-08-13 15:18:05
 1  0 133376 561892   6580 1851648    0    0  1230    30  712  216 33  1 65  0  0 2026-08-13 15:18:15
 1  0 133376 541988   6588 1865296    0    0  1359     8  734  227 33  1 64  1  0 2026-08-13 15:18:25
 1  0 133376 530704   6604 1879016    0    0  1372    34  709  208 33  1 65  0  0 2026-08-13 15:18:35
 1  0 133376 513512   6612 1893388    0    0  1434    10  739  239 33  1 64  1  0 2026-08-13 15:18:45
 1  0 133376 497888   6620 1901944    0    0   858    13  697  198 33  1 66  0  0 2026-08-13 15:18:55
 1  0 133376 490328   6628 1915576    0    0  1363     7  727  218 33  1 65  0  0 2026-08-13 15:19:05
 1  0 133376 474200   6692 1925512    0    0   986    62  782  300 33  1 65  0  0 2026-08-13 15:19:15
 2  0 133376 466136   6700 1937540    0    0  1203     4  787  295 33  1 65  1  0 2026-08-13 15:19:25
 1  0 133376 457316   6708 1952612    0    0  1505    15  703  201 33  1 65  1  0 2026-08-13 15:19:35
 1  0 133376 443204   6716 1960288    0    0   770    10  711  209 33  1 65  0  1 2026-08-13 15:19:45
 1  0 133376 439928   6732 1971352    0    0  1106    11  707  202 33  1 65  0  1 2026-08-13 15:19:55
 1  0 133376 426824   6740 1982344    0    0  1102    15  720  211 33  1 65  0  0 2026-08-13 15:20:05
 1  0 133376 414832   6780 1997488    0    0  1509    58  748  270 34  2 64  0  0 2026-08-13 15:20:15
 1  0 133376 399208   6788 2010560    0    0  1307     4  713  205 33  1 65  0  0 2026-08-13 15:20:25
 1  0 133376 391396   6796 2020960    0    0  1045     8  701  203 33  1 65  0  0 2026-08-13 15:20:35
 1  0 133376 375772   6804 2032688    0    0  1172    18  713  210 33  1 65  0  0 2026-08-13 15:20:45
 1  0 133376 359392   6812 2043736    0    0  1105     9  711  209 33  1 65  0  0 2026-08-13 15:20:55
 1  0 133376 358636   6820 2055076    0    0  1131     9  726  219 33  1 65  0  0 2026-08-13 15:21:05
 0  1 133376 343996   6860 2069692    0    0  1462    33  724  234 34  1 65  0  0 2026-08-13 15:21:15
procs -----------memory---------- ---swap-- -----io---- -system-- ------cpu----- -----timestamp-----
 r  b   swpd   free   buff  cache   si   so    bi    bo   in   cs us sy id wa st                 UTC
 1  0 133376 328120   6868 2081132    0    0  1143    30  712  211 33  1 65  0  0 2026-08-13 15:21:25
 1  0 133376 320308   6876 2092720    0    0  1160    10  702  202 33  1 65  0  0 2026-08-13 15:21:35
 1  0 133376 310480   6884 2103028    0    0  1031    10  694  198 33  1 65  0  0 2026-08-13 15:21:45
 1  0 133376 257056   6900 2154068    1    0  5108    16  786  251 32  2 64  1  0 2026-08-13 15:21:55
 1  0 133376 118464   6916 2260876    1    0 15384    10 1086  432 29  3 62  5  0 2026-08-13 15:22:05
 1  0 133376 133768   6964 2240476    0    0 12871    42 1049  472 32  3 62  3  0 2026-08-13 15:22:15
 1  0 133376 104264   6984 2270432    0    0 17095  3333 1033  423 30  3 58  9  0 2026-08-13 15:22:25
 1  0 133376 112584   7004 2261676    0    0 14936    17 1062  410 31  3 61  5  0 2026-08-13 15:22:35
 1  0 133376 106048   7012 2256016    0    0 13489     7 1041  397 31  2 62  5  0 2026-08-13 15:22:45
 1  0 133376 148860   7028 2224100    0    0 16364    24 1179  524 29  3 60  7  0 2026-08-13 15:22:55
 1  0 133376 114112   7052 2265452    0    0  3002  4168  926  268 29  2 52  6 12 2026-08-13 15:23:05
 1  0 133376 147468   7096 2223524    0    0     5    36  684  221 33  2 65  0  0 2026-08-13 15:23:15
 1  0 133376 130520   7104 2248232    0    0 11970     9  988  371 31  2 62  4  0 2026-08-13 15:23:25
 1  0 133376 126800   7116 2244540    0    0  7280  4162  904  333 31  2 60  6  0 2026-08-13 15:23:35
 1  0 133376 115740   7136 2261932    0    0    39    19  678  207 33  2 65  0  0 2026-08-13 15:23:45
 1  0 133376 143768   7144 2233852    0    0 11840     8 1035  449 31  3 62  4  0 2026-08-13 15:23:55
 1  0 133376 160612   7160 2214356    0    0  6586  3693  862  299 32  2 62  3  0 2026-08-13 15:24:05
 1  0 133376 147508   7212 2224480    0    0   153    36  910  450 33  2 64  0  0 2026-08-13 15:24:15
 1  0 133376 142844   7220 2224724    1    0  9364     4  882  322 31  2 62  4  1 2026-08-13 15:24:25
 1  0 133376 129552   7236 2236020    0    0  8093  3824  857  313 33  2 62  3  0 2026-08-13 15:24:35
 1  0 133376 145456   7244 2225736    0    0  1575     8  681  187 33  2 65  1  0 2026-08-13 15:24:45
procs -----------memory---------- ---swap-- -----io---- -system-- ------cpu----- -----timestamp-----
 r  b   swpd   free   buff  cache   si   so    bi    bo   in   cs us sy id wa st                 UTC
 1  0 133376 132040   7260 2240432    0    0  5283    10  691  155 33  2 65  0  0 2026-08-13 15:24:55
 1  0 133376 105232   7276 2254284    0    0  5158     9  721  177 33  2 65  0  1 2026-08-13 15:25:05
 1  0 133376 112968   7308 2249644    0    0  5221  1556  708  169 32  2 64  2  0 2026-08-13 15:25:15
 2  0 119296 753784   7352 1597012 1414    0  4929 17616 1265  589 32 13 39 15  0 2026-08-13 15:25:25
 1  0 119296 714748   7384 1665084    0    0  6810    27 2267  875 19  7 74  0  0 2026-08-13 15:25:35
 1  0 119296 643008   7416 1731764    0    0  6659    55 2430  859 19  6 74  0  1 2026-08-13 15:25:45
 1  0 119296 744780   7444 1590412    0    0  8069    22 1838  589 36  3 59  1  0 2026-08-13 15:25:55
 6  0 119296 561436   7452 1793340    0    0 18888     6 1188  442 33  4 59  5  0 2026-08-13 15:26:05
 1  0 119296 419336   7508 1938340    4    0 12799    54 1052  474 28  6 62  4  0 2026-08-13 15:26:15
 1  0 119296 254024   7516 2092888    0    0 14606  4985 1050  391 28  5 60  7  0 2026-08-13 15:26:25
 1  0 119296 106916   7536 2262084    0    0 16064    16 1145  492 28  4 61  7  0 2026-08-13 15:26:35
 1  0 119296 112428   7544 2248716    0    0 13101     7  956  363 31  2 62  4  0 2026-08-13 15:26:45
 3  0 119296 132964   7560 2216332    0    0 17580  3340 1127  444 30  3 57 10  0 2026-08-13 15:26:55
 1  0 119296 117360   7572 2238976    0    0 13528    22  998  428 31  3 62  4  0 2026-08-13 15:27:05
 1  0 119296 106064   7604 2249312    0    0 16298    30 1145  496 29  3 62  6  0 2026-08-13 15:27:15
 0  1 119296 127772   7612 2231164    0    0 13028     8  966  402 32  3 62  3  0 2026-08-13 15:27:25
 1  0 119296 153212   7624 2200068    0    0 18105  4160 1054  406 30  3 59  7  0 2026-08-13 15:27:35
 1  0 119296 115396   7640 2238448    0    0 13153    17  955  345 31  2 63  3  0 2026-08-13 15:27:45
 1  0 119296 151160   7648 2202860    0    0 17601     8 1142  470 30  3 61  6  0 2026-08-13 15:27:55
 1  0 119296 103080   7664 2251448    0    0 14238  4160 1143  523 30  3 58  9  0 2026-08-13 15:28:05
 1  0 119296 144528   7700 2211856    0    0 17245    31 1102  499 31  3 61  4  0 2026-08-13 15:28:15
procs -----------memory---------- ---swap-- -----io---- -system-- ------cpu----- -----timestamp-----
 r  b   swpd   free   buff  cache   si   so    bi    bo   in   cs us sy id wa st                 UTC
 1  0 119296 146924   7708 2209248    0    0 14497     8  998  388 30  2 62  5  0 2026-08-13 15:28:25
 1  0 119296 119160   7736 2240324    0    0 11339  4045  879  281 32  2 61  5  0 2026-08-13 15:28:35
 1  0 119296 137952   7744 2222040    0    0  5118    17  694  157 33  2 65  0  0 2026-08-13 15:28:45
 1  0 119296 116400   7760 2245200    0    0  2812    14  680  165 33  2 65  0  0 2026-08-13 15:28:55
 1  0 119296 117196   7776 2246836    0    0   137   834  665  162 33  1 65  1  0 2026-08-13 15:29:05
 1  0 119296 167240   7856 2211044    1    0    53 16818 1808  560 24  5 66  5  0 2026-08-13 15:29:15
 0  0 119040 170864   7888 2211080   56    0    56    34 2376  757 20  5 75  0  0 2026-08-13 15:29:25
 1  0 119040 409256   7920 1950464    0    0 11246    35 2250  791 26  5 66  3  0 2026-08-13 15:29:35
 1  0 119040 146672   7928 2207384    0    0 24028    12 1606  669 39  3 53  6  0 2026-08-13 15:29:45
 1  0 119040 164784   7936 2206456    0    0 17412    10 1115  467 30  3 61  5  0 2026-08-13 15:29:55
 1  0 119040 129152   7952 2237072    1    0 12045   426 1049  455 31  3 61  4  1 2026-08-13 15:30:05
 1  0 119040 152984   6736 2206456    0    0 15532  4606 1257  657 29  5 57  9  0 2026-08-13 15:30:15
 1  0 119040 124336   6212 2242652    0    0 14853    34 1097  451 30  3 60  7  1 2026-08-13 15:30:25
 1  0 119040 130644   5964 2224932    0    0  2300     5  717  210 33  1 64  1  1 2026-08-13 15:30:35
 1  0 119040 180712   5724 2196236    0    0  1954  4168  764  266 33  2 61  4  1 2026-08-13 15:30:45
 1  0 119040 140608   5224 2231060    1    0 12996     8 1094  475 31  3 62  5  0 2026-08-13 15:30:55
 1  0 119040 137916   4988 2230228   15    0  4665    12  817  301 33  2 63  2  0 2026-08-13 15:31:05
 1  0 119040 105688   5020 2252124    0    0   491    31  690  223 33  1 65  0  0 2026-08-13 15:31:15
 1  0 128512 194728   2988 2183344    0  930 13850  5104 1170  373 32  3 59  6  0 2026-08-13 15:31:25
 1  0 128512 147128   2996 2231336    0    0  3936    10  757  261 33  2 64  1  0 2026-08-13 15:31:35
 1  0 128512 128228   3012 2248460    1    0    14    15  669  184 34  1 65  0  0 2026-08-13 15:31:45
procs -----------memory---------- ---swap-- -----io---- -system-- ------cpu----- -----timestamp-----
 r  b   swpd   free   buff  cache   si   so    bi    bo   in   cs us sy id wa st                 UTC
 2  0 128512 112512   2316 2263872    0    0 14981  4164 1015  387 31  3 58  8  0 2026-08-13 15:31:55
 1  0 128512 125128   2068 2248692    0    0  2429    22  744  236 33  1 64  1  0 2026-08-13 15:32:05
 1  0 128512 124248   2012 2255680    0    0  3108    32  708  214 34  1 65  0  0 2026-08-13 15:32:15
 1  0 128512 104404   1780 2280744    0    0  1908  3230  678  161 33  2 62  3  0 2026-08-13 15:32:25
 1  0 128512 106908   1552 2275948    0    0     0    12  645  151 33  1 66  0  0 2026-08-13 15:32:35
 1  0 128512 144596    604 2233228    0    0  5102  4105  701  156 33  2 63  2  0 2026-08-13 15:32:45
 0  0 128512 165940    660 2230740    0    0  3165 15034 1966  563 23  4 65  8  0 2026-08-13 15:32:55
 0  0 128512 131716    692 2253156    0    0  2237    26 2384  716 20  5 75  0  0 2026-08-13 15:33:05
 0  1 128512 215532    884 2134212   13    0 19004    46 2742 1374 16  6 63 14  0 2026-08-13 15:33:15
 0  1 119808 104944    812 2198260  868    0 35058    36 3145 2130 18  7 47 28  0 2026-08-13 15:33:25
 1  0 119808 157776    820 2151544    0    0 39406    13 3198 2227 17  7 47 30  0 2026-08-13 15:33:35
 0  1 119808 120600    828 2183288    0    0 30894    25 3296 2431 22  8 46 24  0 2026-08-13 15:33:45
 2  0 119808 132280    836 2174720    2    0 38046    16 3279 2337 16  8 47 30  0 2026-08-13 15:33:55
 0  1 119808 151444    844 2151672    2    0 36525     6 3221 2284 19  7 47 27  0 2026-08-13 15:34:05
 2  0 119808 149352    884 2154532    1    0 33582    36 3201 2380 22  7 46 24  0 2026-08-13 15:34:15
 1  0 119808 153484    892 2146708    1    0 38102     4 3345 2381 14  7 47 32  0 2026-08-13 15:34:25
 1  0 119808 131760    900 2163972    0    0 34984    23 3312 2396 21  7 46 25  0 2026-08-13 15:34:35
 0  1 119808 143548    908 2143900    0    0 31264     9 3083 2153 21  7 46 25  0 2026-08-13 15:34:45
 1  0 119808 117832    924 2170184    0    0 35834    30 2705 1942 13  6 48 32  1 2026-08-13 15:34:55
 1  0 119808 133580    932 2164496    1    0 27147     6 3043 2212 22  7 46 24  1 2026-08-13 15:35:05
 1  0 119808 104968    972 2187520    1    0 35577    42 3097 2131 19  6 47 27  0 2026-08-13 15:35:15
procs -----------memory---------- ---swap-- -----io---- -system-- ------cpu----- -----timestamp-----
 r  b   swpd   free   buff  cache   si   so    bi    bo   in   cs us sy id wa st                 UTC
 1  0 119808 112640    980 2179512    0    0 37981     6 3294 2304 16  7 47 30  0 2026-08-13 15:35:25
 1  0 119808 587052    420 1685004    0    2 25766    31 3433 2417 25 16 39 21  0 2026-08-13 15:35:35
 1  0 119808 314316    428 2005384    1    0 32045     7 3019 2026 12 11 47 30  0 2026-08-13 15:35:45
 1  0 119808 127108    444 2197912    0    0 24802    28 2796 1741 16  8 47 28  1 2026-08-13 15:35:55
 1  0 119808 144636    468 2186844    0    0 26855    20 2978 1918 15  6 47 31  1 2026-08-13 15:36:05
 1  0 119808 105272    500 2217952    1    0 25470    29 3276 2422 22  7 46 24  0 2026-08-13 15:36:15
 0  1 119808 149144    508 2174476    0    0 23686     7 3573 2633 22  8 46 24  0 2026-08-13 15:36:25
 0  1 119808 129760    516 2193360    1    0 29866    26 3658 2653 18  8 46 27  0 2026-08-13 15:36:35
 0  1 119808 125912    536 2188108    0    0 27417    18 3186 2332 20  7 47 26  0 2026-08-13 15:36:45
 0  1 119808 115208    544 2202396    0    0 18197     8 3188 2124 22  7 46 25  1 2026-08-13 15:36:55
 1  1 119808 119804    552 2205028    0    0 28236    18 3506 2612 17  8 46 28  1 2026-08-13 15:37:05
 0  1 119808 124140    584 2188664    0    0 26314    31 3261 2346 20  7 47 26  0 2026-08-13 15:37:15
 1  0 119808 139676    592 2177372    0    0 21182     8 3537 2555 22  8 46 24  0 2026-08-13 15:37:25
 1  0 119808 141868    600 2180156    1    0 22619    29 3184 2178 22  6 47 24  0 2026-08-13 15:37:35
 1  0 119808 124616    616 2191352    0    0 29043    24 3497 2515 18  8 46 28  0 2026-08-13 15:37:45
 1  0 119808 104976    624 2209824    0    0 24163    12 3223 2291 22  7 46 24  0 2026-08-13 15:37:55
 1  0 119808 112776    632 2200188    0    0 21378    13 3467 2463 22  8 46 24  0 2026-08-13 15:38:05
 1  0 119808 157820    664 2159712    0    0 29426    31 3414 2467 17  7 46 28  0 2026-08-13 15:38:15
 0  1 119808 132232    672 2174908    2    0 23841    10 3444 2518 21  8 46 25  0 2026-08-13 15:38:25
 0  1 119808 152848    680 2155804    0    0 20408    13 3327 2245 21  7 46 25  1 2026-08-13 15:38:35
 0  1 119808 122408    688 2187856    2    0 25493    19 3417 2475 15  7 46 30  1 2026-08-13 15:38:45
procs -----------memory---------- ---swap-- -----io---- -system-- ------cpu----- -----timestamp-----
 r  b   swpd   free   buff  cache   si   so    bi    bo   in   cs us sy id wa st                 UTC
 0  1 119808 135276    696 2171612    2    0 20664    16 2984 1979 21  6 47 26  1 2026-08-13 15:38:55
 2  0 119808 137604    704 2168224    0    0 21976     6 2975 1944 18  6 47 28  1 2026-08-13 15:39:05
 0  1 119808 110524    768 2193020    1    0 24746    38 3329 2316 18  7 46 28  1 2026-08-13 15:39:15
 0  1 119808 151596    776 2149592    0    0 17923    30 3139 2200 22  7 46 24  1 2026-08-13 15:39:25
 1  0 119808 125372    788 2176580    0    0 24994    16 3083 2264 17  7 47 29  1 2026-08-13 15:39:35
 1  0 119808 131660    800 2172912    1    0 21907    18 3299 2305 19  7 46 27  1 2026-08-13 15:39:45
 2  0 119808 118040    808 2182880    0    0 17707     8 2527 1680 16  6 47 30  1 2026-08-13 15:39:55
 0  1 119808 104236    824 2196096    0    0 17986    12 2628 1719 16  6 47 30  2 2026-08-13 15:40:05
 2  0 119552 118908    856 2181932    0    0 15240    29 2125 1325 13  5 48 32  2 2026-08-13 15:40:15
 1  0 119552 111180    864 2186700    0    0 22694    28 3270 2306 20  7 46 25  1 2026-08-13 15:40:25
 0  1 119552 136928    880 2162132    0    0 19764    20 3405 2406 21  7 46 25  0 2026-08-13 15:40:35
 0  1 119552 133796   1020 2156220    2    0 27192     6 2937 1922 15  6 46 32  1 2026-08-13 15:40:45
 1  0 119552 118260   1032 2171664    0    0 18081    13 3182 2231 21  7 46 25  1 2026-08-13 15:40:55
 1  0 119552 113824   1056 2180836    0    0 23060    36 2705 1738 16  6 47 29  1 2026-08-13 15:41:05
 0  1 119552 104412   1088 2192744    0    0 17793    26 2834 2010 17  7 46 29  2 2026-08-13 15:41:15
 0  1 119552 134584   1104 2159740    0    0 18813    16 2655 1703 16  6 47 30  1 2026-08-13 15:41:25
 1  0 119552 138300   1112 2155756    0    0 21715     8 3202 2234 19  7 46 27  1 2026-08-13 15:41:35
 0  1 119552 106692   1120 2185100    0    0 19494    10 3421 2467 21  8 46 25  1 2026-08-13 15:41:45
 0  1 119552 134344   1128 2163584    0    0 25490    11 2832 1947 15  6 47 31  1 2026-08-13 15:41:55
 1  0 119552 152208   1136 2143972    0    0 20126    31 2876 1988 20  7 47 26  1 2026-08-13 15:42:05
 1  0 119552 127136   1168 2152084    0    0 22894    30 3176 2324 19  7 47 27  1 2026-08-13 15:42:15
procs -----------memory---------- ---swap-- -----io---- -system-- ------cpu----- -----timestamp-----
 r  b   swpd   free   buff  cache   si   so    bi    bo   in   cs us sy id wa st                 UTC
 0  1 119552 141344   1176 2189312    0    0 25912    14 3409 2402 18  7 46 28  1 2026-08-13 15:42:25
 0  1 119552 110964   1184 2221856    0    0 20024    12 3277 2297 22  7 46 24  1 2026-08-13 15:42:35
 1  0 119552 138112   1200 2195928    0    0 25329    20 3234 2233 20  7 46 26  0 2026-08-13 15:42:45
 1  0 119552 101668   1208 2231128    0    0 25839    14 3470 2480 19  7 46 27  1 2026-08-13 15:42:55
 1  0 119552 139152   1216 2188328    0    0 23616    35 3439 2501 22  8 46 24  0 2026-08-13 15:43:05
 1  0 119552 157252   1256 2169280    0    0 20380    35 3337 2341 22  7 46 25  0 2026-08-13 15:43:15
 1  0 119552 167796   1264 2164504    0    0 27342     9 3456 2450 19  8 46 27  0 2026-08-13 15:43:25
 1  0 119552 152404   1276 2170604    0    0 22928    32 3500 2498 21  8 46 25  0 2026-08-13 15:43:35
 0  1 119552 117180   1284 2207440    0    0 20416    16 3282 2316 22  7 46 24  0 2026-08-13 15:43:45
 1  0 119552 137460   1292 2182424    0    0 25323    13 3010 2057 18  6 47 28  1 2026-08-13 15:43:55
 1  0 119552 108880   1300 2208592    0    0 19293    11 2879 1911 19  7 46 27  1 2026-08-13 15:44:05
 0  1 119552 120828   1340 2197460    0    0 21173    31 3494 2510 21  7 46 25  0 2026-08-13 15:44:15
 0  1 119552 144728   1348 2175204    0    0 25553     5 3165 2164 18  7 47 28  1 2026-08-13 15:44:25
 1  0 119552 119084   1356 2193328    0    0 24066    29 3534 2604 21  8 46 25  0 2026-08-13 15:44:35
 0  1 119552 163324   1364 2153860    0    0 18285    18 3472 2433 22  8 45 24  1 2026-08-13 15:44:45
 1  0 119552 135056   1380 2176292    0    0 24460    30 2952 2115 16  7 47 30  1 2026-08-13 15:44:55
 1  0 119552 106548   1388 2206828    0    0 19690     8 3394 2452 21  8 45 25  1 2026-08-13 15:45:05
 1  0 119552 149724   1420 2158840    0    0 17414    30 3108 2154 20  7 46 26  1 2026-08-13 15:45:15
 1  0 119552 141640   1432 2172564    0    0 23545    32 3064 2146 17  7 47 29  1 2026-08-13 15:45:25
 0  1 119552 102004   1440 2208808    0    0 20279    11 2989 1985 21  6 47 26  1 2026-08-13 15:45:35
 0  1 121344 613948   1384 1701792    0  194 24493   214 3116 2092 16 13 43 28  1 2026-08-13 15:45:45
procs -----------memory---------- ---swap-- -----io---- -system-- ------cpu----- -----timestamp-----
 r  b   swpd   free   buff  cache   si   so    bi    bo   in   cs us sy id wa st                 UTC
 0  0 121344 400560   1444 1928780    0    0 22708    21 3158 2152 17 11 46 25  1 2026-08-13 15:45:55
 0  1 121344 144024   1452 2194760    0    0 32198     7 3145 2075 13 11 47 29  0 2026-08-13 15:46:05
 1  0 121344 137068   1500 2199088    2    0 22910    34 3468 2468 22  8 45 24  0 2026-08-13 15:46:15
 1  0 121088 124768   1516 2207096    3    0 28904    24 3272 2261 20  7 47 26  0 2026-08-13 15:46:25
 1  0 121088 117256   1532 2210152    0    0 22800    14 3063 2109 19  7 47 26  0 2026-08-13 15:46:35
 1  0 121088 100736   1540 2226924    1    0 18484    23 3091 2136 22  8 46 23  0 2026-08-13 15:46:45
 0  1 121088 137584   1556 2186764    0    0 24017    17 3468 2462 19  8 46 27  1 2026-08-13 15:46:55
 1  0 121088 133124   1564 2190124    0    0 22748    15 3289 2367 18  7 46 28  1 2026-08-13 15:47:05
 0  1 121088 121856   1596 2205840    0    0 18388    30 3498 2546 24  8 45 22  0 2026-08-13 15:47:15
 0  1 121088 116028   1604 2202052    1    0 22044    28 3135 2256 22  7 46 24  0 2026-08-13 15:47:25
 1  0 121088 134180   1612 2190168    0    0 26802    22 3259 2321 20  7 46 26  0 2026-08-13 15:47:35
 4  0 121088 141124   1620 2180768    0    0 27060    12 3625 2583 19  8 46 27  0 2026-08-13 15:47:45
 1  0 121088 144740   1628 2169596    0    0 15644    12 3075 2100 23  7 46 23  1 2026-08-13 15:47:55
 0  1 121088 130580   1636 2184868    0    0 23869    28 3515 2435 21  8 46 25  1 2026-08-13 15:48:05
 1  0 121088 131000   1668 2182556    0    0 27695    32 3036 2144 19  7 47 27  1 2026-08-13 15:48:15
 0  1 121088 156932   1676 2163660    1    0 20474     9 3638 2553 23  8 46 23  0 2026-08-13 15:48:25
 1  0 121088 155784   1684 2158360    0    0 21781    20 3556 2566 23  8 46 23  0 2026-08-13 15:48:35
 1  0 121088 117148   1692 2200388    0    0 26621    14 3374 2298 20  7 46 26  0 2026-08-13 15:48:45
 1  0 121088 120112   1700 2190976    0    0 26954    13 3302 2299 19  7 46 26  0 2026-08-13 15:48:55
 0  1 121088 140028   1716 2173708    1    0 20565    39 3524 2471 23  8 46 23  0 2026-08-13 15:49:05
 0  1 121088 136428   1796 2166140    0    0 21533    42 3313 2286 23  7 46 23  0 2026-08-13 15:49:15
procs -----------memory---------- ---swap-- -----io---- -system-- ------cpu----- -----timestamp-----
 r  b   swpd   free   buff  cache   si   so    bi    bo   in   cs us sy id wa st                 UTC
 2  0 121088  98364   1804 2203672    1    0 26068     5 3427 2387 20  7 46 26  0 2026-08-13 15:49:25
 1  0 121088 117932   1812 2187596    3    0 26271    14 3448 2442 20  8 46 26  0 2026-08-13 15:49:35
 0  1 121088 153316   1820 2155616    2    0 19121     9 3382 2339 23  8 46 23  0 2026-08-13 15:49:45
 1  1 121088 118408   1836 2189068    1    0 20061    15 3325 2359 21  8 46 24  1 2026-08-13 15:49:55
 3  0 121088 149644   1844 2158332    0    0 24805     5 3046 2061 16  7 47 29  1 2026-08-13 15:50:06
 1  1 121088 118492   1876 2179444    1    0 18765    50 3013 2043 22  6 47 24  1 2026-08-13 15:50:16
 1  1 121088 125596   1884 2169560    1    0 21258     8 3267 2215 22  7 46 24  1 2026-08-13 15:50:26
 5  0 121088 135296   1892 2166688    0    0 27357    10 3509 2496 21  7 46 25  0 2026-08-13 15:50:36
 2  0 121088 120660   1900 2216712    0    0 21715    10 3368 2399 20  7 46 26  0 2026-08-13 15:50:46
 2  0 121088 133440   1916 2213304    0    0 19576    44 3452 2555 23  8 45 23  0 2026-08-13 15:50:56
 2  0 121088 129120   1924 2219252    0    0 19863    10 3428 2573 24  8 46 22  0 2026-08-13 15:51:06
 0  1 121088 151328   1964 2198416    0    0 23604    33 3363 2374 21  8 46 24  0 2026-08-13 15:51:16
 1  0 121088 133588   1976 2214400    0    0 25278    33 3461 2382 19  7 46 26  0 2026-08-13 15:51:26
 0  1 121088 119560   1984 2231968    2    0 19634    18 3287 2345 22  7 46 24  0 2026-08-13 15:51:36
 1  0 121088 116372   2008 2228580    0    0 17714    50 2834 1921 23  7 47 23  1 2026-08-13 15:51:46
 1  0 121088 128908   2016 2215308    0    0 21891     8 2898 1941 17  7 47 29  1 2026-08-13 15:51:56
 0  1 121088 132104   2024 2216392    0    0 14466    12 2741 1770 19  6 47 27  2 2026-08-13 15:52:06
 1  0 121088 131064   2056 2215788    1    0 17724    35 2777 1816 19  6 47 27  1 2026-08-13 15:52:16
 0  1 121088 131436   2064 2213380    1    0 25445     8 3367 2370 20  8 46 26  0 2026-08-13 15:52:26
 1  0 146176 158888    296 2211104    0 2515 22630  2541 3465 2323 22  8 46 24  0 2026-08-13 15:52:36
 0  1 158976 143156    268 2240352    4 1302 18128  1316 3404 2470 24  8 45 22  0 2026-08-13 15:52:46
procs -----------memory---------- ---swap-- -----io---- -system-- ------cpu----- -----timestamp-----
 r  b   swpd   free   buff  cache   si   so    bi    bo   in   cs us sy id wa st                 UTC
 0  1 158976 137908    284 2237464    6    0 22168    31 3260 2308 22  7 46 24  1 2026-08-13 15:52:56
 2  0 158720 122224    292 2254452   28    0 24189     8 3738 2726 21  8 45 25  1 2026-08-13 15:53:06
 0  1 158720 121672    324 2241288    1    0 21129    32 2998 2005 20  7 47 26  1 2026-08-13 15:53:16
 1  0 158720 141536    332 2229796    0    0 15660    18 3232 2287 24  8 46 22  1 2026-08-13 15:53:26
 1  0 158720 145940    348 2226300   11    0 22132    39 3378 2324 23  7 46 23  0 2026-08-13 15:53:36
 0  1 158720 120844    356 2242828    2    0 24120    14 3491 2486 21  8 46 25  0 2026-08-13 15:53:46
 1  0 158720 108884    364 2255524    5    0 23690    13 3189 2120 22  6 47 25  0 2026-08-13 15:53:56
 1  0 158208 107576    372 2277820    9    0 19083     7 3316 2407 25  8 46 21  0 2026-08-13 15:54:06
 6  0 158208 120352    420 2265668    4    0 15646    35 2615 1916 22  7 51 20  0 2026-08-13 15:54:16
 2  0 158208 150528    428 2233424    4    0 19306     4 2896 2076 20  7 49 23  0 2026-08-13 15:54:26
 0  1 158208 144356    436 2234836    5    0 17039    25 2948 2144 21  7 51 21  0 2026-08-13 15:54:36
 3  0 157952 155652    452 2225136    6    0 10243    31 2401 1743 23  6 52 18  1 2026-08-13 15:54:46
 1  1 157952 151968    460 2233340    3    0 16952     8 2835 2023 19  7 49 25  1 2026-08-13 15:54:56
 0  1 157952 141412    476 2248688    4    0 12358    16 2238 1378 20  5 51 23  1 2026-08-13 15:55:06
 3  1 157952 151368    508 2235092    6    0 14358    33 2696 1858 22  6 48 23  1 2026-08-13 15:55:16
 0  1 157952 141036    516 2245544    8    0 21069     5 2837 1882 18  6 48 27  1 2026-08-13 15:55:26
 1  0 157952 116380    532 2266276    2    0 11899    29 2452 1704 22  6 52 19  1 2026-08-13 15:55:36
 4  0 157952 132864    540 2256532    1    0 17763    14 2648 1758 18  6 49 26  1 2026-08-13 15:55:46
 4  1 177920 633220    216 1646468    4 2026  8336  2037 2112 1323 20 17 38 23  2 2026-08-13 15:55:56
 0  0 177920 571736    232 1829592    4    0 18309    34 2058 1229  9 13 42 33  2 2026-08-13 15:56:06
 1  0 177920 369380    276 2026332    8    0 19677    41 2467 1509 13  6 48 32  1 2026-08-13 15:56:16
procs -----------memory---------- ---swap-- -----io---- -system-- ------cpu----- -----timestamp-----
 r  b   swpd   free   buff  cache   si   so    bi    bo   in   cs us sy id wa st                 UTC
 0  1 177408 130168    284 2264872    8    0 23862     6 2969 2168 16  8 47 29  1 2026-08-13 15:56:26
 2  0 177408 118288    300 2280564    8    0 18474    32 3163 2173 24  7 46 23  0 2026-08-13 15:56:36
 0  1 177408 119624    316 2285388    5    0 21524    14 3500 2590 22  8 46 23  0 2026-08-13 15:56:46
 0  1 177408 114292    324 2279364    4    0 20521    10 3523 2600 22  9 45 23  1 2026-08-13 15:56:56
 4  0 177408 141712    332 2258860    4    0 21681    14 2997 1916 21  7 47 25  1 2026-08-13 15:57:06
 0  1 177408 145900    364 2265308    4    0 13929    49 2554 1724 19  7 50 23  1 2026-08-13 15:57:16
 2  0 177408 116012    368 2280496    2    0 18335     8 2882 1988 19  8 48 25  1 2026-08-13 15:57:26
 1  0 177152 110988    376 2298748    4    0 19599    20 2908 1925 16  7 47 29  1 2026-08-13 15:57:36
 1  0 177152 118952    388 2285568   15    0 19893    14 3301 2335 21  8 46 24  0 2026-08-13 15:57:46
 1  0 176384 108284    396 2295104   57    0 19835    12 3219 2191 19  7 46 26  1 2026-08-13 15:57:56
 0  1 176640 149472    224 2258064   10   32 18376    60 3242 2187 20  7 46 26  1 2026-08-13 15:58:06
 1  0 176640 116888    260 2291112   31   76 18192   117 2900 2152 19  7 49 24  0 2026-08-13 15:58:16
 0  1 177152 111032    272 2295384    4   44 19099    56 3125 2133 19  8 48 25  0 2026-08-13 15:58:26
 2  0 177152 110764    280 2290592    8    0 15762    15 2655 1862 21  7 51 21  0 2026-08-13 15:58:36
 1  0 177152 132204    288 2272632    4    0 17233    15 2968 2095 19  7 49 24  0 2026-08-13 15:58:46
 0  1 177152 110880    304 2292760    0    0 18634    42 3096 2145 19  8 49 24  0 2026-08-13 15:58:56
 1  0 177152 146544    440 2262604    5    0 17429    12 2652 1758 21  7 50 22  0 2026-08-13 15:59:06
 0  1 177152 111480    508 2291600   11    0 22584    40 3263 2246 19  8 48 25  0 2026-08-13 15:59:16
 1  0 176896 134068    516 2267200    3    0 18095    20 2677 1764 19  7 49 24  0 2026-08-13 15:59:26
 0  1 176640 125948    524 2284864    5    0 19765     8 3133 2169 19  9 49 23  0 2026-08-13 15:59:36
 0  1 176640 119792    536 2292400    2    0 17963    16 2664 1692 19  6 49 25  0 2026-08-13 15:59:46
procs -----------memory---------- ---swap-- -----io---- -system-- ------cpu----- -----timestamp-----
 r  b   swpd   free   buff  cache   si   so    bi    bo   in   cs us sy id wa st                 UTC
 2  0 176640 154436    424 2258496    4    0 17458    13 2920 2041 19  7 49 25  0 2026-08-13 15:59:56
 0  1 177152 134356    316 2278372   18   55 13972    64 2650 1705 16  7 47 29  2 2026-08-13 16:00:06
 1  0 177408 134572    324 2272008    5   62 15112   105 2565 1636 18  6 47 28  2 2026-08-13 16:00:16
 0  1 177408 138020    336 2272424    1    0 16291    27 2709 1703 18  7 48 26  1 2026-08-13 16:00:26
 0  1 224512 115452    344 2329044    1 4922 16049  4940 3601 2070 19  8 46 26  1 2026-08-13 16:00:36
 1  0 227328 153860    352 2313752    8  310 13728   320 2593 1642 19  6 48 26  1 2026-08-13 16:00:46
 1  0 227328 129428    360 2333304   10    0 12833    11 2589 1735 19  8 48 24  1 2026-08-13 16:00:56
 0  1 226816 138680    452 2317932  219    0 15090    48 2410 1639 20  7 48 25  1 2026-08-13 16:01:06
 1  0 226560 107576    484 2339716   14    0 14117    34 2778 1969 20  7 49 23  1 2026-08-13 16:01:16
 1  0 226560 139664    492 2310452   10    0 12903    10 2454 1684 19  7 49 24  1 2026-08-13 16:01:26
 1  0 226304 128128    500 2327508    5    0 14838    11 2544 1652 20  6 49 24  1 2026-08-13 16:01:36
 1  1 226048 122520    500 2335424   39    0 13172    20 2518 1747 20  8 49 22  1 2026-08-13 16:01:46
 1  0 226048 116416    516 2341092   10    0 13592    15 2431 1721 18  7 49 25  1 2026-08-13 16:01:56
 0  1 226048 120596    524 2335712    1    0 11399     8 2318 1404 16  6 47 29  2 2026-08-13 16:02:06
 1  0 226048 123040    380 2336184    3   32 14794    84 2742 1746 17  7 46 28  1 2026-08-13 16:02:16
 1  0 226048 117336    384 2342924   14   12 15740    26 3289 2252 20  8 46 25  1 2026-08-13 16:02:26
 1  0 226048 135304    400 2324416   18    0 15114    36 3118 2155 19  8 45 26  1 2026-08-13 16:02:36
 0  1 227072 189016    408 2261468   10  132 15472   142 2942 1951 20  7 46 25  1 2026-08-13 16:02:46
 0  1 227072 160560    416 2306024    8    0 15058    12 2894 2004 17  7 46 28  2 2026-08-13 16:02:56
 0  1 226816 141644    424 2320288   14    0 11943    14 2625 1622 19  6 46 27  2 2026-08-13 16:03:06
 0  1 226560 141132    456 2311976   24    0 15322    32 3142 2150 22  8 46 24  1 2026-08-13 16:03:16
procs -----------memory---------- ---swap-- -----io---- -system-- ------cpu----- -----timestamp-----
 r  b   swpd   free   buff  cache   si   so    bi    bo   in   cs us sy id wa st                 UTC
 2  0 226304 139944    464 2320540   12    0 15886     9 3220 2218 21  8 46 24  1 2026-08-13 16:03:26
 0  1 226304 150840    472 2302256   24    0 16721    19 3356 2345 22  9 45 23  1 2026-08-13 16:03:36
 0  1 225024 138344    488 2323488  112    0 17001    39 3463 2467 21  9 45 24  1 2026-08-13 16:03:46
 0  1 225024 120416    496 2343424   10    0 18640    13 3237 2183 20  8 46 25  1 2026-08-13 16:03:56
 1  0 224768 121868    628 2334804   47    0 15096     5 2685 1717 18  7 48 26  1 2026-08-13 16:04:06
 1  0 225024 121800    356 2339672   13    7 14363    60 2760 1953 20  8 49 23  1 2026-08-13 16:04:16
 2  0 224768 133112    368 2323708   11    4 14443    10 2748 1931 19  7 49 24  1 2026-08-13 16:04:26
 1  0 224768 108320    380 2345196    4    0 15282    16 2757 1854 19  7 49 24  0 2026-08-13 16:04:36
 1  0 224512 131080    268 2320484    5    0 14797    10 2861 2111 20  8 48 24  0 2026-08-13 16:04:46
 1  0 224512 124452    276 2334284    4    0 13742    24 2664 1794 20  7 50 23  1 2026-08-13 16:04:56
 0  1 224512 149620    280 2299916    4    0 12696    11 2546 1720 20  7 49 23  1 2026-08-13 16:05:06
 1  0 224512 113336    320 2338180    4    0 14927    30 2667 1780 20  7 50 23  0 2026-08-13 16:05:16
 1  0 224512 124656    328 2330492    4    0 14524    27 2832 1954 20  8 49 22  1 2026-08-13 16:05:26
 1  0 224256 145560    336 2303080    3    0 15940    11 2726 1820 20  8 50 22  0 2026-08-13 16:05:36
 0  1 224256 119552    344 2329812    6    0 15607    11 2948 2100 19  8 49 23  0 2026-08-13 16:05:46
 1  0 224256 100884    360 2353016    5    0 14100    11 2746 1919 20  8 49 23  0 2026-08-13 16:05:56
 1  0 224512 699080    200 1736312    0   38 12857    54 2429 1694 19 16 41 23  0 2026-08-13 16:06:06
 1  0 224512 518244    376 1936152    5    0 19986    51 2855 2031 14 11 48 27  0 2026-08-13 16:06:16
 1  0 224512 331036    384 2123660    2    0 18752    14 2673 1693 14  9 49 27  1 2026-08-13 16:06:26
 1  0 224512 145564    392 2305324    0    0 18167    12 2745 1795 17  8 50 25  0 2026-08-13 16:06:36
 0  1 222720 146932    400 2295476   51   52 18132    63 2831 1904 19  7 49 25  0 2026-08-13 16:06:46
procs -----------memory---------- ---swap-- -----io---- -system-- ------cpu----- -----timestamp-----
 r  b   swpd   free   buff  cache   si   so    bi    bo   in   cs us sy id wa st                 UTC
 0  1 221696 125184    416 2323372   76    0 13075    27 2707 1844 20  7 50 22  1 2026-08-13 16:06:56
 0  1 221696 143332    432 2311400   12    0 14700    19 2752 1905 20  8 48 24  1 2026-08-13 16:07:06
 0  1 221696 133420    460 2308988   11    0 14812    33 2601 1837 20  7 50 22  0 2026-08-13 16:07:16
 1  0 221440 109944    476 2339856    7    0 13172    38 2552 1699 21  7 49 23  1 2026-08-13 16:07:26
 1  0 221440 108024    484 2346988    4    0 14816    12 2682 1862 19  7 49 25  1 2026-08-13 16:07:36
 1  1 221440 113240    492 2339312   14    0 13710    12 2594 1781 21  8 50 21  1 2026-08-13 16:07:46
 1  0 221440 129420    500 2330776    3    0 15674    21 2556 1650 20  6 50 24  0 2026-08-13 16:07:56
 1  0 221184 123544    508 2330008   11    0 15650    16 2651 1707 17  7 47 26  2 2026-08-13 16:08:06
 1  0 221184 113176    540 2348016    2    0 14982    31 2534 1521 18  6 48 27  1 2026-08-13 16:08:16
 0  1 221696 136484    336 2323268    2   70 14169    79 2486 1574 19  7 49 24  1 2026-08-13 16:08:26
 1  0 221696 119616    332 2338488    2    0 13942    12 2684 1818 20  7 48 24  1 2026-08-13 16:08:36
 1  0 221440 111756    340 2348856    4    0 15699    20 2765 1891 19  7 49 24  1 2026-08-13 16:08:46
 1  0 221952 127560    484 2326316   17   62 13835    74 2591 1785 20  7 49 24  1 2026-08-13 16:08:56
 0  1 221696 111260    536 2336036   45    0 16458    33 2712 1784 19  6 47 26  1 2026-08-13 16:09:06
 0  1 219392 124588    608 2319704  262    0 14952    35 2396 1631 21  6 50 22  0 2026-08-13 16:09:16
 1  0 219392 150744    616 2298520   10    0 18443    14 3059 2004 21  8 47 23  1 2026-08-13 16:09:26
 1  0 219392 104104    628 2339648    1    0 18010    32 2896 2027 19  8 49 23  0 2026-08-13 16:09:36
 1  0 218880 106536    636 2348568   13    0 15835    10 2897 1953 19  8 49 24  0 2026-08-13 16:09:46
 1  0 218880 121336    644 2333464    4    0 16592     9 2776 1829 20  7 50 23  0 2026-08-13 16:09:56
 0  1 218880 131912    652 2312844    8    0 16804    15 2942 1986 19  8 49 24  1 2026-08-13 16:10:06
 0  1 218880 150140    372 2309548    2   10 15618    60 2656 1727 19  7 49 24  1 2026-08-13 16:10:16
procs -----------memory---------- ---swap-- -----io---- -system-- ------cpu----- -----timestamp-----
 r  b   swpd   free   buff  cache   si   so    bi    bo   in   cs us sy id wa st                 UTC
 0  1 218624 142952    380 2314904    8    3 16107     9 2816 1883 20  7 49 24  0 2026-08-13 16:10:26
 1  0 218624 140936    388 2313832    1    0 16307     9 2683 1851 20  7 50 23  0 2026-08-13 16:10:36
 2  0 218624 108800    404 2341276    5    2 15786    36 2937 2093 19  8 48 24  1 2026-08-13 16:10:46
 1  0 219136 147548    420 2298760   22   82 16388    90 2680 1750 18  9 46 26  0 2026-08-13 16:10:56
 0  1 219136 168188    428 2287636   11    0 15151    10 2908 2031 20  8 49 22  1 2026-08-13 16:11:06
 1  0 219136 142848    476 2302944    7    0 17140    41 2760 1884 19  7 50 23  0 2026-08-13 16:11:16
 0  1 218624 123152    476 2328964   15    0 15924    23 2688 1808 21  7 50 21  1 2026-08-13 16:11:26
 1  0 218112 136760    624 2309104  225    0 18525    49 2719 1928 21  8 47 24  0 2026-08-13 16:11:36
 1  0 218112 109564    632 2341712    8    0 18753     9 2987 2042 19  8 49 24  0 2026-08-13 16:11:46
 1  1 218112 112144    640 2344932    4    0 18089    12 2958 2098 17  9 47 26  1 2026-08-13 16:11:56
 2  0 218112 109596    664 2344132    2    0 16202    34 2859 1872 18  7 48 26  1 2026-08-13 16:12:06
 0  1 217856 120852    372 2331280    9    2 14685    32 2677 1914 19  7 49 24  1 2026-08-13 16:12:16
 0  1 217600 119192    380 2327924    3    1 16344    11 2816 1903 17  7 48 26  1 2026-08-13 16:12:26
 1  0 217600 137404    388 2313220    2    0 15742    13 2783 1906 19  7 49 24  1 2026-08-13 16:12:36
 1  0 224000 194232    384 2270448    8  644 15447   661 2636 1737 20  7 50 23  0 2026-08-13 16:12:46
 1  0 224000 124460    392 2337944   14    0 17333    11 2819 1850 19  7 49 25  1 2026-08-13 16:12:56
 1  0 224000 138952    400 2315460   16    0 13930    18 2538 1698 21  7 50 21  1 2026-08-13 16:13:06
 0  1 223488 143696    432 2307724   14    0 15464    31 2849 1990 20  8 49 23  0 2026-08-13 16:13:16
 0  1 223488 142856    440 2313140   21    0 13785    27 2541 1769 19  7 49 24  1 2026-08-13 16:13:26
 1  0 223488 152368    448 2303016    6    0 14895    13 2820 1930 19  8 49 23  1 2026-08-13 16:13:36
 1  0 222976 106776    456 2344648   30    0 15437    22 2693 1883 19  8 50 23  1 2026-08-13 16:13:46
procs -----------memory---------- ---swap-- -----io---- -system-- ------cpu----- -----timestamp-----
 r  b   swpd   free   buff  cache   si   so    bi    bo   in   cs us sy id wa st                 UTC
 1  0 222720 121056    480 2338228   90    0 16681    19 2952 2000 18  8 48 25  1 2026-08-13 16:13:56
 0  1 222464 129692    488 2328104   44    0 15907     6 2726 1812 20  8 49 23  0 2026-08-13 16:14:06
 1  0 222464 126148    516 2334796   18    0 16285    44 2939 2050 20  8 48 23  0 2026-08-13 16:14:16
 1  0 222720 119532    540 2332296    4    8 15198    30 2756 1954 21  7 50 22  0 2026-08-13 16:14:26
 1  0 221184 118300    552 2334252  134    1 16866    34 3083 2222 20  8 49 23  0 2026-08-13 16:14:36
 1  0 221184 106824    560 2334508    6    0 14759    10 2721 1858 21  7 49 23  0 2026-08-13 16:14:46
 1  0 221184 174488    572 2286120    3    0 16362    28 2775 1978 19  8 50 23  0 2026-08-13 16:14:56
 1  0 221184 132188    572 2315868    7    0 13832    13 2817 2018 20  8 50 22  1 2026-08-13 16:15:06
 1  0 221184 122960    604 2327968    3    0 16799    43 2941 1957 20  7 48 24  1 2026-08-13 16:15:16
 1  0 221184 147344    612 2309112    1    0 16805     6 2698 1930 20  8 50 23  0 2026-08-13 16:15:26
 1  0 221184 104112    620 2344556    4    0 15907    14 2578 1735 20  7 50 23  0 2026-08-13 16:15:36
 2  0 220928 108416    628 2337872    2    0 16408    12 2821 1979 18  8 49 24  1 2026-08-13 16:15:46
 1  0 220928 116428    528 2335404    8    0 15080    16 2589 1806 18  8 48 25  1 2026-08-13 16:15:56
 0  1 220928 119300    540 2339540    2    0 15700    12 2504 1436 18  5 47 28  1 2026-08-13 16:16:06
 1  0 221952 629016    244 1732840    2  107 12827   152 2464 1555 16 15 39 27  3 2026-08-13 16:16:16
 0  1 221952 534936    252 1907840    2    0 17502     6 2502 1517 12  7 48 32  1 2026-08-13 16:16:26
 0  1 221696 316452    260 2127744    5    0 21995    18 2989 1854 14 10 48 28  0 2026-08-13 16:16:36
 1  0 221696 134728    268 2301708    5    0 17395    11 2675 1711 17  8 47 27  1 2026-08-13 16:16:46
 0  1 221696 120292    284 2319100    4    0 15856    35 2896 2039 18  8 46 26  2 2026-08-13 16:16:56
 1  0 220672 154892    436 2288660  101    0 17563    25 3438 2369 21  8 45 25  1 2026-08-13 16:17:06
 0  1 220672 154888    468 2292300    7    0 16593    57 3298 2315 22  8 46 23  1 2026-08-13 16:17:16
procs -----------memory---------- ---swap-- -----io---- -system-- ------cpu----- -----timestamp-----
 r  b   swpd   free   buff  cache   si   so    bi    bo   in   cs us sy id wa st                 UTC
 1  0 220672 164180    476 2294284    5    0 16681     8 3095 2265 20  8 46 25  1 2026-08-13 16:17:26
 0  1 220672 146288    484 2309944    1    0 12579    14 2554 1807 21  7 51 21  0 2026-08-13 16:17:36
 0  1 220672 124384    508 2335124    4    0 13139    34 2419 1598 21  6 51 21  0 2026-08-13 16:17:46
 0  1 220416 132392    516 2323232    5    0 14418     9 2894 2020 19  7 49 24  1 2026-08-13 16:17:56
 0  1 220160 112280    524 2345732    7    0 11463    12 2556 1803 20  7 50 22  1 2026-08-13 16:18:06
 1  0 220160 121752    556 2334996    5    0 13109    45 2529 1793 20  7 48 24  1 2026-08-13 16:18:16
 1  0 220160 131480    576 2322964    0    0 13560    20 2502 1834 21  7 51 20  0 2026-08-13 16:18:26
 1  0 220160 145672    584 2315476    6    0 13739    12 2693 1888 21  7 51 21  0 2026-08-13 16:18:36
 0  1 220160 107080    580 2348060   12    0 13717    16 2497 1739 20  7 50 23  0 2026-08-13 16:18:46
 1  0 220416 122352    204 2327000    3   36 12884    56 2590 1801 19  8 48 24  0 2026-08-13 16:18:56
 1  0 219904 117280    336 2342796   13    6 13527    11 2708 1935 20  7 48 24  1 2026-08-13 16:19:06
 1  0 219904 155348    408 2300216   18    0 14180    39 2983 2209 20  8 49 22  0 2026-08-13 16:19:16
 1  0 221696 147000    416 2306280    8  202 13780   232 2880 1995 20  7 50 22  0 2026-08-13 16:19:26
 2  0 221696 117276    436 2333232    5    0 13604    23 2661 1865 21  7 50 22  0 2026-08-13 16:19:36
 0  1 221696 148952    444 2308076    6    0 14106    11 2522 1639 21  6 51 22  0 2026-08-13 16:19:46
 2  0 221696 154548    452 2295488    2    0 15052     9 2644 1770 20  6 51 22  0 2026-08-13 16:19:56
 1  0 221696 131436    460 2330896    0    0 13896    16 2828 1980 20  8 48 23  1 2026-08-13 16:20:06
 1  0 221696 112696    492 2333964    4    0 14903    28 2682 1804 22  7 49 22  0 2026-08-13 16:20:16
 0  1 221440 138540    500 2317544    2    0 14915     8 2789 1953 20  7 50 22  0 2026-08-13 16:20:26
 0  1 221440 120492    508 2335488    6    0 13674    10 2765 1956 21  8 51 20  0 2026-08-13 16:20:36
 1  0 221184 107972    520 2341908    3    0 15908    16 2913 1978 19  8 49 23  0 2026-08-13 16:20:46
procs -----------memory---------- ---swap-- -----io---- -system-- ------cpu----- -----timestamp-----
 r  b   swpd   free   buff  cache   si   so    bi    bo   in   cs us sy id wa st                 UTC
 1  0 221184 117456    208 2338184    3    9 15285    15 2705 1808 20  9 48 22  0 2026-08-13 16:20:56
 0  1 221184 138184    224 2320304    4    8 17300    41 2951 2008 20  7 48 25  0 2026-08-13 16:21:06
 1  0 221184 113464    264 2337216    3    0 15308    39 2841 1985 20  7 48 24  0 2026-08-13 16:21:16
 1  0 221440 135796    272 2319932    5   18 13901    24 2520 1735 21  7 50 22  0 2026-08-13 16:21:26
 1  0 223232 126924    280 2324200    2  174 15859   184 2748 1945 20  8 50 23  0 2026-08-13 16:21:36
 0  1 222464 145984    420 2317284  217    0 15918    32 2721 1816 21  7 47 24  1 2026-08-13 16:21:46
 2  0 222464 119416    428 2321140    7    0 16911    19 2724 1862 19  7 48 25  1 2026-08-13 16:21:56
 1  0 220672 114688    424 2335008  168    0 16581    12 3231 2204 21  8 46 25  1 2026-08-13 16:22:06
 1  0 220672 129540    460 2327256    9    0 19294    67 3370 2378 20  9 46 25  1 2026-08-13 16:22:16
 0  1 220672 107136    468 2346812    3    0 21462     8 3573 2382 21  9 45 24  0 2026-08-13 16:22:26
 0  1 220160 121740    476 2329664  183    0 23726    12 3684 2678 21  9 44 25  0 2026-08-13 16:22:36
 1  0 220160 124792    332 2336280    4    0 18865    26 3196 2294 21  9 47 23  0 2026-08-13 16:22:46
 0  1 220160 117096    340 2336416   13   10 17278    20 2778 1869 19  7 49 25  0 2026-08-13 16:22:56
 2  0 218880 112164    348 2345472  126    0 15245    18 2641 1776 20  7 49 24  0 2026-08-13 16:23:06
 0  1 219392 111052    388 2344572    3   55 15775    99 3005 2147 19  7 49 24  1 2026-08-13 16:23:16
 0  1 219392 157944    396 2301428    1    0 15214    21 2745 1958 19  8 48 24  1 2026-08-13 16:23:26
 0  1 219136 123024    404 2329120    1    0 13490    14 2596 1768 21  7 51 21  0 2026-08-13 16:23:36
 1  0 219136 141356    412 2304212    4    0 14098    14 2422 1656 21  7 51 21  0 2026-08-13 16:23:46
 0  1 219136 127268    420 2325736    2    0 17001    14 3124 2236 19  9 47 24  1 2026-08-13 16:23:56
 0  1 218880 137716    552 2308272    1    0 14912     9 2700 1854 19  8 49 23  1 2026-08-13 16:24:06
 1  1 218880 107556    596 2344428    3    0 15973    40 2852 1925 17  7 48 26  1 2026-08-13 16:24:16
procs -----------memory---------- ---swap-- -----io---- -system-- ------cpu----- -----timestamp-----
 r  b   swpd   free   buff  cache   si   so    bi    bo   in   cs us sy id wa st                 UTC
 2  0 218880 118200    736 2335188    3    0 14576     6 2738 1833 20  8 49 23  0 2026-08-13 16:24:26
 1  0 218880 126984    752 2331736    5    0 16991    16 2695 1828 20  8 49 23  0 2026-08-13 16:24:36
 0  1 219136 137396    436 2320308    1    8 16086    22 2924 1971 20  8 48 24  0 2026-08-13 16:24:46
 1  0 219136 145380    324 2310708    0    0 15847    29 2503 1528 20  5 50 25  0 2026-08-13 16:24:56
 0  1 219136 141592    340 2309716    3    0 15750    15 2952 2032 19  8 48 25  1 2026-08-13 16:25:06
 0  1 220416 144332    372 2274328    9  140 13450   170 2604 1747 20  7 50 22  1 2026-08-13 16:25:16
 0  1 220160 157040    380 2294012   29    0 18073     7 2874 1892 19  7 48 25  0 2026-08-13 16:25:26
 1  0 220160 124536    388 2329860    9    0 14213    10 2668 1770 20  7 49 23  1 2026-08-13 16:25:36
 1  0 219904 123972    392 2328364    7    0 15085    18 2734 1806 19  8 48 24  1 2026-08-13 16:25:46
 2  1 219648 113284    408 2338348    5    0 15233    24 2428 1654 20 13 43 24  1 2026-08-13 16:25:56
 0  1 219648 142928    416 2316804   12    0 15648    10 2622 1667 19  7 49 25  1 2026-08-13 16:26:06
 1  0 219648 117440    456 2335880    8    0 16476    32 2864 2035 19  8 49 24  0 2026-08-13 16:26:16
 0  1 219904 662288    196 1719428    6   63 14218    92 2439 1714 18 17 40 24  0 2026-08-13 16:26:26
 0  1 219904 482640    204 1960136    2    0 24067    11 3019 1883 14  9 49 28  0 2026-08-13 16:26:36
 1  0 219904 272220    220 2169152   14    0 20912    11 2774 1774 14  9 49 27  0 2026-08-13 16:26:46
 1  1 219392 140172    236 2300200    7    0 16613    25 2674 1877 18  9 50 23  0 2026-08-13 16:26:56
 1  0 219392 100816    252 2337392    4    0 19687    13 3179 2175 19  8 47 26  1 2026-08-13 16:27:06
 2  0 219392 125620    284 2319044    8    0 13551    30 2633 1671 20  6 48 25  1 2026-08-13 16:27:16
 0  1 219392 140364    292 2309532    2    0 14682     8 2628 1772 20  7 49 24  1 2026-08-13 16:27:26
 0  1 219392 161964    300 2293068    6    0 14202    31 2612 1849 20  8 50 21  1 2026-08-13 16:27:36
 1  0 219392 111596    316 2346188    5    0 14738    24 2544 1713 21  7 51 21  0 2026-08-13 16:27:46
procs -----------memory---------- ---swap-- -----io---- -system-- ------cpu----- -----timestamp-----
 r  b   swpd   free   buff  cache   si   so    bi    bo   in   cs us sy id wa st                 UTC
 0  1 219392 127608    324 2327852    4    0 16906    27 2852 1961 19  8 50 23  0 2026-08-13 16:27:56
 1  0 219136 124448    344 2331980   14    0 13059    34 2683 1813 20  8 49 23  1 2026-08-13 16:28:06
 1  0 219136 104216    376 2346444    4    0 18178    30 3132 2250 20  9 47 24  1 2026-08-13 16:28:16
 1  0 218880 104732    388 2345704    8    0 19913    25 3273 2179 20  9 46 25  0 2026-08-13 16:28:26
 0  1 218624 118252    200 2342740   60   16 16077    44 2781 1916 20  8 50 22  0 2026-08-13 16:28:36
 1  0 218880 140916    204 2316876    3   73 13968    84 2661 1914 21  8 50 21  0 2026-08-13 16:28:46
 0  1 218880 114072    212 2348876    2    4 16093    18 2900 2003 20  7 50 23  0 2026-08-13 16:28:56
 0  1 218880 135316    340 2330108   15    1 15638     8 2942 2087 20  8 49 23  0 2026-08-13 16:29:06
 0  1 220672 159956    540 2307252    6  150 16326   200 3025 2102 19  8 48 24  0 2026-08-13 16:29:16
 0  1 220160 116868    556 2334052    2    0 13562    18 2675 1787 20  7 50 22  1 2026-08-13 16:29:26
 0  1 220160 120832    568 2331512    2    0 16030    17 2695 1748 19  7 49 24  1 2026-08-13 16:29:36
 0  1 220160 109100    584 2344276    3    0 16302    22 2668 1726 18  7 49 25  1 2026-08-13 16:29:46
 1  0 220160 145164    600 2317448    4    0 15033    28 2662 1905 20  8 50 22  0 2026-08-13 16:29:56
 1  0 220160 121504    608 2331632    7    0 15324     5 2772 1841 19  7 50 23  1 2026-08-13 16:30:06
 1  0 220160 121276    640 2339384    4    0 14628    25 2708 1866 20  7 50 22  1 2026-08-13 16:30:16
 1  0 220160 124804    656 2336212    3    0 18012    35 2818 1871 19  8 48 25  0 2026-08-13 16:30:26
 1  0 219904 138788    252 2321944   14   28 15838    39 2626 1728 20  7 50 22  0 2026-08-13 16:30:36
 1  0 219904 145872    260 2316080   14    1 15110    10 2905 2144 20  8 50 21  0 2026-08-13 16:30:46
 0  1 219904 145144    276 2316352    7    0 16404    11 2874 2050 20  8 50 23  0 2026-08-13 16:30:56
 0  1 219904 142748    284 2323596    4    6 14590    30 3054 2222 20  8 49 22  1 2026-08-13 16:31:06
 1  0 220160 160488    316 2305964    8   40 15452    72 2805 1929 19  7 49 24  1 2026-08-13 16:31:16
procs -----------memory---------- ---swap-- -----io---- -system-- ------cpu----- -----timestamp-----
 r  b   swpd   free   buff  cache   si   so    bi    bo   in   cs us sy id wa st                 UTC
 1  0 219904 130880    324 2326224    4    0 12574     9 2480 1643 20  7 50 23  1 2026-08-13 16:31:26
 0  1 219904 148348    332 2317852    7    0 15930    27 2681 1795 18  7 49 25  1 2026-08-13 16:31:36
 2  0 219392 134580    480 2319448  214    0 15033    17 2635 1834 20  8 46 25  1 2026-08-13 16:31:46
 1  1 219392 112896    484 2338480   12    0 15128    28 2522 1615 17  6 48 28  1 2026-08-13 16:31:56
 1  0 219392 109320    500 2346064    1    0 16814    21 2875 1944 19  7 46 26  1 2026-08-13 16:32:06
 1  0 219392 127304    532 2330336    4    0 17824    37 3126 2090 21  8 46 25  1 2026-08-13 16:32:16
 0  1 219392 137948    308 2316508    2    1 19708    11 3566 2508 20  9 45 25  1 2026-08-13 16:32:26
 1  1 219136 133312    192 2328716    2   22 19205    34 3437 2326 22  8 46 23  0 2026-08-13 16:32:36
 0  1 219136 114012    200 2349448    4    2 18448    36 3427 2323 21  8 46 25  0 2026-08-13 16:32:46
 1  0 219136 115312    208 2345856    2    0 17716    14 3175 2031 21  7 47 25  1 2026-08-13 16:32:56
 0  1 224768 121872    224 2339288   28  595 17369   612 3012 1871 20  7 46 26  1 2026-08-13 16:33:06
 1  0 224512 123848    248 2338864   31    0 15959    32 3172 2065 21  8 46 24  1 2026-08-13 16:33:16
 0  1 224000 119852    256 2349604   14    0 17336    10 3232 2178 21  8 46 24  1 2026-08-13 16:33:26
 2  0 223744 109004    264 2357824   29    0 20008    27 3424 2388 21  9 46 24  1 2026-08-13 16:33:36
 1  0 223744 119816    280 2347860    8    0 19220    24 3132 2029 22  8 47 23  0 2026-08-13 16:33:46
 1  1 220672 119800    288 2339988  322    0 15766    18 2677 1943 19  8 48 24  0 2026-08-13 16:33:56
 1  0 220160 134364    432 2328988   58    0 17022    17 2868 1965 19  9 48 24  1 2026-08-13 16:34:06
 0  1 220160 123088    360 2344068    7    0 15127    38 2862 2012 19  8 49 23  0 2026-08-13 16:34:16
 1  0 220416 111144    368 2345180    2    3 15310    36 2825 1979 20  7 49 23  0 2026-08-13 16:34:26
 0  1 220416 127392    376 2332944    6    5 15467    13 2859 2045 19  8 50 23  0 2026-08-13 16:34:36
 1  0 220416 107888    272 2351704    4    0 16170    10 2688 1804 19  7 50 23  0 2026-08-13 16:34:46
procs -----------memory---------- ---swap-- -----io---- -system-- ------cpu----- -----timestamp-----
 r  b   swpd   free   buff  cache   si   so    bi    bo   in   cs us sy id wa st                 UTC
 0  1 220416 125792    288 2337364    4    0 14478    20 2747 1952 19  8 48 24  1 2026-08-13 16:34:56
 0  1 220416 153464    308 2303316    2    0 12681    39 2379 1596 20  7 51 21  1 2026-08-13 16:35:06
 1  0 220416 144168    332 2308284    4    0 16696    24 2754 1843 18  7 49 25  1 2026-08-13 16:35:16
 1  0 220416 142848    340 2317992    7    0 15001    11 2471 1540 20  6 52 21  0 2026-08-13 16:35:26
 0  1 220416 114080    348 2351384    2    0 16959    10 2755 1850 20  7 51 22  0 2026-08-13 16:35:36
 1  0 220160 116552    360 2345680    1    0 16770    29 2657 1728 20  7 50 23  0 2026-08-13 16:35:46
 0  1 220160 126092    376 2339088   14    0 16341     7 2551 1907 20 14 41 25  0 2026-08-13 16:35:56
 1  0 220160 107716    384 2352748   10    0 16614    16 2641 1694 19  7 50 24  1 2026-08-13 16:36:06
 1  0 220160 114632    172 2350064    7   37 16289    84 2643 1686 19  6 50 24  0 2026-08-13 16:36:16
 1  0 220416 118120    180 2342252    2   42 15366    48 2651 1782 20  7 50 23  0 2026-08-13 16:36:26
 1  0 220928 748332    188 1697576    5   81 15055    92 2599 1813 19 17 42 22  0 2026-08-13 16:36:36
 0  1 220928 488324    196 1963352    6    0 26587    18 3102 1919 13 10 49 27  0 2026-08-13 16:36:46
 0  1 220928 255980    204 2193480   10    0 23021    11 2769 1704 14  9 50 26  0 2026-08-13 16:36:56
 2  0 220928 124516    212 2327872    4    0 18792    11 2744 1823 18  8 50 23  0 2026-08-13 16:37:06
 0  1 220672 111280    244 2334608    7    0 16830    32 2853 1990 19  8 49 24  0 2026-08-13 16:37:16
 1  0 220672 112604    252 2335928    0    0 15125    13 2588 1701 20  7 50 22  0 2026-08-13 16:37:26
 2  0 217344 119128    272 2336548  355    0 15492    25 2590 1671 21  7 51 21  0 2026-08-13 16:37:36
 0  1 217344 129588    280 2328852    1    0 16067     9 2936 2120 20  8 49 22  0 2026-08-13 16:37:46
 0  1 217344 107200    288 2349456    6    0 15368    35 2568 1717 21  7 50 22  0 2026-08-13 16:37:56
 1  0 216832 109388    304 2346028    7    0 15466    22 2882 1976 20  9 49 22  0 2026-08-13 16:38:06
 0  1 216832 109440    328 2354032    3    0 15864    27 2682 1833 19  7 49 25  0 2026-08-13 16:38:16
procs -----------memory---------- ---swap-- -----io---- -system-- ------cpu----- -----timestamp-----
 r  b   swpd   free   buff  cache   si   so    bi    bo   in   cs us sy id wa st                 UTC
 1  0 217088 134000    188 2323604    2   18 15424    34 2685 1887 20  8 50 22  0 2026-08-13 16:38:26
 1  0 217088 120580    200 2340884    6    2 17280    36 2871 1971 19  7 49 24  0 2026-08-13 16:38:36
 0  1 217088 124568    208 2330788    6    1 15651    14 2762 1991 21  7 50 21  0 2026-08-13 16:38:46
 1  0 216832 132084    216 2328916   20    1 15170    19 2611 1782 20  7 50 23  0 2026-08-13 16:38:56
 1  0 217344 142716    272 2316716   34   76 15746    86 2728 1846 20  7 50 23  0 2026-08-13 16:39:06
 1  0 217088 105924    424 2353416    9    0 14524    36 2889 2085 20  8 50 21  0 2026-08-13 16:39:16
 2  0 217088 150548    432 2306528    6    0 16879     4 2943 1951 19  7 49 25  0 2026-08-13 16:39:26
 0  1 216832 149004    444 2312600    0    0 14448    22 2646 1772 20  7 51 21  0 2026-08-13 16:39:36
 2  0 216832 112908    452 2337568    7    0 18371    10 2729 1872 19  8 50 22  0 2026-08-13 16:39:46
 1  0 216832 135188    604 2326972    4    0 18209    36 2839 1899 19  7 50 24  0 2026-08-13 16:39:56
 0  1 216832 122364    620 2334220    2    0 16327     8 2958 2012 18  8 49 24  1 2026-08-13 16:40:06
 0  1 217088 116612    640 2341364   10    4 16282    34 2647 1787 18  8 49 25  1 2026-08-13 16:40:16
 1  0 217088 123536    452 2330412    4    2 14580    21 2931 2004 19  8 47 26  1 2026-08-13 16:40:26
 1  0 217088 141472    468 2322616    2    0 18753    37 3055 2096 20  7 47 26  1 2026-08-13 16:40:36
 1  0 217088 113280    488 2346188    0    2 16136    11 3254 2244 19  8 46 26  1 2026-08-13 16:40:46
 0  1 217088 131964    500 2325116   13   43 14810    54 2783 1807 20  8 47 24  1 2026-08-13 16:40:56
 1  0 216832 122132    508 2327596    8    0 16379    10 2891 1812 18  7 47 27  1 2026-08-13 16:41:06
 0  1 216832 108008    596 2347976   10    0 12726    32 2495 1535 18  6 47 28  2 2026-08-13 16:41:16
 0  1 216832 108804    612 2355448   12    0 16336    16 2778 1786 18  7 47 28  1 2026-08-13 16:41:26
 0  1 216832 129532    540 2328004    1    0 19368    38 3259 2187 21  8 46 24  1 2026-08-13 16:41:36
 0  1 216832 107576    548 2351368   13    0 18137    10 3135 1988 20  8 46 25  1 2026-08-13 16:41:46
procs -----------memory---------- ---swap-- -----io---- -system-- ------cpu----- -----timestamp-----
 r  b   swpd   free   buff  cache   si   so    bi    bo   in   cs us sy id wa st                 UTC
 1  0 216064 126056    696 2332544  219    0 21104    52 3375 2225 21  9 43 26  1 2026-08-13 16:41:56
 1  0 216064 121100    704 2338392    2    0 18558     8 3141 2144 19  9 46 25  1 2026-08-13 16:42:06
 3  0 216064 132628    452 2327716    4    0 16121    28 3190 2184 20  8 46 25  1 2026-08-13 16:42:16
 0  1 216064 114460    468 2346444    1    0 14924    20 2826 1919 17  7 47 28  1 2026-08-13 16:42:26
 2  0 216064 116128    480 2347080    2    4 15807    16 3187 2210 19  7 46 26  1 2026-08-13 16:42:36
 0  1 216832 175712    444 2287976   19   94 19358   106 3576 2474 21  9 45 25  0 2026-08-13 16:42:46
 1  0 216832 108240    460 2349084    2    0 16803    22 3342 2291 21  8 45 24  1 2026-08-13 16:42:56
 1  0 216832 153168    468 2302908    2    0 16822    30 3259 2166 20  8 45 25  1 2026-08-13 16:43:06
 0  1 216576 127208    492 2328748   19    0 17566    32 3216 2262 21  8 46 24  1 2026-08-13 16:43:16
 0  1 216320 125232    508 2324928    4    0 16931    22 2921 1823 20  8 46 25  1 2026-08-13 16:43:26
 1  0 216320 142616    516 2317160    3    0 18238    13 3241 2272 20  8 46 25  1 2026-08-13 16:43:36
 1  0 216320 122080    528 2333100    6    0 19967    32 3402 2347 21  9 46 24  1 2026-08-13 16:43:46
 1  0 215552 113644    188 2337552   59    1 18027    10 3198 2107 22  8 46 24  1 2026-08-13 16:43:56
 1  0 215552 122692    332 2331632    6    2 15595    27 2828 1853 19  7 45 27  2 2026-08-13 16:44:06
 1  0 215552 112132    368 2345800    6    0 18070    30 3185 2200 20  8 46 26  1 2026-08-13 16:44:16
 1  0 215296 131688    384 2328204    8    0  9887    10 1951 1321 11  5 47 36  1 2026-08-13 16:44:26
 0  1 215808 176912    396 2280920    0   57 15934    74 3215 2175 21  8 46 25  1 2026-08-13 16:44:36
 0  1 215808 134956    404 2315328    9    0 19452    20 3325 2300 22  8 46 24  0 2026-08-13 16:44:46
 1  1 215808 102024    412 2334100    4    0 17906    12 3097 2073 21  8 46 24  1 2026-08-13 16:44:56
 1  0 215808 106392    428 2340652    3    0 15285    11 2876 1851 19  9 44 25  2 2026-08-13 16:45:06
 0  1 215552 140836    464 2315940    7    0 14915    44 2629 1712 18  7 46 27  2 2026-08-13 16:45:16
procs -----------memory---------- ---swap-- -----io---- -system-- ------cpu----- -----timestamp-----
 r  b   swpd   free   buff  cache   si   so    bi    bo   in   cs us sy id wa st                 UTC
 1  0 215552 109228    480 2341948    1    0 14862    18 2780 1868 19  7 46 26  2 2026-08-13 16:45:26
 0  1 215552 110468    488 2344976    7    0 16489     6 2982 1979 19  8 46 27  1 2026-08-13 16:45:36
 1  0 215552 120024    376 2335052    4    0 16309    38 2869 1789 19  8 46 26  2 2026-08-13 16:45:46
 1  0 215296 118744    212 2335572    8   26 18607    37 3328 2297 21 12 42 25  1 2026-08-13 16:45:56
 1  0 213248 141260    216 2318272  248   34 19312    44 3502 2364 21  8 46 25  1 2026-08-13 16:46:06
 0  1 213504 139664    248 2318272    2    9 18848    37 3343 2327 20  8 46 25  1 2026-08-13 16:46:16
 0  1 214272 155668    264 2298328    0   68 17530    89 3160 2089 21  8 46 25  1 2026-08-13 16:46:26
 0  1 214016 135348    272 2317296    6    0 17157    11 3129 2118 23  8 46 23  1 2026-08-13 16:46:36
 1  0 213760 648160    292 1794148    2    0 21553    24 3206 2099 20 14 41 24  0 2026-08-13 16:46:46
 0  1 213760 389608    300 2060020    8    0 26599     7 3000 1892 14 11 48 26  1 2026-08-13 16:46:56
 1  0 213760 139120    308 2310288    2    0 25026    12 3015 1927 16  9 48 26  0 2026-08-13 16:47:06
 0  1 213504 108152    332 2350548   15    0 19985    42 3567 2433 21 10 45 24  1 2026-08-13 16:47:16
 2  0 213504 124304    348 2335940    3    0 19814    18 3476 2396 20 10 45 25  1 2026-08-13 16:47:26
 1  0 213504 111660    360 2347032    1    0 19723    15 3353 2267 20  8 46 26  1 2026-08-13 16:47:36
 1  0 213504 133132    348 2321612    1   13 17490    40 3565 2433 22  9 45 23  0 2026-08-13 16:47:46
 1  0 213760 113792    196 2338156    3   12 18517    52 3411 2368 22  9 45 24  0 2026-08-13 16:47:56
 0  1 213760 111072    208 2346304    3    0 19264    10 3292 2257 19  8 46 26  1 2026-08-13 16:48:06
 2  0 213760 106936    232 2346616   10   16 17903    51 3285 2252 22  8 46 24  1 2026-08-13 16:48:16
 0  1 215040 124000    248 2329844   20  174 18749   191 3583 2492 20  9 45 25  1 2026-08-13 16:48:26
 1  0 214784 147756    256 2303044    3    0 18792    13 3591 2453 23  8 45 22  0 2026-08-13 16:48:36
 0  1 214784 134856    272 2308408   20    0 19518    20 3599 2568 23  9 45 22  0 2026-08-13 16:48:46
procs -----------memory---------- ---swap-- -----io---- -system-- ------cpu----- -----timestamp-----
 r  b   swpd   free   buff  cache   si   so    bi    bo   in   cs us sy id wa st                 UTC
 1  0 214528 130588    424 2321776   11    0 19207    30 3247 2143 21  8 46 24  1 2026-08-13 16:48:56
 0  0 214528 103996    556 2342008   31    0 19468    15 3093 2036 18  8 46 27  1 2026-08-13 16:49:06
 0  1 214272 118852    616 2332216    7    0 18100    34 3534 2484 20  9 45 25  1 2026-08-13 16:49:16
 0  1 214784 141064    448 2319700    7   15 17825    51 3383 2361 20  9 45 25  1 2026-08-13 16:49:26
 2  0 214528 107240    460 2352376    6    0 16254    18 2732 1873 20  7 49 24  0 2026-08-13 16:49:36
 1  0 214528 133280    364 2322768    3   10 15727    32 2578 1673 20  6 50 23  0 2026-08-13 16:49:46
 0  1 214528 122884    372 2327148    4    0 14516    22 2606 1696 19  6 49 25  1 2026-08-13 16:49:56
 1  0 214528 123324    380 2328880    7    0 11207     9 2144 1340 17  6 48 27  3 2026-08-13 16:50:06
 1  0 214016 139056    420 2312756   16    0 14152    36 2634 1671 21  7 47 25  1 2026-08-13 16:50:16
 1  0 214016 132816    416 2319868    3    0 17322    17 3275 2245 20  9 44 26  1 2026-08-13 16:50:26
 1  0 214016 125320    564 2315592    6    0 18672    28 3678 2638 22 10 44 23  1 2026-08-13 16:50:36
 0  1 214016 123060    572 2335496    5    0 18794    10 3182 2145 21  8 46 24  1 2026-08-13 16:50:46
 1  0 214016 133900    588 2327364    6    0 19334    14 3197 2202 20 10 45 25  1 2026-08-13 16:50:56
 2  0 214016 128296    596 2331216    2    0 18076    10 3110 2043 19  9 46 26  1 2026-08-13 16:51:06
 3  0 214272 124724    312 2335832   11   19 15598    57 2942 2099 18  9 48 24  1 2026-08-13 16:51:16
 2  1 213760 129896    328 2326300   22   15 14549    38 2618 1753 19  7 50 24  1 2026-08-13 16:51:26
 0  1 213760 140140    336 2320624   20    4 15758    16 2915 1990 20  8 49 23  0 2026-08-13 16:51:36
 0  1 213760 117752    352 2340244   10    0 16412    34 2883 1957 19  7 49 25  0 2026-08-13 16:51:46
 1  0 214528 114660    356 2327188    8   86 15169    95 2860 2007 19  8 50 23  1 2026-08-13 16:51:56
 2  0 214528 127808    364 2323016    6    0 15305    12 2629 1842 20  7 50 22  0 2026-08-13 16:52:06
 1  0 213760 130800    524 2320752  239    0 15881    74 2732 1946 19  8 45 27  1 2026-08-13 16:52:16
procs -----------memory---------- ---swap-- -----io---- -system-- ------cpu----- -----timestamp-----
 r  b   swpd   free   buff  cache   si   so    bi    bo   in   cs us sy id wa st                 UTC
 0  1 213248 108900    536 2342224   98    0 16814    18 2736 1809 19  8 48 25  1 2026-08-13 16:52:26
 1  0 213248 123696    544 2327276   83    0 20465    13 2965 1966 19  7 48 25  0 2026-08-13 16:52:36
 1  0 213248 119148    568 2331696    2    0 19688    20 3220 2160 19  8 48 24  0 2026-08-13 16:52:46
 1  0 213248 122428    576 2327548    2    0 18523    15 2863 2026 18  9 48 24  1 2026-08-13 16:52:56
 1  0 212992 137060    584 2319196    6    0 17376    26 2898 1957 19  7 49 24  0 2026-08-13 16:53:06
 0  1 212992 124548    224 2332368    8   16 17625    54 3013 1944 21  7 47 24  0 2026-08-13 16:53:16
 0  1 212992 118360    236 2337968   10    0 16666    16 3132 2118 18  8 46 28  1 2026-08-13 16:53:26
 0  1 212992 107900    244 2346880    4    1 17977    14 3328 2237 20  8 45 26  1 2026-08-13 16:53:36
 2  0 216320 108052    244 2352236   11  359 18162   394 3561 2400 22  9 45 24  0 2026-08-13 16:53:46
 0  1 216320 135888    252 2310992    5    0 16716    13 3304 2332 22  9 45 23  1 2026-08-13 16:53:56
 4  0 216064 138800    300 2313760   57    0 16616    10 2779 1806 19  7 48 25  1 2026-08-13 16:54:06
 0  1 216064 138632    352 2319820    8    0 15123    46 2778 1897 19  8 49 23  1 2026-08-13 16:54:16
 1  0 215808 124376    368 2331520   20    0 17591    16 2619 1637 18  6 48 27  1 2026-08-13 16:54:26
 0  1 215808 123512    376 2332992    7    0 16798    28 2744 1893 19  7 50 24  0 2026-08-13 16:54:36
 1  0 215808 130080    384 2320044    2    0 17806    10 2849 1874 19  8 49 24  0 2026-08-13 16:54:46
 1  0 215808 109488    392 2335028    2    0 17444    18 2852 1833 19  7 49 25  0 2026-08-13 16:54:56
 0  1 215808 150008    232 2309860    8    2 14001    11 2943 2151 19  9 48 24  1 2026-08-13 16:55:06
 0  1 215808 141848    264 2318064    1    8 16552    50 2867 2005 19  7 50 23  0 2026-08-13 16:55:16
 0  1 212992 124736    272 2328880   42    0 16581     5 2804 2022 19  7 49 24  0 2026-08-13 16:55:26
 0  1 212992 193464    300 2259240   45   45 15867    74 2701 1757 19  7 49 24  0 2026-08-13 16:55:36
 2  0 212736 130064    312 2323228    5    0 16674    40 2788 1961 19  7 49 24  0 2026-08-13 16:55:46
procs -----------memory---------- ---swap-- -----io---- -system-- ------cpu----- -----timestamp-----
 r  b   swpd   free   buff  cache   si   so    bi    bo   in   cs us sy id wa st                 UTC
 0  1 212736 139752    328 2310036    9    0 14851    12 2592 1743 20  7 50 22  0 2026-08-13 16:55:56
 0  1 212480 136228    336 2317436    6    0 16559    24 3033 2169 20  9 48 23  0 2026-08-13 16:56:06
 0  1 212480 112496    404 2339376    6    0 15524    50 2822 2046 20  9 49 22  0 2026-08-13 16:56:16
 0  1 212480 115768    420 2333352    5    0 15963    16 2669 1713 19  7 50 24  0 2026-08-13 16:56:26
 0  1 212480 104648    424 2343308    0    0 17930     8 2853 1854 18  7 49 25  0 2026-08-13 16:56:36
 1  1 212480 113660    432 2334448    2    0 18970    13 2954 2073 19  8 48 25  0 2026-08-13 16:56:46
 0  0 214016 699216    256 1731076    9  199 13507   212 2248 1544 19 17 40 24  0 2026-08-13 16:56:56
 1  0 214016 506472    272 1940160    5    0 20914    33 2779 1799 14  9 49 28  1 2026-08-13 16:57:06
 0  1 214016 305380    288 2140492    2    0 20030    22 2910 1825 14  9 48 29  1 2026-08-13 16:57:16
 1  0 213504 132988    304 2316436    9    0 17612    30 3252 2285 19  9 46 26  1 2026-08-13 16:57:26
 0  1 215296 140980    272 2308168   23  215 19709   233 3199 2084 20  8 47 25  0 2026-08-13 16:57:36
 0  1 215040 147484    280 2302472   20    0 14394    19 2595 1820 20  8 50 21  0 2026-08-13 16:57:46
 0  0 215040 120884    288 2330884   20    0 13656    13 2572 1766 21  7 51 21  0 2026-08-13 16:57:56
 0  1 214784 107172    304 2337252    6    0 15980    31 2609 1785 20  7 51 22  0 2026-08-13 16:58:06
 0  1 214528 107280    320 2334008   22    0 13543    23 2656 1880 20  8 51 20  0 2026-08-13 16:58:16
 1  0 214528 118160    332 2318348    4    0 16038    24 2944 2044 19  8 49 24  0 2026-08-13 16:58:26
 0  1 214272 134956    340 2319548    8    0 15735    18 2909 2020 19  8 49 23  0 2026-08-13 16:58:36
 1  0 214272 128212    352 2326276   11    0 14694    14 3016 2112 19  9 49 23  0 2026-08-13 16:58:46
 1  0 214272 122720    368 2333964    3    0 16784    19 2668 1773 19  7 50 24  0 2026-08-13 16:58:56
 2  0 214528 109776    324 2333184   45   38 14182    41 2698 1816 19  7 48 24  1 2026-08-13 16:59:06
 1  0 214272 145728    400 2311696    8    4 15662    69 3257 2259 19  8 45 27  1 2026-08-13 16:59:16
procs -----------memory---------- ---swap-- -----io---- -system-- ------cpu----- -----timestamp-----
 r  b   swpd   free   buff  cache   si   so    bi    bo   in   cs us sy id wa st                 UTC
 1  0 214272 137088    416 2320380    4    0 13800    14 2681 1728 18  6 47 27  2 2026-08-13 16:59:26
 0  1 214016 127264    432 2332324    5    0 15695    15 3041 2045 20  7 46 26  1 2026-08-13 16:59:36
 1  0 214016 109880    428 2345856   13    0 17996    33 3289 2211 20  8 46 25  1 2026-08-13 16:59:46
 1  0 214016 143636    444 2315784    4    0 13025    14 2608 1770 21  7 51 21  0 2026-08-13 16:59:56
 2  0 213760 151588    452 2301904    5    0 14969    10 2629 1707 19  7 48 25  1 2026-08-13 17:00:06
 0  1 213760 154924    484 2307204    2    0 14815    28 2911 2079 19  8 48 24  1 2026-08-13 17:00:16
 2  0 210432 122980    500 2313404    2    0 14339    21 2771 1884 20  8 50 22  0 2026-08-13 17:00:26
 0  1 210432 127868    516 2322376    5    0 18866    26 3517 2438 20  9 46 25  1 2026-08-13 17:00:36
 0  1 210432 121324    524 2336944    4    0 15597    10 2988 2079 20  9 49 22  0 2026-08-13 17:00:46
 1  0 210176 135496    244 2323512   18    0 16617    11 2639 1720 19  9 48 24  0 2026-08-13 17:00:56
 0  1 210688 132260    248 2327164   10   29 16117    41 2717 1811 19  7 49 24  0 2026-08-13 17:01:06
 0  1 210688 142060    284 2307536   21    1 14913    33 2618 1740 19  6 49 25  0 2026-08-13 17:01:16
 1  0 210432 124332    300 2333960   14    0 14903    16 2565 1595 18  6 48 28  1 2026-08-13 17:01:26
 1  0 210944 161280    308 2290728    1   69 16331    85 3114 2077 21  8 46 25  1 2026-08-13 17:01:36
 2  0 210944 108864    324 2342180    8    0 15572    44 2789 1802 17  7 46 28  1 2026-08-13 17:01:46
 2  0 210944 147704    332 2314856    5    0 13018    10 2654 1705 20  7 47 24  1 2026-08-13 17:01:56
 1  0 210688 110860    340 2331016    5    0 12616    12 2516 1673 19  7 49 24  2 2026-08-13 17:02:06
 1  0 210688 163860    364 2288992    2    0 15220    27 2488 1565 18  6 50 25  1 2026-08-13 17:02:16
 0  1 210688 118552    380 2338232    7    0 13925    21 2563 1753 20  7 49 23  1 2026-08-13 17:02:26
 1  0 209920 132384    500 2317624  240    0 19286    13 2921 2068 19  8 47 26  0 2026-08-13 17:02:36
 0  1 209920 112252    504 2331276    3    0 17012    16 2874 2038 19  8 49 23  0 2026-08-13 17:02:46
procs -----------memory---------- ---swap-- -----io---- -system-- ------cpu----- -----timestamp-----
 r  b   swpd   free   buff  cache   si   so    bi    bo   in   cs us sy id wa st                 UTC
 0  1 209920 123132    520 2326620    4    0 17075    18 2668 1755 20  7 50 23  0 2026-08-13 17:02:56
 2  0 209920 141392    300 2305856    0   18 15846    67 2884 2008 20  8 49 24  0 2026-08-13 17:03:06
 1  0 209664 113652    332 2332140    6    4 15306    36 2844 1983 20  8 50 23  0 2026-08-13 17:03:16
 0  1 209664 109520    348 2337712   12    0 16362    26 2834 1933 19  7 49 25  1 2026-08-13 17:03:26
 1  0 210432 131856    356 2318156    2   74 14356    84 3004 2137 20  9 49 21  0 2026-08-13 17:03:36
 1  0 210432 121132    372 2332588    4    0 15426    28 2802 1882 20  7 50 23  0 2026-08-13 17:03:46
 1  0 210432 135912    388 2308640    4    0 13430    23 2456 1579 21  7 51 21  0 2026-08-13 17:03:56
 1  0 210176 162200    432 2291424   13    0 14848     9 2582 1712 20  7 50 22  0 2026-08-13 17:04:06
 0  1 209920 128696    468 2312212    3    0 16458    39 2731 1815 20  7 50 23  0 2026-08-13 17:04:16
 0  1 209920 116928    484 2332204    7    0 14748    12 2602 1794 20  8 50 21  0 2026-08-13 17:04:26
 0  1 209920 120168    496 2323908    6    0 17814    22 2923 2117 19  8 49 24  0 2026-08-13 17:04:36
 1  0 209920 138784    504 2307640    2    0 15802    10 2678 1785 20  7 50 23  0 2026-08-13 17:04:46
 0  1 207616 112592    256 2334836  236    0 17129    16 2804 1864 19  8 49 24  0 2026-08-13 17:04:56
 0  1 207616 116208    252 2335164    2    6 15390    12 2600 1782 19  7 50 24  1 2026-08-13 17:05:06
 1  0 207616 133672    412 2323000    2    0 15668    32 2665 1838 20  7 50 24  0 2026-08-13 17:05:16
 0  1 207616 129208    428 2327028    1    0 16659    16 2929 1999 19  7 49 24  0 2026-08-13 17:05:26
 1  0 208384 149332    436 2302972    1   64 14779    73 2650 1785 21  7 50 22  0 2026-08-13 17:05:36
 2  1 201984 139036    444 2314764    6    0 17027    44 2881 1949 19  8 49 24  0 2026-08-13 17:05:46
 1  1 201984 139464    460 2308816    8    0 15207    10 2706 1899 21 11 48 20  0 2026-08-13 17:05:56
 0  1 201984 126336    476 2318824    3    0 15996    16 2957 2103 20  9 48 23  0 2026-08-13 17:06:06
 1  1 201984 119444    520 2324940    2    0 18049    48 2873 1943 19  7 49 25  0 2026-08-13 17:06:16
procs -----------memory---------- ---swap-- -----io---- -system-- ------cpu----- -----timestamp-----
 r  b   swpd   free   buff  cache   si   so    bi    bo   in   cs us sy id wa st                 UTC
 0  1 201984 126424    540 2315472    6    0 16414    15 2751 1788 19  7 50 23  0 2026-08-13 17:06:26
 0  1 201728 141448    548 2305436    4    0 18709    13 3037 2124 20  9 48 23  0 2026-08-13 17:06:36
 0  1 201728 127440    556 2323620    2    0 17768    34 2800 1869 19  8 49 24  0 2026-08-13 17:06:46
 2  0 193024 116064    372 2318580   14   18 15945    34 2763 1835 19  7 49 24  0 2026-08-13 17:06:56
 1  1 194560 663492    348 1687756    3  157  9819   169 2071 1312 16 18 36 28  1 2026-08-13 17:07:06
 0  1 194304 598204    384 1830656   10    0 14288    48 2179 1338 10  9 45 34  2 2026-08-13 17:07:16
 1  0 194304 440452    392 2001756    6    0 17112    17 2385 1436 11  7 48 33  1 2026-08-13 17:07:26
 1  0 194304 240896    400 2195924    2    0 19418    13 2701 1590 13  7 48 32  1 2026-08-13 17:07:36
 2  0 194304 148724    416 2287604    1    0 14473    32 2350 1419 15  6 48 30  1 2026-08-13 17:07:46
 1  0 194304 137968    424 2288952    3    0 16155    14 3087 2088 19  8 46 26  1 2026-08-13 17:07:56
 0  1 194304 128196    440 2296572    4    0 15992    20 2827 1787 20  7 47 25  1 2026-08-13 17:08:06
 0  1 194304 117588    456 2313816    3    0 17842    28 3436 2449 22  8 45 24  1 2026-08-13 17:08:16
 1  0 194304 164124    472 2270948    4    0 17830    40 3029 1991 22  7 47 24  1 2026-08-13 17:08:26
 1  0 194048 157576    480 2281644    7    0 17530    11 3482 2463 23  8 45 22  1 2026-08-13 17:08:36
 1  0 194048 148552    488 2295880    4    0 16861    21 3430 2403 24  8 46 22  0 2026-08-13 17:08:46
 1  0 194048 139284    496 2301056    5    0 15801    17 3074 2063 22  7 46 24  1 2026-08-13 17:08:56
 1  0 193536 137112    544 2301064   25    0 17392     6 3115 2167 23  8 46 23  1 2026-08-13 17:09:06
 0  1 193536 131244    592 2311808    4    0 14046    33 2687 1905 20  7 50 22  0 2026-08-13 17:09:16
 0  1 193536 112060    608 2327184    4    0 12804    26 2581 1701 20  6 51 23  1 2026-08-13 17:09:26
 2  0 193536 119028    624 2326200    6    0 14522    22 3125 2339 20  8 47 24  1 2026-08-13 17:09:36
 0  1 193536 119320    632 2319328    2    0 12118    10 2834 2020 20  8 50 21  0 2026-08-13 17:09:46
procs -----------memory---------- ---swap-- -----io---- -system-- ------cpu----- -----timestamp-----
 r  b   swpd   free   buff  cache   si   so    bi    bo   in   cs us sy id wa st                 UTC
 0  1 193536 115848    312 2319500    0   18 14071    28 2666 1801 19  7 50 24  1 2026-08-13 17:09:56
 0  1 193536 130796    320 2312996    0    2 11822    19 2510 1724 19  6 49 25  1 2026-08-13 17:10:06
 1  0 193536 132624    360 2311216    3    1 13645    30 2617 1878 19  7 49 25  1 2026-08-13 17:10:16
 1  0 193792 140684    368 2307328    8   42 15327    58 2812 1966 18  7 48 26  1 2026-08-13 17:10:26
 0  1 193792 130684    376 2313776    3    0 11595    27 2473 1736 20  7 50 22  1 2026-08-13 17:10:36
 0  1 193536 129400    384 2308700    4    0 15825    11 3004 2004 20  7 47 25  1 2026-08-13 17:10:46
 1  0 193536 147648    400 2287832   10    0 13351    18 2674 1932 21  8 49 22  0 2026-08-13 17:10:56
 2  0 193536 150504    412 2291676    3    0 13895    29 2687 1882 21  7 51 21  0 2026-08-13 17:11:06
 1  0 193536 128916    436 2308340    3    0 17334    33 3000 2207 20  8 47 25  1 2026-08-13 17:11:16
 1  0 193280 109348    468 2334892    4    0 16412    26 3187 2050 19  8 46 27  1 2026-08-13 17:11:26
 1  0 193280 131832    472 2314484    0    0 16849    11 3442 2438 19  9 45 26  1 2026-08-13 17:11:36
 0  1 193280 116068    480 2334356    5    0 17747    11 2951 1939 19  8 46 26  1 2026-08-13 17:11:46
 1  0 193280 139568    264 2305052    1    6 17540    22 3478 2406 19  8 46 26  1 2026-08-13 17:11:56
 0  1 193280 119684    268 2329476    1    0 15565     8 2617 1753 20  6 47 26  1 2026-08-13 17:12:06
 0  1 193280 137616    292 2311496    4    0 13947    27 2845 1844 19  6 46 27  1 2026-08-13 17:12:16
 1  0 193280 107304    308 2338404    0    1 12565    24 2805 1975 17  8 46 27  2 2026-08-13 17:12:26
 0  1 193024 151156    412 2292848  221   42 18036    57 3544 2591 19 10 43 27  1 2026-08-13 17:12:36
 0  1 193024 154972    420 2287148    2    0 16807    31 3363 2263 22  9 46 23  1 2026-08-13 17:12:46
 1  0 192768 113316    436 2320292   17    0 18530    16 3261 2199 21  8 46 24  0 2026-08-13 17:12:56
 1  0 192768 105484    452 2337328    1    0 20308    20 3468 2299 20  8 46 26  1 2026-08-13 17:13:06
 1  0 192768 116396    468 2330432    2    0 17525    23 3359 2228 22  8 46 24  1 2026-08-13 17:13:16
procs -----------memory---------- ---swap-- -----io---- -system-- ------cpu----- -----timestamp-----
 r  b   swpd   free   buff  cache   si   so    bi    bo   in   cs us sy id wa st                 UTC
 5  0 192768 133008    484 2308232    2    0 18237    52 3200 2214 20  9 45 25  1 2026-08-13 17:13:26
 2  0 192768 137768    320 2314556    2    0 18981    16 3449 2337 19  9 45 26  1 2026-08-13 17:13:36
 1  0 193280 146664    324 2305316    3   21 17722    39 3278 2328 20  8 46 25  1 2026-08-13 17:13:46
 1  0 193280 144924    332 2304064    0    0 16259    13 3111 2087 20  8 46 25  1 2026-08-13 17:13:56
 1  0 193024 132552    464 2314964    3    0 18366    10 3554 2481 20  9 45 26  1 2026-08-13 17:14:06
 0  1 196352 127676    508 2316412   13  343 18084   382 3317 2282 21  8 46 25  1 2026-08-13 17:14:16
 0  1 196096 112500    536 2338340   12    0 17972    14 3423 2297 21  8 45 25  1 2026-08-13 17:14:26
 0  1 196096 153956    544 2299180   23    0 17742     6 3203 2069 21  8 46 25  1 2026-08-13 17:14:36
 1  0 195840 111192    560 2338116   26    0 18625    20 3269 2148 21  8 46 24  1 2026-08-13 17:14:46
 1  0 195840 145188    568 2310952    4    0 18842    22 3427 2370 21  9 46 24  1 2026-08-13 17:14:56
 0  1 195584 119680    576 2329388    9    0 17420     9 3035 2086 20  8 46 25  1 2026-08-13 17:15:06
 0  1 195328 115776    600 2334528   10    0 19882    29 3568 2432 20  9 45 25  1 2026-08-13 17:15:16
 0  1 195328 115924    296 2338856   12    9 18275    25 3288 2168 21  8 46 25  1 2026-08-13 17:15:26
 5  1 195328 116480    304 2336524    8   19 15665    40 3102 2132 20  8 48 24  0 2026-08-13 17:15:36
 1  0 195328 137116    320 2318784    8    0 15398    32 2792 1820 19  7 49 25  1 2026-08-13 17:15:46
 1  0 194816 129596    336 2326400   14    0 14874    10 2707 1925 20 11 44 24  0 2026-08-13 17:15:56
 0  1 194816 148260    344 2308864    5    0 15192    10 2838 1959 19  8 49 23  1 2026-08-13 17:16:06
 1  0 194816 112000    380 2340912    4    0 13608    27 2629 1766 20  7 50 23  0 2026-08-13 17:16:16
 1  0 194816 115560    396 2333396   11    0 15695    22 2834 2019 19  8 49 23  0 2026-08-13 17:16:26
 1  1 194816 113508    404 2332988    4    0 15216    26 2658 1788 20  7 49 23  0 2026-08-13 17:16:36
 0  1 194560 117984    416 2322112    8    0 16508    17 2926 2035 19  8 49 24  1 2026-08-13 17:16:46
procs -----------memory---------- ---swap-- -----io---- -system-- ------cpu----- -----timestamp-----
 r  b   swpd   free   buff  cache   si   so    bi    bo   in   cs us sy id wa st                 UTC
 0  1 194304 124556    424 2317672    6    0 15712    10 2780 1800 19  7 49 24  0 2026-08-13 17:16:56
 0  1 194304 106280    444 2333296   15    0 14798    12 2607 1657 19  7 49 25  1 2026-08-13 17:17:06
 1  0 195072 694680    208 1727404    9   93 13227   120 2367 1528 16 14 40 28  2 2026-08-13 17:17:16
 1  0 195072 523068    224 1919164    6    0 19173    18 2673 1653 12  8 48 31  1 2026-08-13 17:17:26
 1  0 195072 328020    252 2112008    7    0 19291    41 2959 1921 14 10 48 28  1 2026-08-13 17:17:36
 0  1 194816 149604    260 2290888    5    0 17894     8 2982 1964 17  9 47 27  1 2026-08-13 17:17:46
 0  1 195328 112756    288 2330892    3   48 17969    70 3130 2082 18  8 46 27  1 2026-08-13 17:17:56
 0  1 195072 105068    296 2341972    6    0 16212    10 3294 2248 22  9 45 23  1 2026-08-13 17:18:06
 1  0 195072 143888    320 2310412    5    0 17654    50 3391 2218 21  8 46 24  1 2026-08-13 17:18:16
 0  1 195072 118884    336 2331020    4    0 17390    17 3235 2196 21  8 46 24  1 2026-08-13 17:18:26
 2  0 195072 114232    344 2327228    3    0 13904    10 2641 1814 21  7 49 22  0 2026-08-13 17:18:36
 1  0 193792 132916    360 2317292    3    0 17051    21 3120 2088 21  7 47 25  0 2026-08-13 17:18:46
 0  1 193792 124932    376 2328172    0    0 15210    19 2674 1789 18  7 49 25  1 2026-08-13 17:18:56
 0  1 193792 115088    424 2335920    8    0 13224    25 2568 1753 20  8 49 22  1 2026-08-13 17:19:06
 0  1 193536 122332    464 2337340    7    0 18729    27 2954 1992 18  7 48 26  0 2026-08-13 17:19:16
 0  1 193536 127328    244 2333068   13   27 15075    49 2578 1738 19  7 49 25  1 2026-08-13 17:19:26
 1  0 193536 117408    252 2334968    8    4 14125    30 2443 1639 20  6 49 24  1 2026-08-13 17:19:36
 0  1 193536 132152    268 2320024    0    0 15625    17 2877 1969 19  7 49 25  1 2026-08-13 17:19:46
 2  0 193536 127528    276 2320700    3    3 14017    11 2612 1783 20  7 50 23  0 2026-08-13 17:19:56
 1  0 194048 134868    420 2319808    6   44 14473    54 2525 1645 19  6 50 24  1 2026-08-13 17:20:06
 1  0 193792 161744    452 2292808    3    0 13293    25 2595 1745 21  7 51 21  0 2026-08-13 17:20:16
procs -----------memory---------- ---swap-- -----io---- -system-- ------cpu----- -----timestamp-----
 r  b   swpd   free   buff  cache   si   so    bi    bo   in   cs us sy id wa st                 UTC
 0  1 193792 152628    460 2295384    2    0 16665    16 2812 1959 19  7 49 24  0 2026-08-13 17:20:26
 1  0 193792 139744    472 2301952   10    0 15237    32 2661 1825 19  7 50 22  0 2026-08-13 17:20:36
 0  1 193792 119252    480 2323136    4    0 14866     9 2538 1794 20  7 51 22  0 2026-08-13 17:20:46
 0  1 193536 115988    496 2325372    8    0 17068    10 2784 1890 19 10 46 24  0 2026-08-13 17:20:56
 1  0 193536 110928    512 2330420    6    0 16868    38 2704 1731 19  7 49 24  1 2026-08-13 17:21:06
 1  0 193536 110516    536 2339788    2    0 17321    21 2818 1848 18  7 48 26  1 2026-08-13 17:21:16
 0  1 193536 137332    284 2309352    6    2 15644    18 2753 1903 18  7 49 25  1 2026-08-13 17:21:26
 0  1 193536 144300    292 2302536    0    9 16072    20 2946 1979 20  7 48 24  0 2026-08-13 17:21:36
 1  0 193536 124028    300 2324684    2    0 14168    11 2707 1868 18  7 49 25  1 2026-08-13 17:21:46
 1  0 193280 113104    308 2330628   10    0 14336    12 2490 1597 19  6 48 26  1 2026-08-13 17:21:56
 0  1 193792 113364    292 2327716    5   55 14956    72 2485 1508 17  6 47 28  2 2026-08-13 17:22:06
 0  1 193792 130236    324 2313636    2    0 14538    29 2692 1687 20  6 47 25  1 2026-08-13 17:22:16
 1  0 193280 158504    332 2279120  222    0 18622    15 3413 2410 20  9 44 27  1 2026-08-13 17:22:26
 1  0 193024 149924    340 2289916    2    0 15241    13 2782 1849 20  8 50 22  1 2026-08-13 17:22:36
 1  0 192768 141540    480 2293344  206    0 18361    13 2652 1759 19  7 47 26  1 2026-08-13 17:22:46
 1  0 192768 122932    504 2313232    3    0 17327    44 2912 1949 18  7 48 26  1 2026-08-13 17:22:56
 1  0 192768 116544    512 2325764    2    0 16344    18 2513 1589 18  7 49 26  1 2026-08-13 17:23:06
 0  1 192512 118708    540 2321980    4    0 17691    28 2765 1799 18  7 48 26  1 2026-08-13 17:23:16
 1  0 192512 124120    312 2316624    2    1 14129    21 2590 1701 20  7 50 23  1 2026-08-13 17:23:26
 0  1 192768 122280    332 2323204    6   18 17624    40 2701 1793 19  7 49 25  0 2026-08-13 17:23:36
 0  1 192768 114860    340 2322212    4    0 15955    14 2842 1962 19  7 49 25  0 2026-08-13 17:23:46
procs -----------memory---------- ---swap-- -----io---- -system-- ------cpu----- -----timestamp-----
 r  b   swpd   free   buff  cache   si   so    bi    bo   in   cs us sy id wa st                 UTC
 0  1 199424 190480    344 2250316    3  716 15208   731 2693 1711 19  7 48 24  0 2026-08-13 17:23:56
 1  0 198912 126308    384 2320256   99    0 17768    25 2936 1997 18  8 47 27  0 2026-08-13 17:24:06
 0  1 198912 133236    512 2310276   17    0 15176    32 2677 1754 20  7 50 23  0 2026-08-13 17:24:16
 1  0 198656 114788    528 2325844   16    0 16902    20 2706 1751 19  7 49 25  1 2026-08-13 17:24:26
 0  1 196608 141260    548 2298056  219    0 15667    14 2691 1854 19  8 50 23  0 2026-08-13 17:24:36
 1  0 196608 114000    556 2323108    8    0 18004    12 2853 1934 19  7 49 25  0 2026-08-13 17:24:46
 1  0 196352 122244    564 2315940    8    0 17655    16 2909 1982 18  8 48 25  1 2026-08-13 17:24:56
 0  1 196352 127624    572 2315020    8    0 17886     9 2598 1629 19  7 50 24  1 2026-08-13 17:25:06
 0  1 195840 107932    456 2338668   68    2 16718    27 2746 1796 18  7 49 25  1 2026-08-13 17:25:16
 0  1 195584 109200    320 2336796   12    0 15882    22 2961 2061 19  8 47 25  1 2026-08-13 17:25:26
 0  1 194048 144152    340 2304044  187   16 17476    35 2619 1760 18  6 49 26  1 2026-08-13 17:25:36
 0  1 194048 109228    348 2335240   10    0 16292     8 2904 1932 20  7 47 25  1 2026-08-13 17:25:46
 0  1 194048 125720    276 2301748    4    0 15943    34 2919 2043 19  8 49 23  0 2026-08-13 17:25:56
 1  0 194048 144032    284 2290328    2    0 14865    13 2543 1601 18  6 50 25  1 2026-08-13 17:26:06
 1  0 194048 152712    320 2281844    3    0 15605    44 2718 1811 19  7 50 23  0 2026-08-13 17:26:16
 1  0 194048 140968    336 2296496    0    0 16804    16 2736 1825 19  7 50 23  0 2026-08-13 17:26:26
 1  0 194048 141888    344 2293444    1    0 16761    15 2816 1967 19  8 50 23  0 2026-08-13 17:26:36
 1  0 194048 131404    352 2312312    4    0 17432    11 2791 1988 20  8 50 22  0 2026-08-13 17:26:46
 1  0 193792 122464    360 2318808    9    0 17282    11 3025 2036 20  8 49 23  0 2026-08-13 17:26:56
 0  1 193792 124344    368 2312472    3    0 20244    16 3490 2415 19  9 46 25  0 2026-08-13 17:27:06
 0  1 193792 133376    232 2316072    9   34 14102    60 2607 1714 19  7 49 24  1 2026-08-13 17:27:16
procs -----------memory---------- ---swap-- -----io---- -system-- ------cpu----- -----timestamp-----
 r  b   swpd   free   buff  cache   si   so    bi    bo   in   cs us sy id wa st                 UTC
 1  1 200448 649176    200 1697916    9  721 11289   736 2288 1527 18 19 34 28  1 2026-08-13 17:27:26
 0  1 200448 497772    212 1917592    2    0 21967    12 2988 1811 13  9 47 31  0 2026-08-13 17:27:36
 0  1 200192 297684    220 2137208   26    0 21980    19 2807 1751 15  7 48 30  1 2026-08-13 17:27:46
 0  1 200192 154540    496 2283704    8    0 19952    12 2952 1976 19  7 47 26  1 2026-08-13 17:27:56
 1  0 199936 116448    504 2317860   16    0 19450    28 3230 2170 21  8 46 24  1 2026-08-13 17:28:06
 1  0 199936 110948    528 2319996    2    0 15538    29 2953 1865 23  7 47 23  0 2026-08-13 17:28:16
 1  0 199936 143204    544 2293752    3    0 13550    24 2505 1649 19  6 49 25  1 2026-08-13 17:28:26
 3  0 199680 122840    560 2306736    8    0 12493    27 2579 1767 19  7 49 24  1 2026-08-13 17:28:36
 0  1 199680 143816    576 2288140    2    0 14723    19 3114 2203 20  8 46 25  1 2026-08-13 17:28:46
 1  0 199680 105076    584 2323532    2    0 14739    12 2945 1955 20  7 46 26  1 2026-08-13 17:28:56
 2  0 199424 151544    628 2298408    9    0 13386     6 2873 1981 21  8 48 22  1 2026-08-13 17:29:06
 1  1 199424 161372    684 2294768    8    0 13563    34 2550 1700 20  6 49 24  1 2026-08-13 17:29:16
 1  0 199424 141492    704 2315512    2    0 12110    14 2558 1788 18  7 49 25  1 2026-08-13 17:29:26
 0  1 199424 118020    716 2334684    1    0 11482    22 2377 1463 18  5 49 26  1 2026-08-13 17:29:36
 1  0 199424 129252    724 2319520    3    0 12256    12 2655 1750 19  6 47 27  2 2026-08-13 17:29:46
 1  0 199424 112460    732 2335964    1    0 13264     9 2953 1872 21  7 46 25  1 2026-08-13 17:29:56
 0  1 199424 134748    740 2316644    1    0 12076    10 2599 1636 18  6 46 27  2 2026-08-13 17:30:06
 1  0 199168 114752    772 2334024   11    0  9742    26 2266 1415 17  5 47 28  3 2026-08-13 17:30:16
 2  1 199168 129400    788 2315688    3    0 11160    22 2845 1934 18  7 45 27  2 2026-08-13 17:30:26
 0  1 199168 122872    360 2326480    1   24 13705    49 2785 1838 19  7 46 27  1 2026-08-13 17:30:36
 0  1 199168 122936    376 2321304    2    0 13404    11 3175 2221 21  7 46 25  1 2026-08-13 17:30:46
procs -----------memory---------- ---swap-- -----io---- -system-- ------cpu----- -----timestamp-----
 r  b   swpd   free   buff  cache   si   so    bi    bo   in   cs us sy id wa st                 UTC
 1  1 206848 202036    384 2253464   11  794 15409   812 3143 2093 20  9 44 27  1 2026-08-13 17:30:56
 1  0 206848 157508    392 2291232    1    0 14787    10 3071 2103 21  7 46 25  1 2026-08-13 17:31:06
 0  1 206848 128180    428 2329988    3    0 15038    45 3148 2243 20  7 46 25  1 2026-08-13 17:31:16
 1  0 206848 141504    444 2317396    8    0 14971    25 3147 2200 20  7 46 25  1 2026-08-13 17:31:26
 2  0 206848 141636    452 2316636    2    0 15511    11 3018 1947 22  7 46 24  1 2026-08-13 17:31:36
 1  0 206592 110352    460 2343752    2    0 12745    11 2950 2034 19  7 46 26  2 2026-08-13 17:31:46
 1  0 206592 146784    468 2312528    4    0 13598    12 2567 1682 20  6 47 26  1 2026-08-13 17:31:56
 0  1 206592 126376    472 2332872    1    0 14164    11 2973 2036 20  7 46 25  2 2026-08-13 17:32:06
 0  1 206592 114724    500 2331684    2    0 14402    30 2695 1819 17  7 47 28  2 2026-08-13 17:32:16
 0  1 206592 182276    516 2271960    4    1 15760    19 3063 2053 19  8 45 26  1 2026-08-13 17:32:26
 0  1 206592 145744    360 2315348    1   19 17722    27 3168 2204 19  8 46 26  1 2026-08-13 17:32:36
 0  2 206592 138204    372 2307804   27    0 16803    16 3029 2111 20  7 46 25  1 2026-08-13 17:32:46
 1  0 206080 126296    652 2333876  223    0 18600    44 3333 2300 22  8 44 26  1 2026-08-13 17:32:56
 0  1 207360 150452    632 2301236    8  132 18376   151 3271 2158 20  8 46 26  1 2026-08-13 17:33:06
 0  1 207360 152368    656 2306208    4    0 16699    29 3320 2189 22  8 46 24  1 2026-08-13 17:33:16
 0  1 207360 110636    672 2344568    5    0 14714    18 3210 2284 21  8 45 24  1 2026-08-13 17:33:26
 1  0 207104 111552    680 2340528    3    0 15052    16 3055 2044 19  7 46 26  1 2026-08-13 17:33:36
 0  1 207104 106096    696 2341768    0    0 14991    21 2944 2103 20  8 46 25  1 2026-08-13 17:33:46
 1  0 207104 108784    704 2346588    4    0 14641    10 2752 1704 17  7 47 28  1 2026-08-13 17:33:56
 1  0 206848 117808    748 2339576    2    0 16126    38 3292 2240 21  9 45 25  1 2026-08-13 17:34:06
 1  0 206848 110548    780 2341384    4    0 19122    26 3387 2313 20  9 45 25  0 2026-08-13 17:34:16
procs -----------memory---------- ---swap-- -----io---- -system-- ------cpu----- -----timestamp-----
 r  b   swpd   free   buff  cache   si   so    bi    bo   in   cs us sy id wa st                 UTC
 1  0 206848 115380    492 2344844    1    8 16868    30 3289 2218 21  8 46 25  1 2026-08-13 17:34:26
 0  1 206848 116888    500 2339392    0    0 18169     5 3475 2446 21  8 46 25  1 2026-08-13 17:34:36
 1  0 206848 116520    508 2338376    2    1 16996    10 3229 2309 20  8 46 25  1 2026-08-13 17:34:46
 1  0 206080 135476    512 2318528  142   94 16402   104 3239 2248 21  8 46 24  1 2026-08-13 17:34:56
 1  0 206080 129748    660 2326036   15    0 16925     9 3033 2045 22  7 46 24  1 2026-08-13 17:35:06
 0  1 206080 159072    684 2294872    4    0 18236    26 3387 2277 21  8 46 25  1 2026-08-13 17:35:16
 1  0 206080 117116    700 2339744    6    0 18924    16 3371 2378 20  9 46 25  1 2026-08-13 17:35:26
 1  0 205824 114684    712 2334100    4    0 18206    15 3414 2275 22  8 46 24  1 2026-08-13 17:35:36
 0  1 205824 132000    728 2325408    3    0 18767    28 3302 2272 21  9 45 24  1 2026-08-13 17:35:46
 1  0 205824 109448    736 2344304    6    0 20396    11 3575 2502 19 10 45 25  1 2026-08-13 17:35:56
 1  0 206080 143516    340 2315560    0   18 16538    40 2988 1881 21  8 46 24  1 2026-08-13 17:36:06
 1  0 206080 139300    372 2314424   20    3 16859    27 3309 2288 20  8 45 25  1 2026-08-13 17:36:16
 1  0 205824 140148    524 2313692    1    0 18586    37 3294 2247 20  8 46 26  1 2026-08-13 17:36:26
 1  0 206336 112684    520 2329896    1   53 18090    71 3549 2506 21  9 45 24  1 2026-08-13 17:36:36
 1  0 206336 111712    528 2341912    2    0 17014     8 3109 2118 22  8 46 24  1 2026-08-13 17:36:46
 0  1 206336 149872    536 2309708    7    0 18677    14 3425 2433 22  9 45 23  1 2026-08-13 17:36:56
 0  1 206080 163364    544 2297276    5    0 18819    12 3095 2181 21  8 46 24  1 2026-08-13 17:37:06
 2  0 204800 109916    576 2344052  132    0 13636    28 2718 1818 19  7 49 23  1 2026-08-13 17:37:16
 2  0 204800 131944    584 2321148    6    0 15942    12 3073 2088 19  8 47 25  1 2026-08-13 17:37:26
 2  1 205568 666832    180 1718816    0   80 11424   116 2438 1647 19 21 35 24  0 2026-08-13 17:37:36
 0  1 203776 521724    192 1930412  256    0 21416    14 2946 1842 13  9 46 31  0 2026-08-13 17:37:46
procs -----------memory---------- ---swap-- -----io---- -system-- ------cpu----- -----timestamp-----
 r  b   swpd   free   buff  cache   si   so    bi    bo   in   cs us sy id wa st                 UTC
 1  0 191488 378588    200 2027548 1292    0 10166    14 1425  623 29  4 58  8  0 2026-08-13 17:37:56
 1  0 191488 291900    208 2112512    8    0  7945    14 1065  402 29  3 61  6  1 2026-08-13 17:38:06
 1  0 191232 207464    364 2177276   20    0  6202    43 1185  533 30  4 60  6  0 2026-08-13 17:38:16
 0  1 191232 133628    400 2249904    0    0  6415  2560 1126  463 29  3 57 10  1 2026-08-13 17:38:26
 1  0 191232 143380    416 2263176    2    0  5391    18 1023  400 30  2 62  5  1 2026-08-13 17:38:36
 1  0 191488 128040    432 2270292    1   33  6700    58 1070  380 30  3 62  5  0 2026-08-13 17:38:46
 1  0 191488 156976    440 2242528    0    0  6403    11 1057  399 30  3 62  5  1 2026-08-13 17:38:56
 1  0 191488 113772    476 2281812   16    0  7552  2818 1157  469 30  3 58  9  0 2026-08-13 17:39:06
 0  1 191488 150632    548 2247056   10    0  5810    36 1198  598 30  3 61  6  1 2026-08-13 17:39:16
 1  0 190976 130476    564 2267356   22    0  5590    24 1061  434 29  3 60  7  2 2026-08-13 17:39:26
 1  0 190976 111216    584 2284672    0    0  6183  2314 1143  512 29  3 59  7  1 2026-08-13 17:39:36
 2  0 190976 140692    596 2252408    0    0  5643    12  990  396 30  3 62  5  0 2026-08-13 17:39:46
 1  0 190976 124432    612 2262108    0    0  4577    22  953  368 31  2 63  4  0 2026-08-13 17:39:56
 1  0 190976 124512    628 2265228    0    0  3973  2548  973  347 31  2 60  6  1 2026-08-13 17:40:06
 1  0 190976 128152    656 2262356    2    0  4409    25  978  370 31  2 62  4  0 2026-08-13 17:40:16
 1  0 190976 115964    672 2274084    0    0  5190    25 1000  375 31  2 62  4  1 2026-08-13 17:40:26
 1  1 190976 126468    680 2269736    2    0  3178   112  747  216 33  1 65  1  0 2026-08-13 17:40:36
 1  0 190976 185008    700 2188308    8    0  6567  2180  908  318 32  2 61  5  0 2026-08-13 17:40:46
 1  0 190976 173596    716 2211288    6    0  1381    18  843  323 32  2 63  3  0 2026-08-13 17:40:56
 1  0 190976 151572    724 2231888    3    0  1215     7  870  324 32  2 62  4  1 2026-08-13 17:41:06
 1  0 190976 134240    776 2246084    8    0   575    50  857  374 34  2 63  2  0 2026-08-13 17:41:16
procs -----------memory---------- ---swap-- -----io---- -system-- ------cpu----- -----timestamp-----
 r  b   swpd   free   buff  cache   si   so    bi    bo   in   cs us sy id wa st                 UTC
 1  0 190976 133988    792 2259424    1    0   487  3410  868  362 33  2 61  4  1 2026-08-13 17:41:26
 1  0 190976 161360    808 2243108    0    0  2526    30  879  337 32  2 63  3  0 2026-08-13 17:41:36
 1  0 190976 149220    816 2254808    1    0  5853     8 1007  386 31  2 62  5  0 2026-08-13 17:41:46
 1  0 190976 122544    832 2280524    1    0  6530  1721 1025  379 30  3 61  5  0 2026-08-13 17:41:56
 1  0 190976 147368    844 2258540    1    0  8193    10 1108  452 29  3 61  6  1 2026-08-13 17:42:06
 1  0 190976 105144    876 2285676    2    0  6673    29 1060  438 30  3 60  6  1 2026-08-13 17:42:16
 1  0 190976 160252    892 2238456    0    0  5537  2566  975  390 31  3 59  7  0 2026-08-13 17:42:26
 0  1 190976 105372    912 2295092    0    0  4822    15  983  379 31  2 62  4  0 2026-08-13 17:42:36
 1  0 190976 129740    920 2264228    0    0  5345     8  989  386 31  2 62  5  0 2026-08-13 17:42:46
 0  2 190976 114732    936 2282900    0    0  5706  1784 1064  433 30  2 60  8  0 2026-08-13 17:42:56
 1  0 190976 120464    948 2284776    1    0  4572   788 1096  487 31  3 60  6  0 2026-08-13 17:43:06
 1  0 190976 148240    972 2261764    1    0  6138    26 1058  418 30  2 62  5  0 2026-08-13 17:43:16
 1  0 190464 115564   1120 2288344  168    0  6404    40  928  406 33  2 59  5  1 2026-08-13 17:43:26
 0  1 190464 195688   1140 2181816    1    0  7176  2289  899  308 31  2 61  4  1 2026-08-13 17:43:36
 1  0 190464 183376   1148 2215072    0    0  2472    17 1070  523 30  2 61  5  0 2026-08-13 17:43:46
 1  0 190464 147340   1156 2252504    0    0  2896    16 1020  416 31  2 61  5  0 2026-08-13 17:43:56
 1  0 190464 112408   1172 2285712    3    0  2476    12 1091  463 30  3 60  6  1 2026-08-13 17:44:06
 1  0 190464 131076   1204 2278084    1    0  2812  2582 1274  684 29  3 58  9  0 2026-08-13 17:44:16
 1  0 190464 117584   1220 2293852    4    0  3164    33 1168  568 29  3 61  6  0 2026-08-13 17:44:26
 1  0 190464 126556   1236 2280208    0    0  6841    20 1067  411 30  3 60  6  1 2026-08-13 17:44:36
 0  1 190464 122996   1244 2276856    4    0  8895     7 1088  422 30  3 60  7  1 2026-08-13 17:44:46
procs -----------memory---------- ---swap-- -----io---- -system-- ------cpu----- -----timestamp-----
 r  b   swpd   free   buff  cache   si   so    bi    bo   in   cs us sy id wa st                 UTC
 1  0 190720 167896   1264 2244368    0   10 10605  2574 1064  406 29  4 58  8  1 2026-08-13 17:44:56
 1  0 190720 147080    644 2256688    0    4 11007    10 1019  379 30  3 61  5  1 2026-08-13 17:45:06
 1  0 190464 156200    424 2250772   17    0  9122    24 1078  407 29  3 61  7  1 2026-08-13 17:45:16
 1  0 190464 126456    440 2278820    0    1 10404  2559 1186  489 28  3 57 11  2 2026-08-13 17:45:26
 1  0 190208 139560    448 2272844   26    1  7400    12 1007  378 29  3 61  6  1 2026-08-13 17:45:36
 1  0 190208 113120    464 2302520    1    0  7883    14 1036  423 29  3 62  6  1 2026-08-13 17:45:46
 1  0 203776 151420    460 2269564    3 1348  8288  1354 1416  453 30  3 60  7  1 2026-08-13 17:45:56
 1  0 203776 129656    480 2300984    0    0  8530  2561 1066  410 30  3 60  7  0 2026-08-13 17:46:06
 1  0 203776 135260    520 2293072    1    0  9364    27 1126  432 29  2 61  7  0 2026-08-13 17:46:16
 1  0 203776 121468    528 2296220    0    0  9968    10 1023  372 30  2 61  6  1 2026-08-13 17:46:26
 1  0 203520 132400    548 2287240    2    0  4401  2287  763  224 33  2 62  2  0 2026-08-13 17:46:36
 1  0 203520 224380    568 2174424   16    0  1228    32  745  241 33  1 64  1  0 2026-08-13 17:46:46
 1  0 203520 214420    576 2184948    9    0  1062    10  732  221 33  1 64  1  1 2026-08-13 17:46:56
 1  0 203520 204796    584 2195484    8    0  1061    12  741  217 33  1 64  1  1 2026-08-13 17:47:06
 1  0 203520 189856    624 2206364   12    0  1094    44  799  289 33  1 64  1  1 2026-08-13 17:47:16
 1  0 203520 182044    640 2218404   10    0  1216    17  815  291 33  1 63  1  2 2026-08-13 17:47:26
 1  0 203520 170200    648 2229604    0    0  1117    16  744  218 34  1 63  1  1 2026-08-13 17:47:36
 2  0 203520 132884    652 1623952    0    0   460    14  876  301 35  5 57  1  1 2026-08-13 17:47:46
 1  0 203520 761932    660 1619676    0    0  1120    12  872  341 34  6 58  1  1 2026-08-13 17:47:56
 1  0 203520 753112    676 1627780    0    0   810    24  771  220 32  1 63  1  3 2026-08-13 17:48:06
 1  0 203520 747612    716 1635820    1    0   800  1604  772  249 33  1 60  3  2 2026-08-13 17:48:16
procs -----------memory---------- ---swap-- -----io---- -system-- ------cpu----- -----timestamp-----
 r  b   swpd   free   buff  cache   si   so    bi    bo   in   cs us sy id wa st                 UTC
 1  0 203520 737280    724 1645796    1    0  1002    12  731  217 33  1 64  1  1 2026-08-13 17:48:26
 1  0 203520 727200    732 1655424    0    0   960    17  726  220 33  1 65  1  1 2026-08-13 17:48:36
 1  0 203520 706536    740 1673848    0    0   736    29  696  188 33  1 64  1  1 2026-08-13 17:48:46
 2  0 203520 696204    756 1686632    0    0   814  1592  716  202 33  1 63  1  1 2026-08-13 17:48:56
 1  0 203520 685120    892 1696680    0    0  1015     6  759  236 34  1 64  1  1 2026-08-13 17:49:06
 1  0 203520 670252    948 1711240    4    0  1454    35  769  264 33  1 64  1  1 2026-08-13 17:49:16
 1  0 203520 662652    956 1726196    0    0  1493    20  758  248 33  1 65  0  1 2026-08-13 17:49:26
 1  0 203520 678556    972 1739032    0    0  1288    29  791  287 33  1 64  1  1 2026-08-13 17:49:36
 1  0 203520 662428    980 1761532    0    0  1202     5  702  194 33  1 65  0  0 2026-08-13 17:49:46
 1  0 203520 644284    988 1779956    0    0  1293     8  722  206 33  1 65  1  1 2026-08-13 17:49:56
 1  0 203520 631964    996 1792400    0    0  1244    10  754  210 32  1 63  0  3 2026-08-13 17:50:06
 1  0 203520 615080   1020 1808124    1    0  1574    23  738  213 33  1 64  1  1 2026-08-13 17:50:16
 1  0 203520 599708   1092 1823856    4    0  1585  1580  742  224 33  2 63  2  1 2026-08-13 17:50:26
 1  0 203520 583580   1100 1840888    0    0  1699     6  719  217 33  1 65  0  0 2026-08-13 17:50:36
 1  0 203520 546288   1108 1863412    0    0  1241    18  700  189 33  2 65  0  0 2026-08-13 17:50:46
 1  0 203520 527640   1124 1883772    0    0  1450  1597  726  218 33  2 63  2  0 2026-08-13 17:50:56
 1  0 203520 518064   1132 1897676    0    0  1385     6  743  216 33  1 65  1  0 2026-08-13 17:51:06
 1  0 203520 502188   1164 1912920    1    0  1528    25  799  304 33  1 65  0  0 2026-08-13 17:51:16
 1  0 203520 487572   1172 1928128    0    0  1524    10  725  215 33  1 65  1  1 2026-08-13 17:51:26
 1  0 203520 474224   1180 1942224    0    0  1407    12  739  228 33  1 64  0  0 2026-08-13 17:51:36
 1  0 203520 428856   1188 1968308    0    0   994    25  700  191 32  2 65  1  1 2026-08-13 17:51:46
procs -----------memory---------- ---swap-- -----io---- -system-- ------cpu----- -----timestamp-----
 r  b   swpd   free   buff  cache   si   so    bi    bo   in   cs us sy id wa st                 UTC
 1  0 203520 419532   1204 1980536    0    0  1223    16  730  214 33  1 64  1  1 2026-08-13 17:51:56
 1  0 203520 407940   1212 1992272    0    0  1175     9  752  210 32  1 64  0  2 2026-08-13 17:52:06
 1  0 203520 393072   1244 2007796    1    0  1560  1600  744  229 33  1 64  1  0 2026-08-13 17:52:16
 2  0 203264 373416   1256 2026040  127    0  1945    13  787  281 33  2 61  3  1 2026-08-13 17:52:26
 1  0 203264 357792   1264 2040384   37    0  1466    11  743  225 33  1 65  1  0 2026-08-13 17:52:36
 1  0 203264 332592   1272 2066240    0    0   989  1578  690  175 32  2 63  2  1 2026-08-13 17:52:46
 0  1 203264 317724   1288 2079820    0    0  1358    17  736  220 33  1 65  1  1 2026-08-13 17:52:56
 1  0 203264 305628   1296 2091296    0    0  1147     8  743  216 33  1 64  1  1 2026-08-13 17:53:06
 1  0 203264 295756   1320 2104212    2    0  1293    25  758  240 33  1 63  1  2 2026-08-13 17:53:16
 1  0 203008 280756   1328 2129624    7    0  2540    18  801  302 34  2 62  1  1 2026-08-13 17:53:26
 1  0 203008 259948   1336 2145780    0    0  1607    41  751  227 33  1 64  1  1 2026-08-13 17:53:36
 1  0 203008 236764   1352 2167716    0    0   594    18  687  177 33  1 65  0  1 2026-08-13 17:53:46
 1  0 203008 231124   1360 2179280    0    0  1156     8  732  218 33  1 64  1  1 2026-08-13 17:53:56
 1  0 202496 210712   1376 2194936   51    0  1618    28  763  226 34  1 63  1  1 2026-08-13 17:54:06
 1  0 202496 196600   1408 2206948    1    0  1195  1591  787  273 33  1 62  3  1 2026-08-13 17:54:16
 1  0 202496 180472   1416 2219976    1    0  1303     7  774  269 33  1 65  0  1 2026-08-13 17:54:26
 1  0 202496 173164   1424 2234872    2    0  1494    23  741  230 33  1 65  1  0 2026-08-13 17:54:36
 1  0 202496 146200   1440 2259184    0    0   833    13  695  185 32  1 65  1  0 2026-08-13 17:54:46
 1  0 202496 130324   1448 2274584    0    0  1544     5  733  210 33  1 65  1  1 2026-08-13 17:54:56
 1  0 202496 120496   1456 2287464    0    0  1282     8  745  214 33  1 65  0  1 2026-08-13 17:55:06
 1  0 202496 159644   1488 2247532    1    0  1438  1584  752  228 33  1 63  2  1 2026-08-13 17:55:16
procs -----------memory---------- ---swap-- -----io---- -system-- ------cpu----- -----timestamp-----
 r  b   swpd   free   buff  cache   si   so    bi    bo   in   cs us sy id wa st                 UTC
 1  0 202496 143012   1500 2258228    0    0  1072    10  773  221 32  1 62  1  4 2026-08-13 17:55:26
 1  0 202496 137248   1508 2267056    0    0   890     8  766  220 32  1 63  1  4 2026-08-13 17:55:36
 1  0 202496 120868   1516 2282688    1    0   958    11  737  204 33  1 63  0  3 2026-08-13 17:55:46
 1  0 202496 146580   1416 2252216    1    0  1516    15  751  229 34  3 62  1  1 2026-08-13 17:55:56
 1  0 202496 139928   1424 2265620    0    0  1335    10  744  221 34  1 63  0  1 2026-08-13 17:56:06
 1  0 202496 121712   1456 2283276    1    0  1763    26  741  230 33  1 65  1  0 2026-08-13 17:56:16
 1  0 202496 109560   1480 2295148    0    0  1190  1602  745  230 33  1 63  2  1 2026-08-13 17:56:26
 1  0 202496 150652   1488 2255492    0    0  1489     7  725  204 34  1 64  0  1 2026-08-13 17:56:36
 1  0 202496 118648   1496 2283460    0    0  1242    10  706  191 33  1 65  1  0 2026-08-13 17:56:46
 1  0 202496 110080   1504 2295648    0    0  1213  1570  730  213 34  1 63  2  1 2026-08-13 17:56:56
 1  0 202496 154876   1524 2255552    0    0  1442    16  738  211 33  1 64  0  1 2026-08-13 17:57:06
 2  0 202496 143284   1548 2267420    2    0  1192    21  754  231 34  1 63  0  2 2026-08-13 17:57:16
 1  0 202496 127408   1556 2282336    0    0  1487    11  734  217 33  1 64  1  1 2026-08-13 17:57:26
 1  0 202496 115564   1564 2295496    1    0  1315    13  733  218 34  1 64  1  1 2026-08-13 17:57:36
 1  0 202496 137556   1580 2266380    0    0   958    16  712  200 33  1 65  1  0 2026-08-13 17:57:46
 1  0 202496 725456   1588 1681528    0    0  1086     7 1021  450 38 11 51  0  1 2026-08-13 17:57:56
 1  0 202496 703688   1596 1698824    0    0  1724   835  741  213 33  1 64  2  1 2026-08-13 17:58:06
 1  0 202496 693860   1620 1715072    1    0  1622   766  739  226 33  1 64  1  0 2026-08-13 17:58:16
 1  0 202496 674960   1628 1734052    0    0  1902    11  718  213 33  1 65  0  0 2026-08-13 17:58:26
 1  0 202496 654548   1636 1755152    0    0  2111    12  726  210 33  1 65  0  0 2026-08-13 17:58:36
 1  0 202496 626208   1652 1779740    0    0   896    39  708  203 33  2 64  0  0 2026-08-13 17:58:46
procs -----------memory---------- ---swap-- -----io---- -system-- ------cpu----- -----timestamp-----
 r  b   swpd   free   buff  cache   si   so    bi    bo   in   cs us sy id wa st                 UTC
 1  0 202496 631156   1660 1798364    0    0  1872     8  724  209 34  1 64  0  0 2026-08-13 17:58:56
 1  0 202496 614020   1676 1816804    0    0  1838   426  748  223 33  2 65  1  0 2026-08-13 17:59:06
 1  0 202240 599404   1732 1831464    1    0  1459  1181  737  227 33  1 63  2  1 2026-08-13 17:59:16
 1  0 202240 583780   1740 1847272    0    0  1576     7  790  287 33  1 64  0  1 2026-08-13 17:59:26
 1  0 202240 564404   1748 1865048    0    0  1777    15  752  247 33  1 65  0  1 2026-08-13 17:59:36
 1  0 202240 536684   1764 1891652    0    0  1065    19  693  172 32  2 64  0  2 2026-08-13 17:59:46
 1  0 202240 520052   1772 1907872    0    0  1623     5  836  318 32  1 64  2  1 2026-08-13 17:59:56
 2  0 202240 505940   1788 1920324    0    0  1242    16  772  224 32  1 63  1  3 2026-08-13 18:00:06
 1  0 202240 493088   1812 1933880    1    0  1358  1584  783  228 32  1 61  2  3 2026-08-13 18:00:16
 1  0 202240 476960   1828 1950532    0    0  1662    13  740  228 33  1 64  0  1 2026-08-13 18:00:26
 1  0 202240 461840   1836 1966668    0    0  1614     5  732  215 33  1 64  1  1 2026-08-13 18:00:36
 2  0 202240 438404   1844 1991260    0    0   852    16  697  177 32  2 64  0  2 2026-08-13 18:00:46
 1  0 202240 426056   1860 2004768    0    0  1351    15  837  310 33  1 63  1  2 2026-08-13 18:00:56
 1  0 202240 405144   1868 2020292    0    0  1555     5  762  230 33  1 63  1  2 2026-08-13 18:01:06
 1  0 202240 390808   1908 2036436    2    0  1616  1623  743  231 34  2 61  3  1 2026-08-13 18:01:16
 1  0 202240 375688   1924 2053900    0    0  1748    26  743  232 33  1 64  1  1 2026-08-13 18:01:26
 1  0 202240 352756   1932 2071044    0    0  1716     6  718  208 33  1 65  0  1 2026-08-13 18:01:36
 1  0 202240 321008   1940 2097200    0    0  1004    10  681  174 33  1 65  0  1 2026-08-13 18:01:46
 1  0 202240 303116   1948 2113888    0    0  1655    11  731  217 33  1 64  0  1 2026-08-13 18:01:56
 1  0 202240 287996   1956 2129356    0    0  1544    11  742  213 33  1 64  0  2 2026-08-13 18:02:06
 1  0 202240 271868   1980 2147148    1    0  1783  1594  820  307 33  2 63  2  1 2026-08-13 18:02:16
procs -----------memory---------- ---swap-- -----io---- -system-- ------cpu----- -----timestamp-----
 r  b   swpd   free   buff  cache   si   so    bi    bo   in   cs us sy id wa st                 UTC
 1  0 202240 252212   1992 2164340    0    0  1718     9  737  221 33  1 64  0  1 2026-08-13 18:02:26
 1  0 202240 233312   2000 2180408    0    0  1601    19  732  214 33  1 64  1  1 2026-08-13 18:02:36
 1  0 202240 195804   2008 2208184    0    0  1294  1360  728  200 32  2 63  2  0 2026-08-13 18:02:46
 1  0 202240 184968   2020 2226348    0    0  1700    13  709  197 34  1 65  0  0 2026-08-13 18:02:56
 1  0 202240 161784   2028 2244996    0    0  1869    11  725  201 33  1 65  0  1 2026-08-13 18:03:06
 1  0 202240 152184   2052 2262208    1    0  1725    34  729  216 33  1 64  0  1 2026-08-13 18:03:16
 1  0 202240 132024   2060 2281368    0    0  1907   222  735  220 33  1 64  1  1 2026-08-13 18:03:26
 2  0 202240 127224   2076 2297440    0    0  1607    16  737  239 34  1 64  0  0 2026-08-13 18:03:36
 1  0 202240 140516   2084 2271232    0    0  1323    35  684  175 33  1 65  0  0 2026-08-13 18:03:46
 1  0 202240 128924   2108 2288500    0    0  1726  1588  741  219 33  1 64  2  0 2026-08-13 18:03:56
 1  0 202240 108512   2116 2305028    1    0  1662     5  739  212 33  1 65  1  1 2026-08-13 18:04:06
 1  0 202240 150232   2156 2267304    1    0  1746    34  725  220 33  1 65  0  0 2026-08-13 18:04:16
 1  0 202240 129568   2164 2286136    0    0  1886     9  749  241 33  1 65  0  0 2026-08-13 18:04:26
 1  0 202240 158220   2172 2255428    0    0  1576    14  766  264 33  1 65  0  0 2026-08-13 18:04:36
 1  0 202240 138360   2180 2277912    0    0  1460    11  721  205 33  1 65  1  0 2026-08-13 18:04:46
 1  0 202240 120468   2188 2293184    0    0  1536     8  732  208 33  1 64  1  2 2026-08-13 18:04:56
 1  0 202240 107616   2196 2309216    0    0  1603  1576  779  230 32  1 62  2  2 2026-08-13 18:05:06
 1  0 202240 146648   2224 2270708    1    0  1577    26  751  229 33  1 64  1  1 2026-08-13 18:05:16
 1  0 202240 127496   2232 2286700    0    0  1598     5  726  218 33  1 64  0  1 2026-08-13 18:05:26
 1  0 202240 107588   2240 2308564    0    0  1618     8  705  194 33  1 65  0  0 2026-08-13 18:05:36
 1  0 202240 136940   2256 2277976    0    0  1402    21  713  196 33  1 64  0  1 2026-08-13 18:05:46
procs -----------memory---------- ---swap-- -----io---- -system-- ------cpu----- -----timestamp-----
 r  b   swpd   free   buff  cache   si   so    bi    bo   in   cs us sy id wa st                 UTC
 1  0 202240 113000   2276 2297144    3    0  1903   837  738  225 34  2 62  2  1 2026-08-13 18:05:56
 1  0 202240 158604   2288 2258628    0    0  1626   750  754  215 33  1 63  1  2 2026-08-13 18:06:06
 1  0 202240 141496   2320 2274908    1    0  1630    29  736  222 33  1 64  0  1 2026-08-13 18:06:16
 1  0 202240 119320   2336 2294080    0    0  1915    16  717  209 34  1 65  0  1 2026-08-13 18:06:26
 1  0 202240 149500   2344 2264788    0    0  1568     6  702  191 33  1 65  0  0 2026-08-13 18:06:36
 1  0 202240 125560   2352 2288276    0    0  1772    11  727  209 33  1 65  1  0 2026-08-13 18:06:46
 1  0 202240 108676   2360 2307632    0    0  1933    11  749  222 33  1 65  1  1 2026-08-13 18:06:56
 1  0 202240 149076   2376 2268268    0    0  1576  1574  739  206 33  1 63  2  1 2026-08-13 18:07:06
 1  0 202240 127404   2412 2287492    1    0  1923    26  723  217 34  1 64  0  0 2026-08-13 18:07:16
 1  0 202240 105228   2420 2306784    0    0  1930     6  730  229 33  1 65  1  0 2026-08-13 18:07:26
 1  0 202240 131960   2428 2280760    0    0  1362    18  689  185 33  1 65  0  0 2026-08-13 18:07:36
 1  0 202240 113060   2448 2300300    0    0  1956  1578  728  213 34  1 63  2  0 2026-08-13 18:07:46
 2  0 202240 154396   2464 2263600    0    0  1833    12  741  215 33  1 64  2  1 2026-08-13 18:07:56
 2  0 202240 752560   2476 1643824    0    0  1237     7 1038  458 38 10 51  0  1 2026-08-13 18:08:06
 1  0 202240 744448   2500 1661624    1    0  1783    36  759  220 34  4 61  0  1 2026-08-13 18:08:16
 1  0 202240 728320   2508 1677800    0    0  1617    14  722  211 33  1 65  0  1 2026-08-13 18:08:26
 1  0 202240 697576   2524 1708616    0    0  1523    21  687  182 33  1 64  1  0 2026-08-13 18:08:36
 1  0 202240 673384   2532 1728424    0    0  1977     9  722  209 34  1 64  0  0 2026-08-13 18:08:46
 1  0 202240 659272   2540 1746140    0    0  1772    12  709  201 33  1 64  1  0 2026-08-13 18:08:56
 1  0 202240 647176   2548 1762340    0    0  1618  1566  741  215 34  1 63  2  1 2026-08-13 18:09:06
 1  0 202240 646224   2608 1774892    1    0  1254    39  749  248 33  1 64  1  1 2026-08-13 18:09:16
procs -----------memory---------- ---swap-- -----io---- -system-- ------cpu----- -----timestamp-----
 r  b   swpd   free   buff  cache   si   so    bi    bo   in   cs us sy id wa st                 UTC
 1  0 202240 637936   2616 1788080    0    0  1322     4  748  237 34  1 64  0  1 2026-08-13 18:09:26
 1  0 202240 604168   2632 1813356    0    0   958  1584  701  192 33  2 63  2  0 2026-08-13 18:09:36
 1  0 202240 592576   2644 1826504    0    0  1312    14  731  219 33  1 65  0  0 2026-08-13 18:09:46
 1  0 202240 580984   2652 1839684    0    0  1320     9  739  220 33  1 65  1  0 2026-08-13 18:09:56
 2  0 202240 569392   2660 1851364    0    0  1168     9  766  227 32  1 64  0  2 2026-08-13 18:10:06
 1  0 202240 554524   2684 1862676    1    0  1131    31  826  301 33  1 63  1  2 2026-08-13 18:10:16
 5  0 202240 546964   2700 1873232    1    0  1054    17  748  221 33  1 64  1  2 2026-08-13 18:10:26
 1  0 202240 520508   2708 1897392    0    0   825     5  680  178 33  2 65  0  0 2026-08-13 18:10:36
 1  0 202240 504632   2716 1910548    0    0  1309    10  730  208 33  1 65  0  1 2026-08-13 18:10:46
 1  0 202240 495056   2732 1924760    4    0  1451    14  729  216 33  2 64  0  1 2026-08-13 18:10:56
 1  0 202240 482960   2744 1937720    0    0  1291  1572  739  214 33  1 63  1  1 2026-08-13 18:11:06
 1  0 202240 468600   2784 1952036    1    0  1440    32  735  224 33  1 65  1  0 2026-08-13 18:11:16
 1  0 202240 443652   2792 1969948    0    0  1333     6  716  206 33  1 65  0  1 2026-08-13 18:11:26
 1  0 202240 426264   2812 1993228    0    0  1180  1582  720  203 32  2 63  2  1 2026-08-13 18:11:36
 1  0 202240 403080   2820 2009376    0    0  1614     6  729  209 33  1 65  0  1 2026-08-13 18:11:46
 1  0 202240 392244   2828 2025092    0    0  1574    11  731  214 33  1 65  0  0 2026-08-13 18:11:56
 1  0 202240 376368   2836 2038924    0    0  1380    10  756  214 32  1 64  0  2 2026-08-13 18:12:06
 1  0 202240 366540   2860 2051896    1    0  1298    27  759  229 32  1 64  1  2 2026-08-13 18:12:16
 1  0 202240 352428   2876 2064016    0    0  1216    20  740  217 33  1 63  1  2 2026-08-13 18:12:26
 1  0 202240 338512   2884 2087908    0    0   786     8  698  181 32  2 65  0  1 2026-08-13 18:12:36
 1  0 202240 322888   2900 2103804    0    0  1589  1576  746  217 33  1 63  2  1 2026-08-13 18:12:46
procs -----------memory---------- ---swap-- -----io---- -system-- ------cpu----- -----timestamp-----
 r  b   swpd   free   buff  cache   si   so    bi    bo   in   cs us sy id wa st                 UTC
 1  0 202240 305500   2912 2117792    0    0  1399    14  727  214 34  1 64  1  1 2026-08-13 18:12:56
 2  0 202240 290884   2928 2134068    0    0  1637    17  732  207 33  1 65  0  0 2026-08-13 18:13:06
 1  0 202240 275008   2952 2150768    1    0  1665    31  734  222 33  1 65  0  1 2026-08-13 18:13:16
 1  0 202240 256812   2968 2167616    1    0  1228    20  725  223 33  1 64  0  1 2026-08-13 18:13:26
 1  0 202240 233628   2980 2191372    0    0  1219    25  791  286 32  2 65  0  0 2026-08-13 18:13:36
 1  0 202240 223552   2996 2206328    0    0  1495    18  749  242 33  2 64  0  0 2026-08-13 18:13:46
 5  0 202240 205196   3004 2222512    0    0  1617  1606  728  209 34  1 62  3  0 2026-08-13 18:13:56
 1  0 202240 195872   3016 2238036    1    0  1553     7  738  210 33  1 64  0  1 2026-08-13 18:14:06
 1  0 202240 173696   3064 2254296    1    0  1620    32  750  242 34  1 64  1  0 2026-08-13 18:14:16
 1  0 202240 130608   3076 2280936    0    0  1070    13  741  234 33  1 65  0  1 2026-08-13 18:14:26
 1  0 202240 121536   3096 2296840    0    0  1580  1586  867  369 33  1 63  2  0 2026-08-13 18:14:36
 1  0 202240 111708   3104 2310884    0    0  1405    10  740  218 33  1 65  1  1 2026-08-13 18:14:46
 1  0 202240 154616   3112 2269016    0    0  1351     8  751  212 33  1 64  1  2 2026-08-13 18:14:56
 1  0 202240 128660   3120 2281256    0    0  1222    11  750  216 33  1 64  1  1 2026-08-13 18:15:06
 1  0 202240 111272   3144 2296332    1    0  1503    24  748  226 33  1 64  1  1 2026-08-13 18:15:16
 1  0 202240 139780   3152 2266980    0    0  1033     6  682  176 33  1 65  0  1 2026-08-13 18:15:26
 1  0 202240 119872   3168 2283416    0    0  1648    20  737  226 34  1 65  1  0 2026-08-13 18:15:36
 1  0 202240 154904   3176 2251032    1    0  1616     5  742  229 33  1 64  1  0 2026-08-13 18:15:46
 1  0 202240 138304   3192 2266592    3    0  1557  1576  744  221 35  1 62  2  0 2026-08-13 18:15:56
 1  0 202240 120412   3204 2281756    0    0  1524    10  732  205 33  1 65  0  0 2026-08-13 18:16:06
 1  0 202240 163532   3244 2246048    1    0  1593    30  715  208 34  1 64  1  0 2026-08-13 18:16:16
procs -----------memory---------- ---swap-- -----io---- -system-- ------cpu----- -----timestamp-----
 r  b   swpd   free   buff  cache   si   so    bi    bo   in   cs us sy id wa st                 UTC
 1  0 202240 137104   3252 2271744    0    0  1342  1564  715  204 33  1 64  2  0 2026-08-13 18:16:26
 1  0 202240 123244   3264 2287844    0    0  1611    12  735  214 34  1 65  0  0 2026-08-13 18:16:36
 1  0 202240 159264   3272 2250380    0    0  1722    18  731  215 33  1 65  0  0 2026-08-13 18:16:46
 1  0 202240 143896   3280 2265196    0    0  1480    10  732  219 33  1 65  1  0 2026-08-13 18:16:56
 1  0 202240 127520   3300 2280220   13    0  1513    14  752  221 33  1 64  1  1 2026-08-13 18:17:06
 1  0 202240 150128   3332 2252916    4    0  1170    46  694  186 33  1 65  0  0 2026-08-13 18:17:16
 1  0 202240 135008   3340 2267996    0    0  1498     8  720  208 33  1 65  0  0 2026-08-13 18:17:26
 1  0 202240 113872   3348 2284068    0    0  1605    11  726  222 34  1 65  0  0 2026-08-13 18:17:36
 1  0 202240 139648   3356 2262100    0    0  1745  1580  742  223 34  1 63  2  0 2026-08-13 18:17:46
 1  0 202240 115712   3368 2277196    0    0  1512    13  741  228 34  1 64  1  0 2026-08-13 18:17:56
 1  0 202240 153476   3376 2248572    0    0  1035    12  691  178 34  1 65  0  0 2026-08-13 18:18:06
 6  0 202240 763996   3400 1621548    1    0  1124  1588 1027  461 38 10 49  2  1 2026-08-13 18:18:16
 1  0 202240 736268   3420 1639268    0    0  1768    22  771  233 33  2 63  1  1 2026-08-13 18:18:26
 1  0 202240 719944   3428 1655932    0    0  1665     8  724  212 33  1 65  0  0 2026-08-13 18:18:36
 1  0 202240 704332   3444 1672412    0    0  1648    19  723  207 33  1 65  0  0 2026-08-13 18:18:46
 1  0 202240 712728   3452 1688700    0    0  1625    10  721  208 33  1 65  0  0 2026-08-13 18:18:56
 1  0 202240 679300   3468 1715668    0    0  1124    17  704  185 32  2 65  0  0 2026-08-13 18:19:06
 1  0 201984 668216   3524 1731620    1    0  1591    33  750  241 33  1 65  1  0 2026-08-13 18:19:16
 1  0 201984 652340   3532 1747708    0    0  1606     4  749  240 33  1 65  0  0 2026-08-13 18:19:26
 1  0 201984 636212   3540 1765572    0    0  1780  1573  742  220 33  2 63  2  0 2026-08-13 18:19:36
 1  0 201984 617060   3560 1783244    0    0  1767    19  727  216 33  1 65  0  0 2026-08-13 18:19:46
procs -----------memory---------- ---swap-- -----io---- -system-- ------cpu----- -----timestamp-----
 r  b   swpd   free   buff  cache   si   so    bi    bo   in   cs us sy id wa st                 UTC
 2  0 201984 600292   3568 1799816    0    0  1650     7  736  220 33  2 65  0  0 2026-08-13 18:19:56
 1  0 201984 568820   3588 1825572    0    0   981  1583  708  182 32  2 63  2  1 2026-08-13 18:20:06
 1  0 201984 551684   3612 1844036    1    0  1847    36  736  224 33  1 65  0  0 2026-08-13 18:20:16
 1  0 201984 536316   3620 1859892    0    0  1578     6  746  225 33  1 64  1  1 2026-08-13 18:20:26
 1  0 201984 512376   3628 1878192    0    0  1824     9  732  217 33  1 65  1  0 2026-08-13 18:20:36
 2  0 201984 497256   3636 1892316    0    0  1414    12  719  213 33  1 65  0  0 2026-08-13 18:20:46
 1  0 201984 458196   3652 1919908    1    0  1158    15  684  180 32  2 65  0  0 2026-08-13 18:20:56
 1  0 201984 448120   3668 1935852    0    0  1588  1579  750  226 33  2 63  2  0 2026-08-13 18:21:06
 1  0 201984 443964   3700 1954028    0    0  1820    40  742  232 33  1 65  0  0 2026-08-13 18:21:16
 1  0 201984 417756   3708 1972652    0    0  1862     8  713  211 33  1 65  0  0 2026-08-13 18:21:26
 1  0 201984 401632   3724 1994412    0    0  2178    14  747  227 33  2 65  1  0 2026-08-13 18:21:36
 1  0 201984 380464   3732 2012660    0    0  1815    26  743  233 33  1 65  0  0 2026-08-13 18:21:46
 1  0 201984 348712   3748 2042904    0    0  1419    16  683  178 32  2 65  0  0 2026-08-13 18:21:56
 1  0 201984 332584   3756 2058772    0    0  1584     6  723  205 33  1 65  0  1 2026-08-13 18:22:06
 1  0 201984 315952   3788 2077764    0    0  1899    31  722  213 33  1 64  0  1 2026-08-13 18:22:16
 1  0 201984 297808   3804 2096424    0    0  1861  1576  753  243 34  1 62  3  1 2026-08-13 18:22:26
 1  0 201984 275384   3812 2115976    0    0  1961     6  720  210 33  1 65  0  0 2026-08-13 18:22:36
 1  0 201984 250440   3820 2144092    0    0  1389    15  696  184 33  2 65  0  0 2026-08-13 18:22:46
 1  0 201984 227508   3828 2165896    0    0  1996    12  717  203 33  1 65  0  0 2026-08-13 18:22:56
 1  0 201984 208356   3844 2183756    0    0  1779  1581  736  214 33  1 63  2  0 2026-08-13 18:23:06
 1  0 201984 188952   3876 2203572    0    0  1982    28  801  299 34  1 65  0  0 2026-08-13 18:23:16
procs -----------memory---------- ---swap-- -----io---- -system-- ------cpu----- -----timestamp-----
 r  b   swpd   free   buff  cache   si   so    bi    bo   in   cs us sy id wa st                 UTC
 1  0 201984 168792   3884 2223172    0    0  1964     8  720  215 34  1 65  0  0 2026-08-13 18:23:26
 1  0 201984 143340   3892 2244448    0    0  2126    12  733  228 33  1 65  1  0 2026-08-13 18:23:36
 1  0 201984 116380   3908 2274308    1    0  1376    21  677  169 33  1 65  0  0 2026-08-13 18:23:46
 2  0 201984 160036   3916 2240192    0    0  2074  1575  738  214 34  1 64  1  0 2026-08-13 18:23:56
 1  0 201984 138288   3932 2260928    0    0  2074    13  728  207 33  1 65  0  0 2026-08-13 18:24:06
 1  0 201984 107292   3964 2281700    1    0  2068    24  719  216 33  1 65  0  0 2026-08-13 18:24:16
 1  0 201984 150892   3972 2247828    0    0  2123     8  725  217 34  1 65  0  0 2026-08-13 18:24:26
 1  0 201984 121300   3988 2277916    0    0  1437    22  703  211 34  1 65  0  0 2026-08-13 18:24:36
 1  0 201984 154632   4004 2245760    0    0  2054  1599  734  228 34  1 63  1  0 2026-08-13 18:24:46
 1  0 201984 130692   4020 2267864    0    0  2211     8  759  252 33  1 65  0  0 2026-08-13 18:24:56
 1  0 201984 113056   4028 2287244    0    0  1932     8  777  254 34  1 65  0  0 2026-08-13 18:25:06
 1  0 201984 155612   4052 2251744    0    0  2020    35  747  237 33  1 65  1  0 2026-08-13 18:25:16
 1  0 201984 126380   4060 2280368    0    0  1268     5  690  194 34  1 65  0  0 2026-08-13 18:25:26
 1  0 201984 158116   4068 2245940    0    0  2142  1586  715  202 34  1 63  2  0 2026-08-13 18:25:36
 1  0 201984 134680   4076 2265116    0    0  1908    11  715  206 34  1 65  0  0 2026-08-13 18:25:46
 1  0 201984 118552   4084 2286056    0    0  2100     9  721  211 33  1 65  0  0 2026-08-13 18:25:56
 1  0 201984 140776   4092 2251356    0    0  2097    14  745  212 33  1 65  1  0 2026-08-13 18:26:06
 1  0 201984 109024   4140 2281944    0    0  1479    32  686  188 33  1 65  0  0 2026-08-13 18:26:16
 1  0 201984 144448   4148 2248156    0    0  2166     7  716  207 33  1 65  0  0 2026-08-13 18:26:26
 1  0 201984 128480   4164 2269440    0    0  2125    14  722  211 33  1 65  0  0 2026-08-13 18:26:36
 1  0 201984 110760   4172 2287904    0    0  1844  1576  718  208 34  1 64  2  0 2026-08-13 18:26:46
procs -----------memory---------- ---swap-- -----io---- -system-- ------cpu----- -----timestamp-----
 r  b   swpd   free   buff  cache   si   so    bi    bo   in   cs us sy id wa st                 UTC
 1  0 201984 141728   4188 2251756    0    0  1950    20  748  227 34  1 64  1  1 2026-08-13 18:26:56
 2  0 201984 127628   4196 2268284    0    0  1648     6  742  211 33  1 64  1  1 2026-08-13 18:27:06
 1  0 201984 148784   4220 2243592    0    0  1511    36  708  194 33  1 64  1  1 2026-08-13 18:27:16
 1  0 201984 137988   4228 2258572    0    0  1504     7  705  197 33  1 65  0  1 2026-08-13 18:27:26
 1  0 201984 122112   4236 2276768    0    0  1813    12  751  226 33  1 63  2  2 2026-08-13 18:27:36
 1  0 201984 164384   4256 2240072    0    0  1887  1579  737  219 33  1 63  2  0 2026-08-13 18:27:46
 1  0 201984 141660   4264 2262372    0    0  2227    11  724  210 33  1 65  0  0 2026-08-13 18:27:56
 1  0 201984 110020   4272 2283684    0    0  1540    12  701  186 34  1 65  0  0 2026-08-13 18:28:06
 1  0 201984 142096   4304 2255936    0    0  1801    32  709  202 33  1 65  0  0 2026-08-13 18:28:16
 1  0 201984 710364   4308 1639516    0    0  1668     8 1038  466 37 12 51  1  0 2026-08-13 18:28:26
 1  0 201984 709008   4332 1659600    0    0  2005    26  725  217 33  1 65  0  0 2026-08-13 18:28:36
 1  0 201984 685824   4340 1681108    0    0  2149  1571  723  208 34  1 64  1  0 2026-08-13 18:28:46
 1  0 201984 661884   4356 1701008    0    0  1984    17  731  216 33  1 65  0  0 2026-08-13 18:28:56
 1  0 201984 674348   4364 1732516    0    0  1561    20  695  184 33  1 65  0  0 2026-08-13 18:29:06
 1  0 201984 645144   4420 1752196    0    0  1953    38  751  252 33  2 64  1  0 2026-08-13 18:29:16
 1  0 201984 621456   4428 1772408    0    0  2023     5  820  327 33  1 65  0  0 2026-08-13 18:29:26
 1  0 199168 589452   4444 1802876  274    0  2321  2552  760  239 32  2 63  3  0 2026-08-13 18:29:36
 0  0 194816 562988   4468 1843152  458    0  4484    22 1685  565 15  4 81  1  0 2026-08-13 18:29:46
 0  0 194816 527160   4484 1882260    0    0  3907    20 1521  479 14  3 82  0  0 2026-08-13 18:29:56
 1  0 194816 483712   4508 1924508    0    0  4212    35 1629  503 15  4 80  0  0 2026-08-13 18:30:06
 1  0 194560 438720   4564 1967644   51    0  4353    56 1761  564 15  4 80  0  0 2026-08-13 18:30:16
procs -----------memory---------- ---swap-- -----io---- -system-- ------cpu----- -----timestamp-----
 r  b   swpd   free   buff  cache   si   so    bi    bo   in   cs us sy id wa st                 UTC
 0  0 194560 400280   4588 2009016    0    0  4134    26 1673  524 15  4 81  0  0 2026-08-13 18:30:26
 1  0 194560 360064   4612 2049752    1    0  4071    21 1672  512 15  4 81  0  0 2026-08-13 18:30:36
 1  0 194560 315268   4636 2094296    0    0  4454    20 1710  511 16  4 80  0  0 2026-08-13 18:30:46
 0  0 194560 274116   4660 2135700    0    0  4134    35 1745  539 15  4 80  0  0 2026-08-13 18:30:56
 1  0 194560 229528   4684 2176308    0    0  4058    21 1677  512 15  4 81  0  0 2026-08-13 18:31:06
 1  0 194560 189836   4740 2217944   10    0  4170    47 1694  531 15  3 81  0  0 2026-08-13 18:31:16
 1  0 194560 149272   4764 2259688    1    0  4172    30 1655  539 15  3 81  0  0 2026-08-13 18:31:26
 2  0 194560 816080   4788 1592908    6    0  3513    19 1633  551 35  3 62  0  0 2026-08-13 18:31:36
 1  0 194560 776012   4796 1632068    0    0  3912     6 1400  353 49  1 49  1  0 2026-08-13 18:31:46
 1  0 194560 728384   4812 1672188    0    0  4007    28 1561  516 49  1 48  1  1 2026-08-13 18:31:56
 1  0 194560 690836   4820 1719428    0    0  3152     8 1371  317 49  1 49  1  1 2026-08-13 18:32:06
 1  0 194560 651524   4876 1759728    0    0  4031    45 1632  611 49  1 48  1  0 2026-08-13 18:32:16
 1  0 194560 601124   4884 1807240    0    0  3178     7 1358  308 50  1 49  0  0 2026-08-13 18:32:26
 1  0 194560 561560   4900 1842260    0    0  3507  3174 1512  459 50  1 47  1  0 2026-08-13 18:32:36
 1  0 194560 518720   4908 1883712    0    0  4136     7 1401  348 50  1 49  0  0 2026-08-13 18:32:46
 1  0 194560 470588   4916 1931268    0    0  3184    10 1367  320 49  1 49  1  1 2026-08-13 18:32:56
 1  0 194560 446648   4924 1955844    0    0  2458    14  881  241 40  1 58  0  1 2026-08-13 18:33:06
 1  0 194560 422708   4948 1975732    0    0  1984    31  734  227 37  1 62  0  0 2026-08-13 18:33:16
 1  0 194560 405320   4956 1996080    0    0  2031  1569  813  314 37  1 59  3  0 2026-08-13 18:33:26
 1  0 194560 383144   4972 2016324    0    0  2032    16  727  215 36  1 62  0  0 2026-08-13 18:33:36
 1  0 194560 356940   4988 2045652    0    0  1333    24  695  183 36  1 62  0  0 2026-08-13 18:33:46
procs -----------memory---------- ---swap-- -----io---- -system-- ------cpu----- -----timestamp-----
 r  b   swpd   free   buff  cache   si   so    bi    bo   in   cs us sy id wa st                 UTC
 1  0 194560 332748   4996 2067064    0    0  2132     8  743  219 36  1 62  1  0 2026-08-13 18:33:56
 1  0 194560 317124   5012 2084600    0    0  1760    10  723  204 37  1 62  0  0 2026-08-13 18:34:06
 1  0 194560 294700   5048 2106676    0    0  2206  1588  765  254 37  1 59  2  0 2026-08-13 18:34:16
 1  0 194560 274288   5064 2126092    0    0  1934    28  765  257 37  1 62  0  0 2026-08-13 18:34:26
 2  0 194560 244048   5072 2155724    0    0  1352    15  701  189 36  1 62  0  0 2026-08-13 18:34:36
 1  0 194560 228576   5092 2173664    0    0  1796  1590  756  246 36  1 59  3  0 2026-08-13 18:34:46
 1  0 194560 206932   5104 2193596    0    0  1993    34  716  205 37  1 61  0  0 2026-08-13 18:34:56
 1  0 194560 187784   5120 2211144    0    0  1753    16  743  214 36  1 61  0  1 2026-08-13 18:35:06
 1  0 194560 166616   5144 2229616    0    0  1849    20  738  222 36  1 61  1  1 2026-08-13 18:35:16
 1  0 194560 151748   5152 2246824    0    0  1723     6  739  222 35  1 62  0  1 2026-08-13 18:35:26
 1  0 194560 118232   5168 2276556    0    0  1369    32  688  177 36  1 62  0  0 2026-08-13 18:35:36
 1  0 194560 164832   5176 2234292    0    0  1356     6  748  214 35  1 61  1  2 2026-08-13 18:35:46
 1  0 194560 149488   5192 2248524    0    0  1430    15  765  222 34  1 61  1  3 2026-08-13 18:35:56
 0  1 194560 132352   5200 2265036    0    0  1642  1566  742  208 35  1 60  2  2 2026-08-13 18:36:06
 1  0 194560 110680   5236 2282756    0    0  1777    30  730  214 35  1 62  0  1 2026-08-13 18:36:16
 1  0 194560 155348   5244 2243800    0    0  1682     6  742  222 36  1 61  0  2 2026-08-13 18:36:26
 1  0 194560 119564   5260 2272064    0    0  1231    18  690  184 36  1 61  1  0 2026-08-13 18:36:36
 1  0 194560 160892   5268 2237004    0    0  2044   426  719  208 37  1 62  0  0 2026-08-13 18:36:46
 1  0 194560 143888   5288 2256780    0    0  1978  1171  740  223 35  1 61  2  1 2026-08-13 18:36:56
 1  0 194560 125240   5296 2275116    0    0  1834     8  733  206 36  1 62  0  1 2026-08-13 18:37:06
 1  0 194560 159900   5336 2237524    0    0  1814    33  727  215 37  1 61  0  1 2026-08-13 18:37:16
procs -----------memory---------- ---swap-- -----io---- -system-- ------cpu----- -----timestamp-----
 r  b   swpd   free   buff  cache   si   so    bi    bo   in   cs us sy id wa st                 UTC
 1  0 194560 142260   5344 2257308    0    0  1981    15  732  218 36  1 61  1  0 2026-08-13 18:37:26
 2  0 194560 111768   5360 2287452    0    0  1417    16  674  171 36  1 62  0  0 2026-08-13 18:37:36
 1  0 194560 143556   5368 2251992    0    0  2012     7  723  218 37  1 61  0  0 2026-08-13 18:37:46
 1  0 194560 118356   5376 2273136    0    0  2117    12  733  220 36  1 62  1  0 2026-08-13 18:37:56
 1  0 194560 157300   5396 2239020    0    0  2125  1574  746  218 36  1 61  2  0 2026-08-13 18:38:06
 1  0 194560 142432   5420 2256744    0    0  1767    23  744  226 36  1 62  1  0 2026-08-13 18:38:16
 1  0 194560 155044   5428 2232820    0    0  1496     8  680  175 36  1 62  0  0 2026-08-13 18:38:26
 2  0 194560 720668   5448 1616340    0    0  1256  1586 1038  462 40 11 48  1  0 2026-08-13 18:38:36
 1  0 194560 720352   5456 1635628    0    0  1926     8  752  210 37  4 59  0  0 2026-08-13 18:38:46
 1  0 194560 695152   5472 1656136    0    0  2056    18  733  222 35  1 63  0  0 2026-08-13 18:38:56
 1  0 194560 681576   5480 1674616    0    0  1841     5  741  221 37  2 61  1  0 2026-08-13 18:39:06
 1  0 194560 661920   5544 1694844    0    0  2018    58  773  271 36  2 62  0  0 2026-08-13 18:39:16
 7  0 194560 659232   5560 1725696    0    0  1486    10  749  241 35  1 62  1  0 2026-08-13 18:39:26
 2  0 194560 635544   5568 1744956    0    0  1935    11  721  208 36  2 62  0  0 2026-08-13 18:39:36
 1  0 194560 620928   5584 1764948    0    0  1999    25  801  298 36  2 61  0  0 2026-08-13 18:39:46
 1  0 194560 603036   5604 1785168    0    0  2014  1575  732  216 36  2 60  2  0 2026-08-13 18:39:56
 3  0 194560 583884   5612 1804224    0    0  1906     4  726  206 36  2 61  0  1 2026-08-13 18:40:06
 0  1 194560 545076   5636 1834628    0    0  1438    25  713  198 35  2 62  1  0 2026-08-13 18:40:16
 1  0 194560 529200   5644 1850456    0    0  1591  1573  779  233 34  2 58  2  4 2026-08-13 18:40:26
 1  0 194560 514332   5664 1870704    0    0  2017    15  744  224 35  2 62  1  0 2026-08-13 18:40:36
 1  0 194560 495180   5672 1889228    0    0  1852     5  713  204 36  1 62  0  0 2026-08-13 18:40:46
procs -----------memory---------- ---swap-- -----io---- -system-- ------cpu----- -----timestamp-----
 r  b   swpd   free   buff  cache   si   so    bi    bo   in   cs us sy id wa st                 UTC
 1  0 194560 474516   5688 1909668    0    0  2053    21  727  212 35  2 63  0  0 2026-08-13 18:40:56
 1  0 194560 454104   5696 1930340    1    0  2066    10  732  205 36  2 62  0  0 2026-08-13 18:41:06
 1  0 194560 413784   5740 1959356    0    0  1300   445  706  200 36  2 61  1  0 2026-08-13 18:41:16
 1  0 194560 391860   5752 1978872    3    0  1958  1158  751  227 36  1 61  2  0 2026-08-13 18:41:26
 1  0 194560 375984   5768 1998532    0    0  1962    15  749  229 36  2 61  1  0 2026-08-13 18:41:36
 1  0 194560 353052   5776 2017336    0    0  1886    11  711  203 36  1 62  0  0 2026-08-13 18:41:46
 1  0 194560 337680   5792 2035092    0    0  1770    15  752  228 35  2 62  1  0 2026-08-13 18:41:56
 1  0 194560 310212   5800 2064152    0    0  1311   417  698  174 35  2 62  0  1 2026-08-13 18:42:06
 1  0 194560 287280   5840 2082792    0    0  1857  1181  746  229 35  2 60  2  1 2026-08-13 18:42:16
 1  0 194560 273168   5848 2101784    0    0  1902     8  765  242 35  2 62  1  0 2026-08-13 18:42:26
 1  0 194560 257040   5864 2119744    0    0  1798    16  736  220 35  2 62  1  0 2026-08-13 18:42:36
 1  0 194560 233100   5872 2140060    0    0  2034    15  725  213 36  2 62  0  0 2026-08-13 18:42:46
 1  0 194560 215460   5888 2158784    0    0  1875    18  734  216 36  2 62  1  0 2026-08-13 18:42:56
 1  0 194560 184464   5896 2188464    0    0  1354     8  708  182 36  1 62  0  0 2026-08-13 18:43:06
 1  0 194560 168084   5928 2207436    0    0  1894    30  819  312 36  1 62  1  0 2026-08-13 18:43:16
 1  0 194560 150192   5936 2226992    0    0  1965   425  739  231 36  1 62  1  0 2026-08-13 18:43:26
 1  0 194560 130284   5960 2247040    0    0  1996  1178  746  228 36  1 61  2  0 2026-08-13 18:43:36
 1  0 194560 106344   5976 2265292    0    0  1829    16  720  210 36  1 62  0  0 2026-08-13 18:43:46
 1  0 194560 153212   5984 2237116    0    0  1101    10  690  177 36  1 61  0  1 2026-08-13 18:43:56
 1  0 194560 130280   6004 2252992    0    0  1588  1581  891  244 31  1 54  2 13 2026-08-13 18:44:06
 1  0 194560 120956   6028 2269020    0    0  1607    22  880  273 31  1 57  0 10 2026-08-13 18:44:16
procs -----------memory---------- ---swap-- -----io---- -system-- ------cpu----- -----timestamp-----
 r  b   swpd   free   buff  cache   si   so    bi    bo   in   cs us sy id wa st                 UTC
 1  0 194560 157060   6036 2232424    0    0  1902     4  736  219 36  1 62  0  0 2026-08-13 18:44:26
 1  0 194560 135640   6044 2253700    0    0  2124    23  784  274 36  1 62  0  0 2026-08-13 18:44:36
 1  0 194560 116740   6060 2273140    0    0  1947    16  752  230 35  1 62  1  0 2026-08-13 18:44:46
 1  0 194560 138884   6068 2246640    0    0  1311     5  687  181 36  1 63  0  0 2026-08-13 18:44:56
 1  0 194560 115364   6084 2265604    0    0  1896    15  727  206 37  1 61  0  1 2026-08-13 18:45:06
 1  0 194560 145840   6116 2245780    0    0  1978    30  741  223 36  1 61  1  1 2026-08-13 18:45:16
 1  0 194560 122152   6124 2266432    0    0  2070  1566  717  207 37  1 60  2  0 2026-08-13 18:45:26
 2  0 194560 162024   6152 2230928    0    0  1965    18  759  253 36  1 61  1  0 2026-08-13 18:45:36
 1  0 194560 132316   6160 2252476    2    0  1594    33  712  209 36  1 62  0  0 2026-08-13 18:45:46
 1  0 194560 106612   6176 2280108    0    0  1731  1577  725  207 36  1 60  2  0 2026-08-13 18:45:56
 1  0 194560 147560   6188 2243824    0    0  1771     8  749  219 36  1 61  2  0 2026-08-13 18:46:06
 1  0 194560 126644   6220 2263608    0    0  1981    28  728  219 37  1 61  1  0 2026-08-13 18:46:16
 1  0 194560 163116   6228 2227652    0    0  1963    13  736  226 36  1 62  1  0 2026-08-13 18:46:26
 1  0 194560 141756   6244 2247320    0    0  1963    16  726  212 37  1 62  0  0 2026-08-13 18:46:36
 1  0 194560 164824   6252 2224840    0    0  1510     7  714  194 36  1 62  1  0 2026-08-13 18:46:46
 1  0 194560 152476   6268 2245452    0    0  2058    23  723  208 37  1 61  0  0 2026-08-13 18:46:56
 1  0 194560 129964   6276 2264276    0    0  1881     6  743  219 36  1 62  1  0 2026-08-13 18:47:06
 1  0 194560 111720   6320 2282852    0    0  1858  1595  740  227 36  1 60  2  0 2026-08-13 18:47:16
 1  0 194560 144724   6328 2248140    0    0  2118     7  730  217 37  1 62  0  0 2026-08-13 18:47:26
 1  0 194560 114756   6344 2276736    0    0  1264    18  697  189 36  1 62  0  0 2026-08-13 18:47:36
 1  0 194560 151684   6352 2251784    0    0  1928  1576  727  212 36  1 60  2  0 2026-08-13 18:47:46
procs -----------memory---------- ---swap-- -----io---- -system-- ------cpu----- -----timestamp-----
 r  b   swpd   free   buff  cache   si   so    bi    bo   in   cs us sy id wa st                 UTC
 1  0 194560 128248   6372 2271996    0    0  2020    18  720  206 37  1 62  0  0 2026-08-13 18:47:56
 1  0 194560 111112   6388 2291560    0    0  1960    18  733  216 36  1 62  1  0 2026-08-13 18:48:06
 1  0 194560 140160   6412 2255576    0    0  2012    28  724  216 36  1 61  1  0 2026-08-13 18:48:16
 1  0 194560 108912   6420 2284620    0    0  1575     9  701  196 36  1 62  0  0 2026-08-13 18:48:26
 1  0 194560 146120   6428 2251088    0    0  1939    14  734  220 37  1 61  1  0 2026-08-13 18:48:36
 1  0 194560 745832   6444 1624520    0    0  1593    19 1061  470 38 13 48  1  0 2026-08-13 18:48:46
 1  0 194560 741308   6456 1641276    0    0  1680  1578  725  208 36  1 60  2  1 2026-08-13 18:48:56
 1  0 194560 720392   6472 1660472    0    0  1913    14  732  204 36  1 62  0  1 2026-08-13 18:49:06
 1  0 194560 705020   6520 1680064    0    0  1950    30  748  230 35  1 62  1  0 2026-08-13 18:49:16
 1  0 194560 687152   6528 1709820    0    0  1416    11  713  208 36  2 62  0  0 2026-08-13 18:49:26
 1  0 194560 671276   6536 1729640    0    0  1979     9  722  209 36  1 62  0  0 2026-08-13 18:49:36
 1  0 194560 644060   6552 1749360    0    0  1980    21  821  310 36  2 62  1  0 2026-08-13 18:49:46
 1  0 194560 632720   6560 1768664    0    0  1925     5  722  204 36  2 62  0  0 2026-08-13 18:49:56
 1  0 194560 610544   6576 1787436    0    0  1874  1582  757  219 35  1 60  2  1 2026-08-13 18:50:06
 1  0 194560 596180   6608 1805868    0    0  1840    23  721  206 36  2 62  0  0 2026-08-13 18:50:16
 1  0 194560 557876   6616 1836776    0    0  1507     5  696  193 36  2 62  0  0 2026-08-13 18:50:26
 1  0 194560 534188   6640 1855660    0    0  1889  1586  746  223 35  2 62  1  0 2026-08-13 18:50:36
 1  0 194560 519068   6648 1872688    0    0  1695     6  715  207 36  2 62  0  0 2026-08-13 18:50:46
 1  0 194560 506468   6664 1887440    1    0  1480    14  719  207 36  2 62  0  0 2026-08-13 18:50:56
 1  0 194560 493112   6672 1900412    0    0  1296     8  734  219 36  2 62  0  0 2026-08-13 18:51:06
 2  0 194560 453304   6712 1925812    0    0   936    32  751  246 36  2 62  0  0 2026-08-13 18:51:16
procs -----------memory---------- ---swap-- -----io---- -system-- ------cpu----- -----timestamp-----
 r  b   swpd   free   buff  cache   si   so    bi    bo   in   cs us sy id wa st                 UTC
 1  0 194560 442468   6720 1938108    0    0  1235     7  752  247 36  1 61  1  0 2026-08-13 18:51:26
 1  0 194560 426340   6736 1951380    0    0  1324    15  728  216 36  1 62  1  0 2026-08-13 18:51:36
 1  0 194560 418276   6744 1966360    0    0  1497  1577  740  226 36  2 60  2  0 2026-08-13 18:51:46
 1  0 194560 402652   6760 1979792    0    0  1350    16  747  230 36  2 61  1  1 2026-08-13 18:51:56
 1  0 194560 382996   6768 1998964    0    0   914     6  711  189 35  2 62  0  0 2026-08-13 18:52:06
 2  0 194560 371152   6800 2016192    0    0  1120    36  717  206 36  2 62  0  0 2026-08-13 18:52:16
 1  0 194560 355780   6808 2031224    0    0  1501   423  726  214 36  2 62  1  0 2026-08-13 18:52:26
 1  0 194560 342676   6824 2044084    0    0  1290  1170  734  219 36  1 62  1  0 2026-08-13 18:52:36
 1  0 194560 321004   6832 2059700    0    0  1557     7  723  213 36  2 62  0  0 2026-08-13 18:52:46
 1  0 194560 305884   6848 2075572    0    0  1591    16  723  208 36  1 62  0  0 2026-08-13 18:52:56
 1  0 194560 282196   6856 2103136    0    0  1156    14  696  175 36  2 62  0  0 2026-08-13 18:53:06
 1  0 194560 266320   6888 2119024    0    0  1596  1595  731  216 36  2 60  2  0 2026-08-13 18:53:16
 1  0 194560 247420   6896 2136040    0    0  1694     8  729  218 36  1 62  0  0 2026-08-13 18:53:26
 1  0 194560 234820   6912 2151840    0    0  1579    18  731  219 36  1 62  0  0 2026-08-13 18:53:36
 1  0 194560 215416   6920 2168276    0    0  1650    12  745  225 36  2 61  1  0 2026-08-13 18:53:46
 0  1 194560 189964   6928 2195172    0    0  1095    18  693  177 36  2 62  0  0 2026-08-13 18:53:56
 1  0 194560 174340   6944 2210392    0    0  1522   432  745  216 36  1 61  1  0 2026-08-13 18:54:06
 1  0 194560 165268   6976 2224692    0    0  1418  1176  750  235 36  1 60  2  1 2026-08-13 18:54:16
 1  0 194560 149140   6984 2240272    0    0  1560     5  746  231 35  1 62  0  1 2026-08-13 18:54:26
 1  0 194560 131248   6992 2256040    0    0  1579     9  729  218 37  1 61  0  0 2026-08-13 18:54:36
 1  0 194560 115876   7008 2271056    0    0  1501    22  740  220 36  1 62  1  0 2026-08-13 18:54:46
procs -----------memory---------- ---swap-- -----io---- -system-- ------cpu----- -----timestamp-----
 r  b   swpd   free   buff  cache   si   so    bi    bo   in   cs us sy id wa st                 UTC
 1  0 194560 138392   7016 2241896    0    0  1067  1584  707  189 36  2 61  1  0 2026-08-13 18:54:56
 1  0 194560 123272   7032 2256124    0    0  1414    16  744  212 36  1 62  0  1 2026-08-13 18:55:06
 1  0 194560 106892   7064 2271336    0    0  1525    26  734  214 36  1 62  0  1 2026-08-13 18:55:16
 1  0 194560 148876   7072 2230960    0    0  1526    11  737  223 36  1 61  0  1 2026-08-13 18:55:26
 1  0 194560 128716   7088 2250484    0    0  1953    18  746  225 37  1 61  1  0 2026-08-13 18:55:36
 1  0 194560 161756   7104 2219748    0    0   844    16  715  211 36  1 61  0  1 2026-08-13 18:55:46
 1  0 194560 141624   7120 2235848    0    0  1606  1604  788  270 36  1 61  1  1 2026-08-13 18:55:56
 1  0 194560 126504   7128 2250152    0    0  1427     5  803  273 36  1 61  1  1 2026-08-13 18:56:06
 1  0 194560 110628   7160 2266300    0    0  1619    28  739  223 37  1 61  1  0 2026-08-13 18:56:16
 1  0 194560 156532   7168 2227080    0    0  1555    12  732  216 36  1 62  1  0 2026-08-13 18:56:26
 1  0 194560 141160   7184 2242812    0    0  1573    20  721  208 36  1 62  1  0 2026-08-13 18:56:36
 1  0 194560 104624   7192 2270600    0    0  1194   830  699  189 36  1 61  2  0 2026-08-13 18:56:46
 1  0 194560 142324   7208 2232928    0    0  1568   758  734  221 37  1 61  1  0 2026-08-13 18:56:56
 1  0 194560 126448   7216 2248988    0    0  1606     7  737  211 37  1 61  0  0 2026-08-13 18:57:06
 1  0 194560 119684   7248 2262772    0    0  1378    29  746  231 35  1 62  1  1 2026-08-13 18:57:16
 1  0 194560 156276   7256 2223388    0    0  1608    14  746  225 36  1 62  1  1 2026-08-13 18:57:26
 1  0 194560 132084   7272 2250016    0    0  1116    17  694  185 37  1 62  0  0 2026-08-13 18:57:36
 1  0 194560 112428   7280 2266764    0    0  1633     8  729  214 37  1 62  1  0 2026-08-13 18:57:46
 1  0 194560 137412   7296 2242540    0    0  1568    22  740  217 36  1 61  2  0 2026-08-13 18:57:56
 1  1 194560 129600   7304 2258724    0    0  1622   417  733  208 36  1 62  1  0 2026-08-13 18:58:06
 1  0 194560 109692   7336 2273532    0    0  1477  1181  747  226 36  1 61  1  0 2026-08-13 18:58:16
procs -----------memory---------- ---swap-- -----io---- -system-- ------cpu----- -----timestamp-----
 r  b   swpd   free   buff  cache   si   so    bi    bo   in   cs us sy id wa st                 UTC
 1  0 194560 152944   7344 2234904    0    0  1670     8  737  222 36  1 62  0  0 2026-08-13 18:58:26
 1  0 194560 121696   7360 2262632    0    0  1189    21  700  190 37  1 62  0  0 2026-08-13 18:58:36
 1  0 194560 106828   7368 2278436    0    0  1574     8  722  212 36  1 62  1  0 2026-08-13 18:58:46
 1  0 194560 774980   7380 1596824    0    0  1183    17 1036  455 40 12 47  0  0 2026-08-13 18:58:56
 1  0 194560 757952   7388 1613632    0    0  1679  1574  847  316 35  2 60  2  0 2026-08-13 18:59:06
 1  0 194560 738800   7452 1628164    0    0  1444    33  766  253 35  1 61  2  0 2026-08-13 18:59:16
 1  0 194560 717380   7460 1649364    0    0  1178     5  796  301 36  2 62  0  0 2026-08-13 18:59:26
 1  0 194560 708672   7468 1670440    0    0  1496    22  710  197 36  2 62  0  0 2026-08-13 18:59:36
 1  0 194560 693552   7484 1686556    0    0  1604    15  726  217 36  2 62  1  1 2026-08-13 18:59:46
 1  0 194560 676920   7492 1701692    0    0  1506  1566  730  216 35  2 60  3  1 2026-08-13 18:59:56
 1  0 194560 665328   7508 1717776    0    0  1619    15  743  213 35  2 61  1  1 2026-08-13 19:00:06
 1  0 194560 653988   7532 1732036    0    0  1424    28  736  220 35  1 62  0  1 2026-08-13 19:00:16
 1  0 194560 622996   7540 1759488    0    0  1160     6  691  181 35  2 62  0  0 2026-08-13 19:00:26
 1  0 194560 617200   7556 1775332    0    0  1590    15  745  228 36  1 62  1  0 2026-08-13 19:00:36
 1  0 194560 597796   7572 1792368    0    0  1703  1579  753  234 36  1 61  1  0 2026-08-13 19:00:46
 1  0 194560 580912   7580 1809164    0    0  1673     6  750  232 36  1 62  1  0 2026-08-13 19:00:56
 1  0 194560 566044   7596 1825608    0    0  1644    14  746  218 35  2 62  0  0 2026-08-13 19:01:06
 1  0 194560 546136   7628 1841064    0    0  1556    27  738  217 36  2 61  0  1 2026-08-13 19:01:16
 1  0 194560 524716   7644 1867332    1    0  1023    11  688  181 36  2 62  0  0 2026-08-13 19:01:26
 1  0 194560 501280   7652 1886036    0    0  1865     8  736  221 36  2 62  0  0 2026-08-13 19:01:36
 1  0 194560 489436   7668 1902272    0    0  1622   434  744  227 36  2 61  1  0 2026-08-13 19:01:46
procs -----------memory---------- ---swap-- -----io---- -system-- ------cpu----- -----timestamp-----
 r  b   swpd   free   buff  cache   si   so    bi    bo   in   cs us sy id wa st                 UTC
 2  0 194560 475576   7684 1916632    0    0  1436  1163  749  224 35  2 61  2  1 2026-08-13 19:01:56
 1  0 194560 460204   7692 1928960    0    0  1240     7  750  215 35  1 61  1  2 2026-08-13 19:02:06
 1  0 194560 435256   7724 1953856    0    0  1039    30  701  189 36  2 62  0  0 2026-08-13 19:02:16
 1  0 194560 419128   7732 1972612    0    0  1724    15  720  207 35  2 62  0  0 2026-08-13 19:02:26
 1  0 194560 404512   7748 1989720    0    0  1711    15  723  209 36  2 62  0  0 2026-08-13 19:02:36
 1  0 194560 376792   7756 2008256    0    0  1846     8  721  212 36  2 62  0  0 2026-08-13 19:02:46
 1  0 194560 365452   7772 2028004    0    0  1975  1580  742  226 36  2 60  2  0 2026-08-13 19:02:56
 1  0 194560 340756   7780 2048116    0    0  2016    11  748  215 35  1 62  1  0 2026-08-13 19:03:06
 1  0 194560 315556   7820 2077980    0    0  1376    33  778  275 35  2 61  1  0 2026-08-13 19:03:16
 1  0 194560 295396   7828 2097012    0    0  1905     8  719  215 36  2 61  0  0 2026-08-13 19:03:26
 1  0 194560 269944   7844 2118396    0    0  2139    17  735  224 36  1 62  0  0 2026-08-13 19:03:36
 1  0 194560 250288   7852 2137612    0    0  1924  1576  747  229 36  2 60  2  0 2026-08-13 19:03:46
 1  0 194560 233908   7868 2157256    0    0  1960    18  715  199 36  1 62  0  0 2026-08-13 19:03:56
 1  0 194560 202664   7876 2186000    0    0  1274     5  702  181 35  1 63  0  0 2026-08-13 19:04:06
 1  0 194560 184520   7908 2206492    0    0  2051    32  738  226 36  1 62  1  0 2026-08-13 19:04:16
 1  0 194560 163352   7916 2225248    0    0  1869     5  741  234 36  1 62  1  0 2026-08-13 19:04:26
 1  0 194560 144704   7932 2247708    0    0  2244  1578  783  266 36  1 60  2  0 2026-08-13 19:04:36
 1  0 194560 125300   7940 2266648    0    0  1901     8  772  263 36  1 62  1  0 2026-08-13 19:04:46
 1  0 194560 159024   7948 2238352    0    0  1574    17  695  184 37  1 62  0  0 2026-08-13 19:04:56
 1  0 194560 138864   7972 2258700    0    0  1572    33  740  216 36  1 61  0  2 2026-08-13 19:05:06
 1  0 194560 115176   8004 2277928    0    0  1918    24  738  223 35  1 62  1  1 2026-08-13 19:05:16
procs -----------memory---------- ---swap-- -----io---- -system-- ------cpu----- -----timestamp-----
 r  b   swpd   free   buff  cache   si   so    bi    bo   in   cs us sy id wa st                 UTC
 2  0 194560 146436   8012 2252156    2    0  1874     6  723  222 37  1 62  0  0 2026-08-13 19:05:26
 1  0 194560 121992   8028 2272640    0    0  2051  1583  724  214 37  1 60  1  0 2026-08-13 19:05:36
 1  0 194560 105108   8036 2292360    0    0  1972     6  720  202 37  1 62  0  0 2026-08-13 19:05:46
 1  0 194560 115692   8056 2266668    0    0  1446    19  723  228 36  2 61  0  0 2026-08-13 19:05:56
 1  0 194560 143696   8064 2248060    0    0  2124     8  733  209 36  1 62  0  0 2026-08-13 19:06:06
 1  0 194560 125048   8104 2267260    0    0  1922    29  734  220 36  1 62  1  1 2026-08-13 19:06:16
 1  0 194560 106904   8112 2287420    0    0  2014  1594  739  227 37  1 61  1  0 2026-08-13 19:06:26
 1  0 194560 141676   8128 2249860    0    0  1815    17  749  230 37  1 61  1  0 2026-08-13 19:06:36
 1  0 194560 113960   8136 2276856    0    0  1570     6  706  191 36  1 62  1  0 2026-08-13 19:06:46
 1  0 194560 136724   8152 2253576    0    0  1941    24  717  202 37  1 62  0  0 2026-08-13 19:06:56
 1  0 194560 116340   8160 2272924    0    0  1936     7  726  204 37  1 62  0  0 2026-08-13 19:07:06
 1  1 194560 170888   8192 2240848    0    0  2241   848  738  223 37  1 61  1  0 2026-08-13 19:07:16
 1  0 194560 147452   8200 2262024    0    0  2119   763  737  219 36  1 62  1  0 2026-08-13 19:07:26
 1  0 194560 128552   8216 2280904    0    0  1889    22  721  217 37  1 62  0  0 2026-08-13 19:07:36
 1  0 194560 142760   8224 2256196    0    0  1484    10  687  180 37  1 62  0  0 2026-08-13 19:07:46
 1  0 194560 120836   8240 2278160    0    0  2194    16  730  218 36  1 62  1  0 2026-08-13 19:07:56
 1  0 194560 158196   8252 2241336    0    0  1848     7  733  217 36  1 62  0  0 2026-08-13 19:08:06
 1  0 194560 132520   8284 2263576    0    0  2224  1596  760  237 36  1 61  2  0 2026-08-13 19:08:16
 1  0 194560 112612   8292 2283192    0    0  1958     8  734  226 37  1 62  0  0 2026-08-13 19:08:26
 1  0 194560 132084   8308 2259440    0    0  1578    18  713  195 37  1 61  1  0 2026-08-13 19:08:36
 1  0 194560 111420   8316 2279660    0    0  2024    15  719  209 37  1 62  0  0 2026-08-13 19:08:46
procs -----------memory---------- ---swap-- -----io---- -system-- ------cpu----- -----timestamp-----
 r  b   swpd   free   buff  cache   si   so    bi    bo   in   cs us sy id wa st                 UTC
 2  0 194560 143096   8332 2260244    0    0  2070    18  732  218 36  1 62  1  0 2026-08-13 19:08:56
 1  0 194560 757408   8340 1616864    0    0  1351  1565 1054  473 39 12 48  1  0 2026-08-13 19:09:06
 1  0 194560 742280   8396 1639336    0    0  2242    45  732  225 36  2 62  1  0 2026-08-13 19:09:16
 1  0 194560 717336   8404 1662504    0    0  1510     5  717  217 36  1 62  0  0 2026-08-13 19:09:26
 1  0 194560 691584   8420 1688244    0    0  1812   450  738  225 37  2 61  0  0 2026-08-13 19:09:36
 1  0 194560 696740   8428 1710368    0    0  2215  1156  736  222 35  2 60  2  0 2026-08-13 19:09:46
 1  0 194560 676580   8436 1730068    0    0  1972     9  719  206 37  1 62  0  0 2026-08-13 19:09:56
 1  0 194560 656168   8452 1749752    0    0  1962    17  745  221 35  2 62  1  0 2026-08-13 19:10:06
 1  0 194560 639284   8484 1768016    0    0  1830    28  732  217 36  1 62  0  0 2026-08-13 19:10:16
 1  0 194560 597204   8500 1799380    0    0  1542    12  700  191 35  2 63  0  0 2026-08-13 19:10:26
 1  0 194560 580572   8508 1816216    0    0  1687     6  717  208 35  1 63  0  0 2026-08-13 19:10:36
 1  0 194560 564696   8524 1835540    0    0  1933    21  729  221 36  2 62  0  0 2026-08-13 19:10:46
 0  0 194560 539016   8532 1866764    0    0  2134  1968  782  223 34  2 61  2  0 2026-08-13 19:10:56
 0  0 194560 505336   8564 1908364    0    0  4148    28 1682  519 15  4 80  0  0 2026-08-13 19:11:06
 1  0 194560 461536   8620 1951680    0    0  4327    56 1718  524 17  4 79  0  1 2026-08-13 19:11:16
 0  0 194560 415284   8644 1991844    0    0  4011   589 1730  529 16  4 80  0  0 2026-08-13 19:11:26
 0  0 194560 382644   8668 2032732    0    0  4086    23 1757  531 15  4 80  0  0 2026-08-13 19:11:36
 1  0 194560 339660   8692 2075404    0    0  4272    22 1708  504 15  4 80  0  0 2026-08-13 19:11:46
 1  0 194560 299468   8716 2116244    0    0  4081    34 1667  501 15  4 80  0  0 2026-08-13 19:11:56
 0  0 194560 259608   8740 2156848    0    0  4050    23 1689  521 16  4 80  0  0 2026-08-13 19:12:06
 0  0 194560 207128   8804 2201896    0    0  4501    65 1772  547 18  4 78  0  1 2026-08-13 19:12:16
procs -----------memory---------- ---swap-- -----io---- -system-- ------cpu----- -----timestamp-----
 r  b   swpd   free   buff  cache   si   so    bi    bo   in   cs us sy id wa st                 UTC
 0  0 194560 160860   8828 2243156    0    0  4122    22 1696  510 16  4 80  0  0 2026-08-13 19:12:26
 0  0 194560 133472   8852 2283888    1    0  4072    37 1724  532 16  3 81  0  0 2026-08-13 19:12:36
 1  0 194304 146764   8876 2273104    2    0  4171    21 1651  506 15  3 81  0  0 2026-08-13 19:12:46
 1  0 194304 788636   8892 1621740    3    0  3898    16 1696  650 45  2 52  0  0 2026-08-13 19:12:56
 1  0 194304 748252   8908 1662324    0    0  4062    35 1417  353 49  1 49  1  0 2026-08-13 19:13:06
 1  0 194304 701128   8948 1711384    0    0  3322    38 1405  358 49  1 49  1  0 2026-08-13 19:13:16
 1  0 194304 653752   8956 1753452    0    0  4203   420 1628  596 49  2 48  1  0 2026-08-13 19:13:26
 2  0 194304 613684   8972 1792148    0    0  3879  1187 1407  356 50  1 48  1  0 2026-08-13 19:13:36
 1  0 194304 557488   8980 1845324    0    0  3738     8 1366  315 50  1 49  0  0 2026-08-13 19:13:46
 1  0 194304 517168   8996 1886328    0    0  4103    17 1393  344 50  1 49  0  0 2026-08-13 19:13:56
 1  0 194304 485920   9004 1918512    0    0  3214    12 1154  307 44  1 54  1  0 2026-08-13 19:14:06
 1  0 194304 453664   9040 1949440    0    0  1532  1972  699  201 33  1 64  2  0 2026-08-13 19:14:16
 1  0 194304 437536   9048 1968748    0    0  1930     4  747  242 34  1 65  0  0 2026-08-13 19:14:26
 1  0 194304 413344   9064 1989164    0    0  2041    28  722  219 33  1 65  0  0 2026-08-13 19:14:36
 1  0 194304 396968   9072 2010492    0    0  2130  1199  728  218 33  1 64  1  0 2026-08-13 19:14:46
 1  0 194304 373784   9088 2030892    0    0  2046    31  722  215 34  1 65  0  0 2026-08-13 19:14:56
 2  0 194304 334120   9096 2059152    0    0  1223     4  692  173 34  1 65  0  0 2026-08-13 19:15:06
 1  0 194304 309172   9128 2078272    0    0  1910    35  728  220 34  1 65  1  0 2026-08-13 19:15:16
 1  0 194304 292288   9136 2096180    1    0  1794     5  727  212 33  1 65  0  0 2026-08-13 19:15:26
 1  0 193280 268852   9144 2117656  134    0  2292     9  738  225 33  1 65  1  0 2026-08-13 19:15:36
 1  0 193280 248692   9160 2136332    0    0  1866  1577  727  216 33  1 63  2  0 2026-08-13 19:15:46
procs -----------memory---------- ---swap-- -----io---- -system-- ------cpu----- -----timestamp-----
 r  b   swpd   free   buff  cache   si   so    bi    bo   in   cs us sy id wa st                 UTC
 1  0 183552 221224   9168 2154928  956    0  2811    15  865  310 32  1 63  3  1 2026-08-13 19:15:56
 1  0 183552 181156   9184 2183520    0    0  1246    15  693  179 33  1 64  1  0 2026-08-13 19:16:06
 1  0 181504 160492   9208 2202316  204    0  2089    22  743  235 34  1 65  1  0 2026-08-13 19:16:16
 1  0 181504 136552   9216 2222844    3    0  2053    11  719  209 33  1 65  0  0 2026-08-13 19:16:26
 1  0 181504 117904   9232 2243656    2    0  2082  1590  725  210 33  1 64  2  0 2026-08-13 19:16:36
 1  0 181504 147436   9240 2207812    0    0  1968     7  734  245 34  1 64  1  0 2026-08-13 19:16:46
 1  0 181504 116468   9256 2239004    0    0  1528    38  678  177 34  1 65  0  0 2026-08-13 19:16:56
 1  0 181248 135976   9264 2220028    8    0  2092    14  760  235 33  1 64  1  0 2026-08-13 19:17:06
 1  0 181248 115816   9296 2239172    0    0  1922    41  732  218 34  1 64  1  0 2026-08-13 19:17:16
 1  0 181248 160500   9312 2202148    3    0  1862  1575  747  239 34  1 62  3  0 2026-08-13 19:17:26
 1  0 181248 137824   9320 2222892    0    0  2077    25  721  214 34  1 65  0  0 2026-08-13 19:17:36
 1  0 181248 157632   9336 2203436    0    0  1350    26  690  187 33  1 65  0  0 2026-08-13 19:17:46
 1  0 181248 140932   9352 2224224    0    0  2067    18  714  212 34  1 65  0  0 2026-08-13 19:17:56
 1  0 181248 118504   9360 2245204    0    0  2106  1574  742  218 33  1 64  2  0 2026-08-13 19:18:06
 2  0 181248 105196   9396 2264012    0    0  1874    32  718  211 34  1 65  0  0 2026-08-13 19:18:17
 2  0 181248 133940   9404 2228800    0    0  2068    20  725  217 34  1 65  0  0 2026-08-13 19:18:27
 3  0 181248 113676   9420 2247932    0    0  1918    27  717  213 34  1 64  0  0 2026-08-13 19:18:37
 3  0 181248 146124   9428 2233340    0    0  1697     8  701  196 33  1 65  0  0 2026-08-13 19:18:47
 4  0 181248 123948   9444 2253408    0    0  2006  1579  726  216 33  1 63  2  0 2026-08-13 19:18:57
 7  0 181248 109300   9452 2272184    0    0  1883     7  733  213 34  1 65  0  0 2026-08-13 19:19:07
 1  0 181248 743012   9508 1624708    0    0  1194    32 1030  472 39 11 50  0  0 2026-08-13 19:19:17
procs -----------memory---------- ---swap-- -----io---- -system-- ------cpu----- -----timestamp-----
 r  b   swpd   free   buff  cache   si   so    bi    bo   in   cs us sy id wa st                 UTC
 1  0 181248 719100   9516 1644208    0    0  1952     4  806  297 33  2 64  1  0 2026-08-13 19:19:27
 1  0 181248 679284   9532 1673096    0    0  1300    26  684  181 33  1 65  0  0 2026-08-13 19:19:37
 1  0 181248 673180   9540 1693572    0    0  2045     7  722  218 34  1 65  0  0 2026-08-13 19:19:47
 1  0 181248 653272   9556 1713344    8    0  1982    14  721  213 33  2 65  0  0 2026-08-13 19:19:57
 1  0 181248 639976   9564 1731940    0    0  1862    26  743  225 34  2 64  0  0 2026-08-13 19:20:07
 1  0 181248 626952   9600 1752292    0    0  2032  1604  743  230 33  2 62  3  0 2026-08-13 19:20:17
 1  0 181248 602760   9608 1773764    0    0  2148     5  732  216 33  1 65  1  0 2026-08-13 19:20:27
 1  0 179968 569284   9624 1800312    0    0  1053    25  695  188 33  2 65  0  0 2026-08-13 19:20:37
 1  0 179968 552932   9640 1819936    0    0  1969  1568  728  213 33  2 63  3  0 2026-08-13 19:20:47
 1  0 179968 539104   9648 1838552    0    0  1861    10  733  221 34  2 64  0  0 2026-08-13 19:20:57
 1  0 179968 521872   9664 1858328    0    0  1976    30  735  217 33  1 65  0  1 2026-08-13 19:21:07
 1  0 179968 505492   9696 1875320    0    0  1707    36  739  214 33  1 63  1  2 2026-08-13 19:21:17
 1  0 179968 482560   9704 1898184    0    0  1381   418  701  198 33  1 64  0  0 2026-08-13 19:21:27
 1  0 179968 459628   9724 1920372    0    0  1525  1177  712  202 33  1 63  2  0 2026-08-13 19:21:37
 1  0 179968 440504   9740 1941256    0    0  2080    12  731  225 33  1 64  1  0 2026-08-13 19:21:47
 1  0 179968 420344   9748 1960184    0    0  1896     6  718  214 33  1 65  0  0 2026-08-13 19:21:57
 1  0 179968 398672   9764 1981328    0    0  2114    19  728  206 33  1 65  0  0 2026-08-13 19:22:07
 1  0 179968 375488   9788 2002224    0    0  2089    24  713  208 33  1 65  0  0 2026-08-13 19:22:17
 1  0 179968 348776   9808 2031320    0    0  1311   429  701  196 33  2 65  1  0 2026-08-13 19:22:27
 1  0 179968 329876   9820 2051296    0    0  2004  1158  728  218 33  1 63  2  0 2026-08-13 19:22:37
 1  0 179968 309212   9836 2070100    0    0  1882    16  722  214 33  1 64  1  0 2026-08-13 19:22:47
procs -----------memory---------- ---swap-- -----io---- -system-- ------cpu----- -----timestamp-----
 r  b   swpd   free   buff  cache   si   so    bi    bo   in   cs us sy id wa st                 UTC
 1  0 179968 292076   9844 2088284    0    0  1811    12  717  210 33  1 65  0  0 2026-08-13 19:22:57
 1  0 179968 271664   9860 2105348    0    0  1712    16  754  224 33  1 63  2  1 2026-08-13 19:23:07
 1  0 179968 240164   9884 2134616    0    0  1426    24  683  176 33  2 65  0  0 2026-08-13 19:23:17
 1  0 179968 225296   9892 2153868    0    0  1823     9  732  225 33  1 65  0  0 2026-08-13 19:23:27
 1  0 179968 206648   9908 2172976    0    0  1908    23  759  240 33  1 64  2  0 2026-08-13 19:23:37
 1  0 179968 187496   9916 2189380    0    0  1648     8  727  219 34  1 64  1  1 2026-08-13 19:23:47
 1  0 179968 171872   9936 2207172    0    0  1772  1577  737  218 34  1 61  3  1 2026-08-13 19:23:57
 1  0 179968 152972   9944 2224284    0    0  1710     6  744  218 33  1 64  1  1 2026-08-13 19:24:07
 1  0 179968 112904   9992 2251716    0    0  1138    36  704  198 33  1 64  1  1 2026-08-13 19:24:17
 1  0 179968 163888  10004 2213936    0    0  1812  1574  766  248 34  1 61  3  1 2026-08-13 19:24:27
 1  0 179968 146248  10020 2232672    0    0  1872    22  723  213 33  1 65  0  0 2026-08-13 19:24:37
 1  0 179968 125080  10028 2251204    0    0  1856    10  725  218 34  1 63  1  0 2026-08-13 19:24:47
 1  0 179968 162628  10044 2213704    0    0  1794    18  736  221 33  1 65  1  0 2026-08-13 19:24:57
 1  0 179968 146240  10052 2228748    0    0  1516     4  743  208 33  1 64  0  2 2026-08-13 19:25:07
 1  0 179968 115412  10084 2256068    0    0  1122    31  714  203 33  1 64  1  1 2026-08-13 19:25:17
 1  0 179968 139728  10092 2235624    0    0  1942     6  725  220 33  1 65  1  0 2026-08-13 19:25:27
 2  0 179968 116544  10108 2255716    0    0  2008    22  740  225 34  1 64  1  0 2026-08-13 19:25:37
 1  0 179968 159184  10116 2217476    0    0  1739  1588  753  236 33  1 62  2  1 2026-08-13 19:25:47
 1  0 179968 141544  10136 2237680    0    0  2011    18  742  226 35  1 63  1  0 2026-08-13 19:25:57
 1  0 179968 119368  10144 2255568    0    0  1789     9  755  221 33  1 64  1  1 2026-08-13 19:26:07
 1  0 179968 159352  10184 2227432    0    0  1076  1592  692  180 33  1 62  3  1 2026-08-13 19:26:17
procs -----------memory---------- ---swap-- -----io---- -system-- ------cpu----- -----timestamp-----
 r  b   swpd   free   buff  cache   si   so    bi    bo   in   cs us sy id wa st                 UTC
 1  0 179968 139948  10196 2245200    0    0  1772     9  721  205 33  1 65  0  1 2026-08-13 19:26:27
 1  0 179968 121300  10212 2263092    0    0  1796    15  730  211 33  1 64  0  2 2026-08-13 19:26:37
 1  0 179968 157836  10220 2226092    0    0  1866    13  714  210 33  1 65  0  1 2026-08-13 19:26:47
 4  0 179968 138432  10236 2244840    0    0  1876    20  725  220 33  1 65  0  0 2026-08-13 19:26:57
 1  0 179968 155316  10244 2215440    0    0  1506     6  707  191 33  1 65  0  0 2026-08-13 19:27:07
 1  0 179968 124620  10276 2242940    0    0  1800    30  727  214 33  1 64  1  0 2026-08-13 19:27:17
 1  0 179968 110892  10284 2259920    0    0  1702     7  737  223 34  1 64  1  0 2026-08-13 19:27:27
 1  0 179968 153640  10300 2233152    0    0  1948    24  745  253 34  1 64  0  0 2026-08-13 19:27:37
 1  0 179968 128944  10312 2254508    0    0  2139  1573  741  223 34  1 63  2  0 2026-08-13 19:27:47
 1  0 179968 113196  10328 2273836    0    0  1928    17  717  209 33  1 65  0  0 2026-08-13 19:27:57
 1  0 179968 133216  10336 2247252    0    0  1344    32  714  193 33  1 64  2  0 2026-08-13 19:28:07
 1  0 179968 113560  10376 2267660    0    0  2034    32  724  212 34  1 65  0  0 2026-08-13 19:28:17
 1  0 179968 137604  10384 2247264    0    0  1979  1576  748  232 34  1 62  2  0 2026-08-13 19:28:27
 1  0 179968 116436  10404 2266876    0    0  1962    19  723  219 33  1 65  0  0 2026-08-13 19:28:37
 1  0 179968 146732  10412 2231484    0    0  2034     8  715  209 34  1 65  0  0 2026-08-13 19:28:47
 1  0 179968 115736  10428 2259388    0    0  1201    23  683  177 33  1 65  0  0 2026-08-13 19:28:57
 1  0 179968 135648  10436 2239056    0    0  1981     3  721  201 34  1 65  0  0 2026-08-13 19:29:07
 2  0 179968 114480  10492 2259844    0    0  2070    35  720  218 33  1 64  1  0 2026-08-13 19:29:17
 1  0 179968 703180  10500 1659840    0    0  1318  1565 1050  493 37 11 51  2  0 2026-08-13 19:29:27
 1  0 179968 683776  10520 1680192    0    0  2042    27  772  269 33  1 65  0  0 2026-08-13 19:29:37
 1  0 179968 659836  10528 1701816    0    0  2160     5  717  217 33  1 65  0  0 2026-08-13 19:29:47
procs -----------memory---------- ---swap-- -----io---- -system-- ------cpu----- -----timestamp-----
 r  b   swpd   free   buff  cache   si   so    bi    bo   in   cs us sy id wa st                 UTC
 1  0 179968 638192  10544 1730660    0    0  1328  1573  699  187 33  2 63  2  0 2026-08-13 19:29:57
 1  0 179968 618284  10556 1748756    0    0  1809    12  750  217 32  1 64  0  1 2026-08-13 19:30:07
 2  0 179968 606692  10588 1764880    0    0  1610    29  796  298 33  2 65  0  0 2026-08-13 19:30:17
 1  0 179968 591572  10596 1785056    0    0  2012     5  717  214 33  1 64  1  0 2026-08-13 19:30:27
 2  0 179968 575696  10612 1804084    0    0  1908    28  736  227 33  1 65  1  0 2026-08-13 19:30:37
 1  0 179968 542432  10620 1833940    0    0  1390     8  684  179 32  2 65  0  0 2026-08-13 19:30:47
 1  0 179968 525296  10644 1853692    0    0  1974  1580  726  210 33  2 63  2  0 2026-08-13 19:30:57
 2  0 179968 497324  10652 1874164    0    0  2046     5  742  214 33  1 65  1  0 2026-08-13 19:31:07
 1  0 179968 481196  10700 1892044    0    0  1784    32  720  213 34  1 64  0  0 2026-08-13 19:31:17
 1  0 179968 458264  10708 1910648    0    0  1861    14  723  212 33  1 65  1  0 2026-08-13 19:31:27
 1  0 179968 442136  10724 1931436    0    0  2080    15  710  206 33  1 65  0  0 2026-08-13 19:31:37
 5  0 179968 412400  10732 1959640    0    0  1225     6  670  174 33  2 64  0  1 2026-08-13 19:31:47
 1  0 179968 401312  10748 1977384    0    0  1776    23  745  231 33  1 64  1  1 2026-08-13 19:31:57
 1  0 179968 382412  10756 1995560    0    0  1811   826  731  207 33  1 64  2  1 2026-08-13 19:32:07
 1  0 179968 369056  10796 2008440    0    0  1296   774  722  211 33  1 64  1  0 2026-08-13 19:32:17
 1  0 179968 354440  10804 2021752    0    0  1325     7  712  217 33  1 65  0  0 2026-08-13 19:32:27
 1  0 179968 328232  10820 2048128    0    0  1034    16  680  178 33  1 65  0  0 2026-08-13 19:32:37
 1  0 179968 317144  10828 2059776    0    0  1171  1578  717  213 33  1 63  2  0 2026-08-13 19:32:47
 1  0 179968 307232  10848 2075020    0    0  1518    19  744  232 34  2 64  0  0 2026-08-13 19:32:57
 1  0 179968 298188  10864 2087256    0    0  1223    13  804  296 33  1 65  0  0 2026-08-13 19:33:07
 1  0 179968 283572  10888 2102304    0    0  1508    23  738  221 33  1 65  1  0 2026-08-13 19:33:17
procs -----------memory---------- ---swap-- -----io---- -system-- ------cpu----- -----timestamp-----
 r  b   swpd   free   buff  cache   si   so    bi    bo   in   cs us sy id wa st                 UTC
 1  0 179968 252576  10896 2118164    0    0  1103    27  709  202 33  1 65  0  0 2026-08-13 19:33:27
 2  0 179968 236700  10912 2138872    0    0   962    18  698  200 33  1 65  0  0 2026-08-13 19:33:37
 1  0 179968 219312  10920 2155124    0    0  1625     8  721  219 33  1 65  0  0 2026-08-13 19:33:47
 1  0 179968 211500  10936 2167276    0    0  1206    19  727  214 33  1 65  0  0 2026-08-13 19:33:57
 1  0 179968 196380  10948 2182532    0    0  1531  1566  738  212 34  1 63  2  0 2026-08-13 19:34:07
 1  0 179968 180756  10980 2198720    0    0  1610    23  742  233 34  1 65  1  0 2026-08-13 19:34:17
 1  0 179968 153544  10996 2226688    0    0  1202    14  712  206 33  1 65  0  0 2026-08-13 19:34:27
 1  0 179968 133636  11008 2242984    0    0  1632  1571  737  223 33  1 64  2  0 2026-08-13 19:34:37
 1  0 179968 117256  11024 2258880    0    0  1585    14  737  225 33  1 65  0  0 2026-08-13 19:34:47
 1  0 179968 162604  11032 2218584    0    0  1529    10  745  221 34  1 64  0  0 2026-08-13 19:34:57
 1  0 179968 146224  11048 2234416    0    0  1578    17  754  224 34  1 64  1  0 2026-08-13 19:35:07
 1  0 179968 109184  11080 2260608    0    0  1050    23  692  188 33  1 65  0  0 2026-08-13 19:35:17
 1  0 179968 135720  11088 2237312    0    0  1659    20  743  224 34  1 64  1  0 2026-08-13 19:35:27
 1  0 179968 116316  11104 2252888    0    0  1554    14  744  241 34  1 65  1  0 2026-08-13 19:35:37
 1  0 179968 151236  11112 2214240    0    0  1706  1570  734  218 34  1 63  2  0 2026-08-13 19:35:47
 1  0 179968 137748  11132 2231964    0    0  1767    16  734  217 33  1 65  0  0 2026-08-13 19:35:57
 1  0 179968 112776  11140 2253772    0    0  1230     5  710  190 33  1 65  0  0 2026-08-13 19:36:07
 1  0 179968 152784  11180 2233280    0    0  1456  1610  734  221 33  1 64  1  0 2026-08-13 19:36:17
 1  0 179968 132624  11188 2249664    0    0  1636     6  730  218 33  1 65  0  0 2026-08-13 19:36:27
 1  0 179968 116496  11204 2266472    0    0  1679    14  719  211 33  1 65  0  0 2026-08-13 19:36:37
 3  0 179968 146744  11212 2228592    0    0  1792    11  729  213 33  1 65  0  0 2026-08-13 19:36:47
procs -----------memory---------- ---swap-- -----io---- -system-- ------cpu----- -----timestamp-----
 r  b   swpd   free   buff  cache   si   so    bi    bo   in   cs us sy id wa st                 UTC
 1  0 179968 131372  11228 2243728    0    0  1520    14  719  207 33  1 64  1  0 2026-08-13 19:36:57
 1  0 179968 111464  11236 2271352    0    0  1200     7  773  260 33  1 65  0  0 2026-08-13 19:37:07
 1  0 179968 134960  11268 2246816    0    0  1557    28  720  215 33  1 65  1  0 2026-08-13 19:37:17
 1  0 179968 117824  11276 2261728    0    0  1493  1579  726  213 34  1 62  3  1 2026-08-13 19:37:27
 1  0 179968 162364  11292 2220980    0    0  1478    17  738  230 33  1 64  1  0 2026-08-13 19:37:37
 1  0 179968 145576  11300 2237200    0    0  1623     7  742  246 34  1 64  0  0 2026-08-13 19:37:47
 1  0 179968 116708  11324 2265948    0    0  1313    62  703  195 34  1 65  0  0 2026-08-13 19:37:57
 1  0 179968 137464  11332 2241364    0    0  1560   419  741  220 33  1 65  0  0 2026-08-13 19:38:07
 1  0 179968 114280  11364 2258280    0    0  1698  1182  733  220 34  1 63  2  0 2026-08-13 19:38:17
 1  0 179968 162512  11372 2219404    0    0  1664     8  731  225 33  1 65  1  0 2026-08-13 19:38:27
 1  0 179968 144368  11388 2237072    0    0  1770    17  741  235 33  1 65  1  0 2026-08-13 19:38:37
 1  0 179968 114380  11396 2264216    0    0  1148    11  675  175 33  1 65  0  0 2026-08-13 19:38:47
 1  0 179968 141660  11412 2240228    0    0  1629    20  719  212 33  1 65  0  0 2026-08-13 19:38:57
 1  0 179968 124524  11420 2256276    0    0  1597     6  739  216 34  1 65  0  0 2026-08-13 19:39:07
 1  0 179968 108900  11476 2272632    0    0  1631  1590  738  226 33  1 64  2  0 2026-08-13 19:39:17
 1  0 179968 147976  11484 2232472    0    0  1539    13  762  253 33  1 65  0  0 2026-08-13 19:39:27
 1  0 179968 695544  11500 1634820    0    0  1108    20 1045  471 39 12 48  0  0 2026-08-13 19:39:37
 1  0 179968 671604  11516 1661788    0    0  1128    11  740  238 33  1 65  0  0 2026-08-13 19:39:47
 1  0 179968 656232  11524 1677084    0    0  1529     7  794  288 33  1 65  0  0 2026-08-13 19:39:57
 0  1 179968 642120  11540 1691060    0    0  1398  1577  737  215 33  1 63  2  0 2026-08-13 19:40:07
 1  0 179968 652004  11564 1706072    0    0  1510    22  743  228 33  1 64  1  1 2026-08-13 19:40:17
procs -----------memory---------- ---swap-- -----io---- -system-- ------cpu----- -----timestamp-----
 r  b   swpd   free   buff  cache   si   so    bi    bo   in   cs us sy id wa st                 UTC
 1  0 179968 651508  11572 1721120    0    0  1499     6  745  234 33  1 65  1  0 2026-08-13 19:40:27
 1  0 179968 641816  11588 1746552    0    0   986    19  689  187 33  1 65  0  0 2026-08-13 19:40:37
 0  1 179968 626696  11604 1762608    0    0  1600  1584  731  217 33  1 63  2  1 2026-08-13 19:40:47
 1  0 179968 611828  11612 1778064    1    0  1553     7  733  223 33  1 65  0  0 2026-08-13 19:40:57
 1  0 179968 592428  11628 1793580    0    0  1543    26  747  222 33  1 65  0  0 2026-08-13 19:41:07
 1  0 179968 581612  11660 1809024    0    0  1546    28  745  234 33  1 64  1  0 2026-08-13 19:41:17
 1  0 179968 561704  11668 1826104    0    0  1709     6  738  222 33  1 65  1  0 2026-08-13 19:41:27
 1  0 179968 538772  11684 1851916    0    0  1028    15  698  193 32  2 65  1  0 2026-08-13 19:41:37
 1  0 179968 523148  11692 1866912    0    0  1491    25  731  220 33  1 64  0  1 2026-08-13 19:41:47
 1  0 179968 503996  11708 1881740    0    0  1488    21  732  215 34  2 64  0  1 2026-08-13 19:41:57
 1  0 179968 489128  11716 1896880    0    0  1514  1566  767  227 33  1 63  2  1 2026-08-13 19:42:07
 1  0 179968 479048  11748 1910864    0    0  1394    28  741  217 33  1 64  1  1 2026-08-13 19:42:17
 1  0 179968 460904  11756 1928860    0    0  1801    10  715  204 33  1 65  0  0 2026-08-13 19:42:27
 1  0 179968 425880  11772 1955704    0    0  1099    16  680  180 32  2 65  0  0 2026-08-13 19:42:37
 1  0 179968 403200  11780 1972680    0    0  1690     8  707  200 33  1 65  0  0 2026-08-13 19:42:47
 1  0 179968 394128  11796 1986804    0    0  1410    16  731  216 34  1 64  1  1 2026-08-13 19:42:57
 1  0 179968 375984  11804 2002728    0    0  1601  1571  743  225 33  1 63  2  0 2026-08-13 19:43:07
 1  0 179968 367164  11844 2016684    0    0  1390    32  721  220 33  1 65  1  0 2026-08-13 19:43:17
 1  0 179968 323576  11852 2041588    0    0   965     8  687  174 33  2 64  0  1 2026-08-13 19:43:27
 1  0 179968 308456  11868 2059724    0    0  1734    19  724  216 33  1 65  0  0 2026-08-13 19:43:37
 1  0 179968 290564  11876 2077332    0    0  1764     8  726  216 33  1 65  0  0 2026-08-13 19:43:47
procs -----------memory---------- ---swap-- -----io---- -system-- ------cpu----- -----timestamp-----
 r  b   swpd   free   buff  cache   si   so    bi    bo   in   cs us sy id wa st                 UTC
 2  0 179968 273428  11892 2095628    0    0  1832    18  716  209 33  1 65  0  0 2026-08-13 19:43:57
 1  0 179968 255536  11900 2116940    0    0  2126  1574  753  227 33  2 62  3  0 2026-08-13 19:44:07
 1  0 179968 231344  11932 2135824    0    0  1895    24  723  217 33  1 65  1  0 2026-08-13 19:44:17
 1  0 179968 204324  11940 2166056    0    0  1409     4  726  227 33  2 65  0  0 2026-08-13 19:44:27
 1  0 179968 187972  11956 2185324    0    0  1921    20  769  278 34  1 64  0  0 2026-08-13 19:44:37
 1  0 179968 164284  11964 2206532    0    0  2126     8  716  208 34  1 65  0  0 2026-08-13 19:44:47
 1  0 179968 148156  11980 2226064    0    0  1957  1576  739  220 33  1 63  2  0 2026-08-13 19:44:57
 1  0 179968 129256  11988 2243240    0    0  1717     4  723  201 34  1 64  0  1 2026-08-13 19:45:07
 1  0 179968 156112  12020 2214472    0    0  1076    28  691  178 33  1 65  1  1 2026-08-13 19:45:17
 1  0 179968 130156  12028 2233180    0    0  1865    13  729  214 33  1 64  0  1 2026-08-13 19:45:27
 1  0 179968 114028  12044 2250472    0    0  1732    15  736  230 33  1 65  0  1 2026-08-13 19:45:37
 1  0 179968 155624  12052 2215076    0    0  1996  1564  735  216 33  1 63  2  0 2026-08-13 19:45:47
 1  0 179968 132692  12068 2234924    0    0  1989    19  729  216 34  1 65  1  0 2026-08-13 19:45:57
 1  0 179968 109760  12076 2255284    0    0  2032    14  737  219 33  1 65  1  0 2026-08-13 19:46:07
 1  0 179968 139520  12116 2229688    0    0  1406    32  685  184 34  1 65  0  0 2026-08-13 19:46:17
 1  0 179968 108524  12124 2250572    0    0  2088     7  735  227 33  1 65  0  0 2026-08-13 19:46:27
 1  0 179968 124380  12140 2233608    0    0  2292    22  724  219 33  1 65  0  0 2026-08-13 19:46:37
 1  0 179968 109260  12148 2253480    0    0  1989  1569  711  203 34  1 64  2  0 2026-08-13 19:46:47
 1  0 179968 146776  12164 2217860    0    0  1962    17  712  200 34  1 65  0  0 2026-08-13 19:46:57
 1  0 179968 108224  12172 2247604    0    0  1409     6  682  170 33  1 65  0  0 2026-08-13 19:47:07
 1  0 179968 144456  12212 2226880    0    0  1914    37  721  212 34  1 64  0  1 2026-08-13 19:47:17
procs -----------memory---------- ---swap-- -----io---- -system-- ------cpu----- -----timestamp-----
 r  b   swpd   free   buff  cache   si   so    bi    bo   in   cs us sy id wa st                 UTC
 2  0 179968 124800  12220 2245436    0    0  1856     7  743  224 33  1 64  1  1 2026-08-13 19:47:27
 1  0 179968 114764  12236 2260508    0    0  1511  1579  733  224 33  1 63  2  1 2026-08-13 19:47:37
 1  0 179968 147160  12244 2221900    0    0  1688     7  736  220 33  1 64  1  1 2026-08-13 19:47:47
 0  1 179968 128712  12260 2237092    0    0  1526    19  737  215 33  1 63  1  2 2026-08-13 19:47:57
 1  0 179968 121176  12276 2254960    0    0  1064    14  759  229 33  1 63  0  3 2026-08-13 19:48:07
 1  0 179968 137600  12308 2237704    0    0  1410    55  715  192 33  1 64  0  2 2026-08-13 19:48:17
 1  0 179968 114920  12316 2256520    0    0  1878  1590  712  201 33  1 62  3  0 2026-08-13 19:48:27
 2  0 179968 155500  12332 2222224    0    0  2135    18  723  224 33  1 65  0  0 2026-08-13 19:48:37
 1  0 179968 132316  12340 2240536    0    0  1825     8  709  203 33  1 65  0  0 2026-08-13 19:48:47
 1  0 179968 112408  12356 2262256    0    0  2174    24  739  220 33  1 64  2  0 2026-08-13 19:48:57
 1  0 179968 132748  12364 2237400    0    0  1502     6  690  178 33  1 65  0  0 2026-08-13 19:49:07
 1  0 179968 115108  12420 2256944    2    0  1948    32  727  222 33  1 65  0  0 2026-08-13 19:49:17
 1  0 179968 137280  12428 2235844    0    0  1912     5  772  264 34  1 64  0  0 2026-08-13 19:49:27
 1  0 179968 118128  12444 2256704    0    0  2081  1592  739  234 33  1 63  2  0 2026-08-13 19:49:37
 1  0 179968 700700  12452 1658884    0    0  1631     6 1030  446 38 11 48  2  0 2026-08-13 19:49:47
 1  0 179968 682388  12468 1679216    0    0  2033    13  720  210 33  1 65  0  1 2026-08-13 19:49:57
 1  0 179968 653412  12476 1708844    0    0  1397     7  711  183 32  2 65  1  1 2026-08-13 19:50:07
 1  0 179968 636304  12516 1726596    0    0  1776    35  710  207 33  1 64  1  0 2026-08-13 19:50:17
 1  0 179968 619704  12524 1746684    0    0  2008     5  732  219 33  1 64  1  0 2026-08-13 19:50:27
 1  0 179968 611388  12540 1765344    0    0  1863  1588  738  225 33  1 63  2  0 2026-08-13 19:50:37
 1  0 179968 588204  12548 1785612    0    0  2025     7  710  202 33  1 65  0  0 2026-08-13 19:50:47
procs -----------memory---------- ---swap-- -----io---- -system-- ------cpu----- -----timestamp-----
 r  b   swpd   free   buff  cache   si   so    bi    bo   in   cs us sy id wa st                 UTC
 1  0 179968 557716  12564 1814008    0    0  1392    14  678  178 33  2 64  1  0 2026-08-13 19:50:57
 1  0 179968 547384  12572 1834896    0    0  1938     8  724  205 33  1 65  0  0 2026-08-13 19:51:07
 1  0 179968 522184  12612 1855484    0    0  2068    32  739  224 33  2 64  1  0 2026-08-13 19:51:17
 1  0 179968 499252  12620 1874216    0    0  1870  1566  715  203 33  1 64  2  0 2026-08-13 19:51:27
 1  0 179968 483628  12636 1894396    0    0  2018    16  731  227 33  1 65  0  0 2026-08-13 19:51:37
 1  0 179968 467500  12644 1912968    0    0  1848    14  723  212 33  1 65  0  0 2026-08-13 19:51:47
 1  0 179968 435244  12660 1944588    0    0  1568    16  683  177 33  2 65  0  0 2026-08-13 19:51:57
 1  0 179968 418640  12668 1960580    0    0  1597    22  739  224 34  1 64  0  1 2026-08-13 19:52:07
 1  0 179968 395204  12700 1980148    0    0  1952    36  711  208 33  1 64  0  0 2026-08-13 19:52:17
 1  0 179968 362952  12708 2001500    1    0  1287  1570  701  190 33  1 63  2  1 2026-08-13 19:52:27
 0  0 179968 345048  12740 2048360    0    0  4539    28 1580  513 15  4 80  0  0 2026-08-13 19:52:37
 0  0 179968 305888  12764 2088192    0    0  3981    21 1662  517 16  4 80  0  0 2026-08-13 19:52:47
 0  0 179968 264084  12780 2129272    0    0  4108    27 1687  511 15  4 80  0  0 2026-08-13 19:52:57
 1  0 179968 223172  12812 2171632    1    0  4238   990 1690  525 16  4 80  0  0 2026-08-13 19:53:07
 2  0 179968 175784  12876 2215416    0    0  4366    50 1740  540 17  4 79  0  1 2026-08-13 19:53:17
 0  0 179968 144152  12892 2250568    3    0  3510    31 1582  463 16  3 75  0  6 2026-08-13 19:53:27
 1  0 179968 159348  12916 2238176    0    0  4134    31 1662  527 16  4 80  0  1 2026-08-13 19:53:37
 0  0 179968 161556  12940 2236672    0    0  4326    23 1658  517 16  4 79  0  1 2026-08-13 19:53:47
 0  0 179968 118964  12964 2279384    1    0  4263    32 1634  519 16  4 80  0  0 2026-08-13 19:53:57
 0  0 179968 165680  12988 2232764    1    0  4572    34 1715  533 15  3 81  0  0 2026-08-13 19:54:07
 0  0 179968 159368  13036 2238868    0    0  5395    43 1807  567 16  4 79  1  0 2026-08-13 19:54:17
1 2026-08-13 18:32:08
procs -----------memory---------- ---swap-- -----io---- -system-- ------cpu----- -----timestamp-----
 r  b   swpd   free   buff  cache   si   so    bi    bo   in   cs us sy id wa st                 UTC
 1  0 194560 640436   4876 1767696    0    0  4195    40 1636  609 49  1 48  1  0 2026-08-13 18:32:18
 1  0 194560 593060   4884 1814012    0    0  3056     7 1356  310 50  1 49  0  0 2026-08-13 18:32:28
 1  0 194560 559796   4900 1849136    0    0  3515  3174 1510  456 50  1 47  1  0 2026-08-13 18:32:38
 1  0 194560 518720   4908 1889680    0    0  4052     7 1410  356 49  1 49  1  0 2026-08-13 18:32:48
 1  0 194560 462524   4916 1938688    0    0  3321    11 1365  318 49  1 49  1  1 2026-08-13 18:32:58
 5  0 194560 438584   4924 1958580    0    0  1989    14  753  211 37  1 61  0  1 2026-08-13 18:33:08
 1  0 194560 420944   4948 1980416    0    0  2182    31  770  261 36  1 62  0  0 2026-08-13 18:33:18
 1  0 194560 399272   4956 2000260    0    0  1982  1569  779  283 37  1 59  2  0 2026-08-13 18:33:28
 1  1 194560 379896   4980 2020952    0    0  2069    20  737  220 36  1 62  1  0 2026-08-13 18:33:38
 1  0 194560 355932   4988 2049288    0    0  1230    19  699  185 36  1 62  0  0 2026-08-13 18:33:48
 1  0 194560 332748   5004 2070392    0    0  2118    13  735  216 36  1 62  1  0 2026-08-13 18:33:58
 1  0 194560 317124   5012 2088248    0    0  1779     6  716  199 37  1 62  0  0 2026-08-13 18:34:08
 1  0 194560 294700   5056 2108352    0    0  2005  1598  788  279 37  1 59  2  0 2026-08-13 18:34:18
 1  0 194560 270256   5064 2129468    0    0  2114    18  744  232 36  1 62  0  0 2026-08-13 18:34:28
 1  0 194560 240016   5080 2159412    0    0  1379    22  710  194 36  1 62  1  0 2026-08-13 18:34:38
 1  0 194560 226588   5092 2176872    0    0  1751  1583  745  240 36  1 59  3  0 2026-08-13 18:34:48
 2  0 194560 202904   5112 2196376    0    0  1944    39  720  208 37  1 61  0  1 2026-08-13 18:34:58
 1  0 194560 181736   5120 2214024    0    0  1770    10  740  212 36  1 61  1  1 2026-08-13 18:35:08
 1  0 194560 165608   5144 2233620    0    0  1956    21  749  229 36  1 61  1  1 2026-08-13 18:35:18
 1  1 194560 146456   5160 2250072    0    0  1652    10  732  217 36  1 62  0  1 2026-08-13 18:35:28
 1  0 194560 114452   5168 2280984    0    0  1487    28  697  180 36  1 62  0  1 2026-08-13 18:35:38
procs -----------memory---------- ---swap-- -----io---- -system-- ------cpu----- -----timestamp-----
 r  b   swpd   free   buff  cache   si   so    bi    bo   in   cs us sy id wa st                 UTC
 1  1 194560 160828   5184 2237412    0    0  1228    11  746  214 35  1 61  0  2 2026-08-13 18:35:48
 1  0 194560 143440   5192 2251232    0    0  1376    10  754  217 34  1 61  1  3 2026-08-13 18:35:58
 1  0 194560 126304   5212 2269172    0    0  1804  1573  756  218 34  1 61  2  2 2026-08-13 18:36:08
 2  0 194560 110680   5236 2285988    0    0  1671    23  723  204 36  1 61  0  1 2026-08-13 18:36:18
 1  0 194560 148292   5252 2247836    0    0  1766    12  744  229 35  1 61  1  1 2026-08-13 18:36:28
 1  0 194560 119564   5260 2275772    0    0  1194    12  687  181 36  1 62  0  0 2026-08-13 18:36:38
 1  0 194560 157116   5276 2239612    0    0  1948  1584  720  209 37  1 60  2  0 2026-08-13 18:36:48
 1  0 194560 140864   5288 2259280    0    0  1964    13  739  219 35  1 62  1  1 2026-08-13 18:36:58
 1  0 194560 120956   5304 2276988    0    0  1766    13  731  206 36  1 62  0  1 2026-08-13 18:37:08
 1  0 194560 156120   5336 2241736    0    0  2048    28  723  215 37  1 61  0  0 2026-08-13 18:37:18
 1  0 194560 136212   5352 2260504    0    0  1879    20  730  218 36  1 62  1  0 2026-08-13 18:37:28
 2  0 194560 149064   5360 2247052    0    0  1539    11  677  169 36  1 62  0  0 2026-08-13 18:37:38
 1  0 194560 142800   5368 2257084    0    0  2078     7  725  219 37  1 61  0  0 2026-08-13 18:37:48
 1  0 194560 116844   5384 2276016    0    0  1894    19  730  222 36  1 62  1  0 2026-08-13 18:37:58
 1  0 194560 157048   5396 2242172    0    0  2150  1568  747  217 36  1 61  2  0 2026-08-13 18:38:08
 1  0 194560 138904   5420 2260312    0    0  1815    23  747  229 36  1 62  1  0 2026-08-13 18:38:18
 1  0 194560 154820   5428 2235984    0    0  1452     8  678  173 36  1 62  0  0 2026-08-13 18:38:28
 1  0 194560 725396   5448 1619576    0    0  1267  1586 1069  462 40 14 44  1  0 2026-08-13 18:38:38
 1  0 194560 712036   5456 1639580    0    0  1995     8  721  210 36  1 62  0  0 2026-08-13 18:38:48
 1  0 194560 689104   5472 1658792    0    0  1924    18  731  220 36  1 62  0  0 2026-08-13 18:38:58
 1  0 194560 676788   5488 1677840    0    0  1902     8  744  224 36  2 61  1  0 2026-08-13 18:39:08
procs -----------memory---------- ---swap-- -----io---- -system-- ------cpu----- -----timestamp-----
 r  b   swpd   free   buff  cache   si   so    bi    bo   in   cs us sy id wa st                 UTC
 1  0 194560 669536   5552 1700952    0    0  2306    57  821  319 36  2 61  1  0 2026-08-13 18:39:18
 1  0 194560 657720   5560 1727908    0    0  1104     8  699  192 36  1 62  0  0 2026-08-13 18:39:28
 1  0 194560 635292   5576 1748996    0    0  2102    17  721  209 37  2 62  0  0 2026-08-13 18:39:38
 1  0 194560 616896   5584 1767752    0    0  1878    20  796  293 36  2 62  0  0 2026-08-13 18:39:48
 1  0 194560 595476   5604 1789744    0    0  2196  1574  735  217 36  2 60  2  0 2026-08-13 18:39:58
 1  0 194560 580356   5612 1807592    0    0  1786     4  732  210 36  2 61  0  1 2026-08-13 18:40:08
 1  0 194560 545076   5636 1837956    0    0  1434    25  709  196 35  2 62  1  0 2026-08-13 18:40:18
 1  0 194560 529200   5656 1854544    0    0  1658  1579  776  232 34  1 58  2  4 2026-08-13 18:40:28
 1  0 194560 510804   5664 1873972    0    0  1946     8  743  222 35  2 62  1  0 2026-08-13 18:40:38
 1  0 194560 489132   5680 1893412    0    0  1950    11  720  210 36  2 62  0  0 2026-08-13 18:40:48
 1  0 194560 468468   5688 1913544    0    0  2012    20  721  206 35  1 63  0  0 2026-08-13 18:40:58
 1  0 194560 451080   5704 1932964    1    0  1940    11  735  211 36  2 62  0  0 2026-08-13 18:41:08
 1  0 194560 407736   5740 1962048    0    0  1311   440  701  195 36  2 61  1  0 2026-08-13 18:41:18
 1  0 194560 388080   5760 1980952    3    0  1886  1162  754  232 36  1 61  1  0 2026-08-13 18:41:28
 1  0 194560 372960   5768 2001572    0    0  2071    10  745  222 36  2 62  1  0 2026-08-13 18:41:38
 1  0 194560 349524   5784 2020916    0    0  1927    16  728  216 36  2 62  0  0 2026-08-13 18:41:48
 1  0 194560 329616   5792 2039696    0    0  1883    10  735  214 35  2 62  0  0 2026-08-13 18:41:58
 1  0 194560 308448   5812 2067472    0    0  1184   424  702  176 35  2 62  0  1 2026-08-13 18:42:08
 1  0 194560 287280   5840 2088348    0    0  2078  1174  766  240 35  2 61  3  0 2026-08-13 18:42:18
 1  0 194560 271656   5856 2104632    0    0  1636    12  750  237 36  2 62  1  0 2026-08-13 18:42:28
 1  0 194560 254016   5864 2122988    0    0  1827    11  734  220 36  2 62  1  0 2026-08-13 18:42:38
procs -----------memory---------- ---swap-- -----io---- -system-- ------cpu----- -----timestamp-----
 r  b   swpd   free   buff  cache   si   so    bi    bo   in   cs us sy id wa st                 UTC
 1  0 194560 231336   5880 2143244    0    0  2031    20  732  216 36  2 62  1  0 2026-08-13 18:42:48
 1  0 194560 211932   5888 2161808    0    0  1831    13  717  202 36  1 62  0  0 2026-08-13 18:42:58
 1  0 194560 176400   5896 2191268    0    0  1367     8  715  189 36  1 62  1  0 2026-08-13 18:43:08
 1  0 194560 165816   5928 2210088    0    0  1876    36  826  321 36  1 62  1  0 2026-08-13 18:43:18
 1  0 194560 142128   5948 2229616    0    0  1959  1584  740  231 36  1 61  1  0 2026-08-13 18:43:28
 1  0 194560 126504   5968 2249904    0    0  2021    17  736  219 36  1 62  1  0 2026-08-13 18:43:38
 1  0 194560 106344   5976 2268116    0    0  1824    11  720  209 36  1 62  0  0 2026-08-13 18:43:48
 1  0 194560 146912   5992 2241116    0    0  1216    16  693  179 36  1 61  0  0 2026-08-13 18:43:58
 1  0 194560 130280   6004 2255484    0    0  1446  1575  955  257 28  1 52  2 17 2026-08-13 18:44:08
 1  0 194560 118184   6028 2271592    0    0  1599    22  817  263 34  1 60  0  4 2026-08-13 18:44:18
 1  0 194560 153280   6036 2235468    0    0  1960     4  792  280 36  1 62  0  0 2026-08-13 18:44:28
 1  0 194560 131608   6052 2257816    0    0  2236    30  736  214 36  1 62  1  0 2026-08-13 18:44:38
 1  0 194560 110692   6060 2277388    0    0  1951     9  750  231 35  1 62  1  0 2026-08-13 18:44:48
 1  0 194560 134096   6076 2250560    0    0  1274    11  681  176 36  1 62  0  0 2026-08-13 18:44:58
 1  0 194560 109076   6084 2269208    0    0  1869    10  729  205 36  1 61  0  1 2026-08-13 18:45:08
 1  0 194560 142312   6116 2249240    0    0  1969    30  740  227 36  1 61  1  1 2026-08-13 18:45:18
 1  0 194560 121396   6136 2269144    0    0  1993  1574  725  213 36  1 60  2  0 2026-08-13 18:45:28
 1  0 194560 149704   6152 2236008    0    0  2193    11  754  246 36  1 62  0  0 2026-08-13 18:45:38
 1  0 194560 121480   6168 2264348    2    0  1244    39  696  197 36  1 62  0  0 2026-08-13 18:45:48
 1  0 194560 163660   6176 2228708    0    0  1845  1571  738  218 36  1 60  2  0 2026-08-13 18:45:58
 1  0 194560 139496   6196 2246956    0    0  1828    13  749  219 36  1 61  1  0 2026-08-13 18:46:08
procs -----------memory---------- ---swap-- -----io---- -system-- ------cpu----- -----timestamp-----
 r  b   swpd   free   buff  cache   si   so    bi    bo   in   cs us sy id wa st                 UTC
 1  0 194560 125132   6220 2266092    0    0  1906    24  730  222 37  1 61  1  0 2026-08-13 18:46:18
 1  0 194560 158640   6236 2230620    0    0  2014    18  738  226 36  1 62  1  0 2026-08-13 18:46:28
 1  0 194560 140748   6244 2250928    0    0  2027    10  719  205 37  1 62  0  0 2026-08-13 18:46:38
 1  0 194560 172888   6260 2228080    0    0  1466    12  719  200 36  1 61  1  0 2026-08-13 18:46:48
 1  0 194560 152476   6268 2248920    0    0  2091    17  720  204 36  1 62  0  0 2026-08-13 18:46:58
 1  0 194560 129712   6284 2268156    0    0  1916    12  750  228 36  1 62  1  0 2026-08-13 18:47:08
 1  0 194560 108696   6320 2286164    0    0  1806  1589  734  219 36  1 60  2  0 2026-08-13 18:47:18
 1  0 194560 144724   6336 2249448    0    0  1909    13  728  221 37  1 62  0  0 2026-08-13 18:47:28
 1  0 194560 114756   6344 2279832    0    0  1444    19  699  187 36  1 62  0  0 2026-08-13 18:47:38
 1  0 194560 147652   6364 2255588    0    0  2002  1576  727  213 36  1 60  2  0 2026-08-13 18:47:48
 1  0 194560 127492   6372 2276360    0    0  2079    10  729  210 36  1 62  0  0 2026-08-13 18:47:58
 1  0 194560 108088   6388 2295440    0    0  1901    18  722  210 37  1 61  0  0 2026-08-13 18:48:08
 1  0 194560 136128   6412 2260624    0    0  2142    28  731  221 36  1 61  1  0 2026-08-13 18:48:18
 1  0 194560 160960   6420 2234512    0    0  1357     9  693  190 36  1 62  0  0 2026-08-13 18:48:28
 2  0 194560 142592   6436 2253656    0    0  1906    20  734  222 37  1 61  1  0 2026-08-13 18:48:38
 1  0 194560 748112   6444 1628316    0    0  1712    13 1070  473 38 13 48  1  0 2026-08-13 18:48:48
 1  0 194560 737780   6464 1645664    0    0  1732  1585  720  205 36  2 60  2  1 2026-08-13 18:48:58
 0  1 194560 720392   6472 1663920    0    0  1827     6  732  203 36  1 61  0  1 2026-08-13 18:49:08
 1  0 194560 700988   6520 1683060    0    0  1909    30  761  247 35  1 62  1  0 2026-08-13 18:49:18
 1  0 194560 687152   6528 1712260    0    0  1363    11  700  194 36  1 62  0  0 2026-08-13 18:49:28
 1  0 194560 669512   6544 1734196    0    0  2186    22  737  219 35  2 62  0  0 2026-08-13 18:49:38
procs -----------memory---------- ---swap-- -----io---- -system-- ------cpu----- -----timestamp-----
 r  b   swpd   free   buff  cache   si   so    bi    bo   in   cs us sy id wa st                 UTC
 1  0 194560 644060   6552 1752608    0    0  1840     8  804  296 36  1 62  0  0 2026-08-13 18:49:48
 1  0 194560 630956   6568 1771500    0    0  1889  1571  729  209 36  2 60  2  0 2026-08-13 18:49:58
 1  0 194560 610544   6576 1789740    0    0  1830    17  754  218 35  1 62  1  1 2026-08-13 18:50:08
 1  0 194560 574004   6608 1816120    0    0  1604    22  700  188 35  2 62  0  0 2026-08-13 18:50:18
 1  0 194560 553844   6616 1841060    0    0  1933     5  727  217 35  2 62  0  0 2026-08-13 18:50:28
 1  0 194560 533180   6640 1859532    0    0  1844  1586  730  213 36  2 61  1  0 2026-08-13 18:50:38
 1  0 194560 517052   6656 1875660    1    0  1622    11  722  214 36  2 62  0  0 2026-08-13 18:50:48
 1  0 194560 505712   6664 1888760    0    0  1305     9  713  203 36  1 62  0  0 2026-08-13 18:50:58
 1  0 194560 489080   6680 1903024    0    0  1428    14  740  221 36  2 62  1  0 2026-08-13 18:51:08
 1  0 194560 453304   6712 1927064    0    0   804    27  777  278 35  2 61  1  0 2026-08-13 18:51:18
 1  0 194560 434404   6728 1941216    0    0  1408    11  722  213 36  1 62  1  0 2026-08-13 18:51:28
 1  0 194560 426340   6736 1954548    0    0  1339    10  728  214 36  2 62  1  0 2026-08-13 18:51:38
 1  0 194560 418276   6752 1967628    0    0  1308  1582  740  230 36  2 60  2  0 2026-08-13 18:51:48
 2  0 194560 401896   6760 1981192    0    0  1352    11  749  229 36  2 61  1  1 2026-08-13 18:51:58
 1  0 194560 382240   6776 2005628    0    0   846    12  697  177 35  2 62  0  0 2026-08-13 18:52:08
 1  0 194560 370648   6800 2018252    0    0  1262    30  729  218 36  1 62  0  0 2026-08-13 18:52:18
 1  0 194560 355780   6816 2032996    0    0  1476  1581  727  211 36  2 61  1  0 2026-08-13 18:52:28
 1  0 194560 336628   6824 2047548    0    0  1454    12  732  218 36  1 62  0  0 2026-08-13 18:52:38
 1  0 194560 321004   6840 2061628    0    0  1405    12  728  216 36  2 62  0  0 2026-08-13 18:52:48
 1  0 194560 305884   6848 2077356    0    0  1572    11  711  197 36  1 62  0  0 2026-08-13 18:52:58
 1  0 194560 282196   6864 2105268    0    0  1192    19  704  184 36  2 62  0  0 2026-08-13 18:53:08
procs -----------memory---------- ---swap-- -----io---- -system-- ------cpu----- -----timestamp-----
 r  b   swpd   free   buff  cache   si   so    bi    bo   in   cs us sy id wa st                 UTC
 1  0 194560 263296   6888 2123516    0    0  1829  1590  736  218 36  2 60  2  0 2026-08-13 18:53:18
 1  0 194560 247420   6904 2139120    0    0  1558    14  727  221 36  1 62  0  0 2026-08-13 18:53:28
 1  0 194560 234820   6912 2154824    0    0  1574    13  732  218 36  2 62  1  0 2026-08-13 18:53:38
 1  0 194560 215416   6920 2170224    0    0  1536    12  739  221 36  2 61  0  0 2026-08-13 18:53:48
 1  0 194560 188200   6936 2196784    0    0  1062    24  696  180 36  2 62  0  0 2026-08-13 18:53:58
 1  0 194560 170308   6944 2213492    0    0  1666  1576  753  219 36  1 60  2  0 2026-08-13 18:54:08
 1  0 194560 161488   6976 2227212    0    0  1376    26  756  248 36  1 62  1  1 2026-08-13 18:54:18
 1  0 194560 141076   6984 2242760    0    0  1549     5  732  218 36  1 62  0  1 2026-08-13 18:54:28
 1  0 194560 130744   7000 2259476    0    0  1675    14  732  217 36  1 61  1  0 2026-08-13 18:54:38
 1  0 194560 112096   7008 2275952    0    0  1314    17  726  205 36  1 62  0  0 2026-08-13 18:54:48
 1  0 194560 138140   7024 2244960    0    0  1213  1591  719  199 36  1 61  1  0 2026-08-13 18:54:58
 1  0 194560 123272   7032 2259120    0    0  1413     9  743  210 36  1 62  0  1 2026-08-13 18:55:08
 1  0 194560 155584   7064 2219436    0    0  1596    26  736  217 36  1 62  0  0 2026-08-13 18:55:18
 1  0 194560 145348   7072 2234580    0    0  1525    11  746  231 36  1 61  0  1 2026-08-13 18:55:28
 1  0 194560 124684   7088 2251796    0    0  1712    22  735  218 37  1 61  1  0 2026-08-13 18:55:38
 1  0 194560 157248   7104 2223128    0    0  1043   426  725  219 36  2 61  0  0 2026-08-13 18:55:48
 1  0 194560 141624   7120 2238588    0    0  1550  1190  777  260 36  1 61  1  1 2026-08-13 18:55:58
 1  0 194560 126504   7136 2253288    0    0  1470    11  803  275 37  1 61  1  1 2026-08-13 18:56:08
 1  0 194560 110628   7160 2267888    0    0  1455    23  738  223 37  1 61  1  0 2026-08-13 18:56:18
 1  0 194560 152248   7176 2230424    0    0  1742    17  737  221 36  1 62  1  0 2026-08-13 18:56:28
 1  0 194560 137128   7184 2246288    0    0  1582    18  717  206 36  1 62  0  0 2026-08-13 18:56:38
procs -----------memory---------- ---swap-- -----io---- -system-- ------cpu----- -----timestamp-----
 r  b   swpd   free   buff  cache   si   so    bi    bo   in   cs us sy id wa st                 UTC
 1  0 194560 156156   7200 2219724    0    0  1091   833  702  193 36  1 61  2  0 2026-08-13 18:56:48
 1  0 194560 140560   7208 2235092    0    0  1532   752  731  217 37  1 61  1  0 2026-08-13 18:56:58
 1  0 194560 133000   7224 2251448    0    0  1639    12  743  211 36  1 62  0  1 2026-08-13 18:57:08
 1  0 194560 116156   7248 2265824    0    0  1433    24  739  229 36  1 62  1  0 2026-08-13 18:57:18
 1  0 194560 147960   7264 2227112    0    0  1682    19  755  233 35  1 62  1  1 2026-08-13 18:57:28
 1  0 194560 126540   7272 2253376    0    0  1043    12  687  178 37  1 61  0  0 2026-08-13 18:57:38
 1  0 194560 153512   7288 2228832    0    0  1536    13  732  218 37  1 61  1  0 2026-08-13 18:57:48
 1  0 194560 137412   7296 2245448    0    0  1653    16  737  214 36  1 62  1  0 2026-08-13 18:57:58
 1  0 194560 127080   7312 2261680    0    0  1626  1574  743  213 36  1 61  1  0 2026-08-13 18:58:08
 1  0 194560 109692   7336 2276472    0    0  1476    24  738  221 36  1 62  1  0 2026-08-13 18:58:18
 1  0 194560 144880   7352 2239200    0    0  1439    17  725  212 36  1 62  0  0 2026-08-13 18:58:28
 2  0 194560 115648   7360 2265640    0    0  1426    12  709  198 36  1 62  0  0 2026-08-13 18:58:38
 1  0 194560 146548   7376 2241432    0    0  1545    14  724  215 36  1 61  1  0 2026-08-13 18:58:48
 1  1 194560 773828   7380 1599736    0    0  1206   681 1041  459 40 12 47  1  0 2026-08-13 18:58:58
 1  0 194560 757952   7396 1615784    0    0  1605   906  842  311 35  2 60  2  0 2026-08-13 18:59:08
 1  0 194560 735776   7452 1630336    0    0  1442    32  762  250 35  1 61  2  0 2026-08-13 18:59:18
 1  0 194560 717184   7460 1656532    0    0  1060     4  788  293 36  2 62  0  0 2026-08-13 18:59:28
 0  1 194560 708672   7476 1673736    0    0  1724    29  723  209 36  2 62  0  0 2026-08-13 18:59:38
 1  0 194560 693552   7484 1689740    0    0  1599     8  725  215 36  2 62  1  0 2026-08-13 18:59:48
 1  0 194560 676920   7500 1704984    0    0  1521  1573  729  214 35  2 60  3  0 2026-08-13 18:59:58
 1  0 194560 661296   7508 1720108    0    0  1518     9  742  212 35  1 62  0  1 2026-08-13 19:00:08
procs -----------memory---------- ---swap-- -----io---- -system-- ------cpu----- -----timestamp-----
 r  b   swpd   free   buff  cache   si   so    bi    bo   in   cs us sy id wa st                 UTC
 1  0 194560 646932   7532 1736016    0    0  1592    28  740  223 35  2 62  1  1 2026-08-13 19:00:18
 1  0 194560 622996   7548 1762780    0    0  1090    11  700  191 35  2 62  1  0 2026-08-13 19:00:28
 1  0 194560 610648   7556 1779012    0    0  1621   426  741  220 36  1 62  1  0 2026-08-13 19:00:38
 1  0 194560 595780   7572 1794768    0    0  1572  1163  749  235 36  1 61  1  0 2026-08-13 19:00:48
 1  0 194560 579400   7588 1811364    0    0  1662    12  751  228 35  1 62  1  0 2026-08-13 19:00:58
 1  0 194560 562012   7596 1827036    0    0  1570     9  746  217 35  1 62  0  1 2026-08-13 19:01:08
 1  0 194560 546136   7628 1845004    0    0  1456    27  720  203 36  2 61  0  1 2026-08-13 19:01:18
 1  0 194560 520936   7644 1871392    1    0  1373    12  707  198 36  2 62  0  0 2026-08-13 19:01:28
 1  0 194560 501280   7660 1889832    0    0  1854    12  733  216 36  2 62  0  0 2026-08-13 19:01:38
 1  0 194560 485404   7668 1905540    0    0  1567   429  752  234 36  2 61  1  0 2026-08-13 19:01:48
 1  0 194560 471544   7684 1918432    0    0  1290  1163  739  217 35  1 61  2  1 2026-08-13 19:01:58
 1  0 194560 459700   7700 1930612    0    0  1221    12  751  216 35  1 61  1  2 2026-08-13 19:02:08
 1  0 194560 435256   7724 1958412    0    0  1166    24  696  183 36  2 62  0  0 2026-08-13 19:02:18
 1  0 194560 419128   7740 1974264    0    0  1594    20  724  210 36  2 62  1  0 2026-08-13 19:02:28
 1  0 194560 400480   7748 1992304    0    0  1801    11  721  206 36  2 62  0  0 2026-08-13 19:02:38
 1  0 194560 376792   7764 2012232    0    0  1992  1576  732  222 36  2 60  2  0 2026-08-13 19:02:48
 1  0 194560 357640   7772 2032860    0    0  2058    10  747  229 36  2 62  1  0 2026-08-13 19:02:58
 1  0 194560 340756   7788 2049980    0    0  1712    16  732  203 36  1 61  1  0 2026-08-13 19:03:08
 1  0 194560 311524   7820 2081108    0    0  1508    27  781  281 35  2 62  0  0 2026-08-13 19:03:18
 1  0 194560 287332   7836 2099616    0    0  1854    12  720  216 37  2 61  0  0 2026-08-13 19:03:28
 1  0 194560 269692   7844 2121644    0    0  2198    12  736  221 36  2 62  0  0 2026-08-13 19:03:38
procs -----------memory---------- ---swap-- -----io---- -system-- ------cpu----- -----timestamp-----
 r  b   swpd   free   buff  cache   si   so    bi    bo   in   cs us sy id wa st                 UTC
 1  0 194560 250288   7860 2140756    0    0  1914  1583  749  231 36  2 60  2  0 2026-08-13 19:03:48
 0  1 194560 230128   7868 2161396    0    0  2061    12  720  203 36  2 62  0  0 2026-08-13 19:03:58
 1  0 194560 202664   7884 2189128    0    0  1177     7  696  177 36  1 62  0  0 2026-08-13 19:04:08
 1  0 194560 178472   7908 2209300    0    0  2014    30  742  229 36  1 62  0  0 2026-08-13 19:04:18
 1  0 194560 162596   7916 2229320    0    0  2005     5  744  236 36  1 62  1  0 2026-08-13 19:04:28
 1  0 194560 140672   7932 2250740    0    0  2133  1578  819  306 36  2 60  2  0 2026-08-13 19:04:38
 1  0 194560 117236   7940 2270132    0    0  1940     8  729  217 36  1 62  1  0 2026-08-13 19:04:48
 1  0 194560 145948   7956 2245816    0    0  1510    23  687  178 36  1 62  0  0 2026-08-13 19:04:58
 4  0 194560 137100   7972 2261248    0    0  1548    27  751  224 36  1 61  0  2 2026-08-13 19:05:08
 2  0 194560 115176   8004 2279944    0    0  1865    24  731  219 36  1 61  1  1 2026-08-13 19:05:18
 3  0 194560 137616   8020 2255940    2    0  2058  1574  734  232 37  1 61  1  0 2026-08-13 19:05:28
 1  0 194560 113928   8028 2276336    0    0  2037    14  714  202 37  1 62  0  0 2026-08-13 19:05:38
 3  0 194560 154436   8044 2240864    0    0  2041    11  749  242 37  2 61  0  0 2026-08-13 19:05:48
 1  0 194560 111660   8056 2270368    0    0  1373    13  696  191 36  1 62  0  0 2026-08-13 19:05:58
 1  0 194560 140168   8072 2251184    0    0  2072    14  738  213 36  1 62  0  0 2026-08-13 19:06:08
 1  0 194560 121520   8104 2269788    0    0  1862    24  727  215 36  1 62  0  1 2026-08-13 19:06:18
 1  0 194560 106904   8120 2290196    0    0  2036  1602  745  235 37  1 61  1  0 2026-08-13 19:06:28
 1  0 194560 137644   8128 2254076    0    0  1950    10  748  226 36  1 62  1  0 2026-08-13 19:06:38
 1  0 194560 152048   8144 2236140    0    0  1358    12  701  188 36  1 62  0  0 2026-08-13 19:06:48
 1  0 194560 132720   8152 2256452    0    0  2030    18  718  202 37  1 62  0  0 2026-08-13 19:06:58
 1  0 194560 106512   8168 2276628    0    0  2016    13  730  207 37  1 62  0  0 2026-08-13 19:07:08
procs -----------memory---------- ---swap-- -----io---- -system-- ------cpu----- -----timestamp-----
 r  b   swpd   free   buff  cache   si   so    bi    bo   in   cs us sy id wa st                 UTC
 1  0 194560 164840   8192 2243908    0    0  2177  1596  745  225 36  1 61  2  0 2026-08-13 19:07:18
 1  0 194560 139388   8208 2263868    0    0  2000    13  731  219 36  1 62  1  0 2026-08-13 19:07:28
 1  0 194560 110136   8216 2289760    0    0  1701    19  699  195 37  1 62  0  0 2026-08-13 19:07:38
 1  0 194560 139232   8232 2261324    0    0  1993    14  710  201 36  1 62  0  0 2026-08-13 19:07:48
 1  0 194560 116804   8240 2281996    0    0  2070    10  731  218 36  1 62  1  0 2026-08-13 19:07:58
 1  1 194560 153688   8260 2245728    0    0  1901  1042  740  222 37  1 61  1  0 2026-08-13 19:08:08
 1  0 194560 129244   8284 2266900    0    0  2121   561  752  233 36  1 61  1  0 2026-08-13 19:08:18
 1  0 194560 164524   8300 2232212    0    0  2052    13  741  229 37  1 61  0  0 2026-08-13 19:08:28
 1  0 194560 132084   8308 2261692    0    0  1379    12  702  188 36  1 62  1  0 2026-08-13 19:08:38
 1  0 194560 108204   8324 2284156    0    0  2243    21  733  220 37  1 62  1  0 2026-08-13 19:08:48
 1  0 194560 137048   8332 2265536    0    0  2150    12  731  216 36  1 62  1  0 2026-08-13 19:08:58
 1  0 194560 759732   8348 1620268    0    0  1166  1570 1047  466 39 12 48  1  0 2026-08-13 19:09:08
 1  0 194560 739256   8396 1642736    0    0  2234    40  732  227 36  1 62  0  0 2026-08-13 19:09:18
 1  0 194560 709272   8412 1672376    0    0  1406    10  706  206 36  2 62  0  0 2026-08-13 19:09:28
 1  0 194560 695140   8420 1692176    0    0  1976  1596  757  238 36  2 60  2  0 2026-08-13 19:09:38
 1  0 194560 695228   8428 1713520    0    0  2131     6  726  216 36  2 62  0  0 2026-08-13 19:09:48
 1  0 194560 674564   8444 1734596    0    0  2113    15  723  209 36  2 62  0  0 2026-08-13 19:09:58
 1  0 194560 653144   8452 1752560    0    0  1798    10  742  218 35  1 62  1  0 2026-08-13 19:10:08
 1  0 194560 633740   8484 1772544    0    0  1994    28  736  221 36  2 62  0  0 2026-08-13 19:10:18
 1  0 194560 596196   8500 1802852    0    0  1434    12  694  186 35  2 62  0  0 2026-08-13 19:10:28
 1  0 194560 580572   8516 1819664    0    0  1683    11  718  211 35  1 63  0  0 2026-08-13 19:10:38
procs -----------memory---------- ---swap-- -----io---- -system-- ------cpu----- -----timestamp-----
 r  b   swpd   free   buff  cache   si   so    bi    bo   in   cs us sy id wa st                 UTC
 1  0 194560 560916   8524 1839192    0    0  1958    16  733  225 36  2 62  0  0 2026-08-13 19:10:48
 0  0 194560 536744   8548 1872944    0    0  2375  1978  907  268 29  3 66  2  0 2026-08-13 19:10:58
 1  0 194560 498796   8564 1914868    0    0  4193    19 1684  512 16  4 80  0  0 2026-08-13 19:11:08
 0  0 194560 457312   8628 1958160    0    0  4318    58 1825  552 17  4 78  0  1 2026-08-13 19:11:18
 0  0 194560 417648   8652 1997384    0    0  3920   591 1690  522 15  4 80  0  0 2026-08-13 19:11:28
 1  0 194560 370624   8676 2042676    0    0  4531    20 1719  514 16  4 80  0  0 2026-08-13 19:11:38
 1  0 194560 328372   8700 2083812    0    0  4105    22 1761  520 16  4 80  0  0 2026-08-13 19:11:48
 1  0 194560 282776   8724 2124956    0    0  4112    36 1652  498 15  4 80  0  0 2026-08-13 19:11:58
 1  0 194560 249592   8740 2166152    0    0  4122    19 1654  507 16  4 79  0  1 2026-08-13 19:12:08
 1  0 194560 198504   8812 2208188    0    0  4194    68 1702  540 16  4 80  0  0 2026-08-13 19:12:18
 0  0 194560 167584   8836 2248796    0    0  4058    37 1792  534 16  4 79  0  0 2026-08-13 19:12:28
 1  0 194304 123312   8852 2292460    2    0  4367    19 1688  516 16  3 81  0  0 2026-08-13 19:12:38
 2  0 194304 829204   8880 1585916    4    0  3626    21 1692  549 17  4 79  0  0 2026-08-13 19:12:48
 1  0 194304 780572   8900 1628176    0    0  4226    26 1626  591 50  1 48  0  0 2026-08-13 19:12:58
 1  0 194304 740188   8908 1668204    0    0  4004    24 1418  354 49  1 49  1  0 2026-08-13 19:13:08
 1  0 194304 690040   8948 1719696    0    0  3571    38 1480  440 49  1 49  1  0 2026-08-13 19:13:18
 1  0 194304 645688   8964 1759156    0    0  3942   429 1544  512 49  1 48  1  0 2026-08-13 19:13:28
 1  0 194304 605872   8972 1799816    0    0  4069  1178 1406  349 50  1 48  1  0 2026-08-13 19:13:38
 1  0 194304 549424   8988 1851512    0    0  3600    14 1366  318 50  1 49  0  0 2026-08-13 19:13:48
 1  0 194304 509104   8996 1892492    0    0  4093    12 1391  342 50  1 49  0  0 2026-08-13 19:13:58
 1  0 194304 477856   9012 1922624    0    0  3011    14 1041  288 42  1 56  1  0 2026-08-13 19:14:08
procs -----------memory---------- ---swap-- -----io---- -system-- ------cpu----- -----timestamp-----
 r  b   swpd   free   buff  cache   si   so    bi    bo   in   cs us sy id wa st                 UTC
 1  0 194304 453664   9040 1952492    0    0  1424  1970  732  235 33  1 63  2  0 2026-08-13 19:14:18
 1  0 194304 429472   9056 1973144    0    0  2068     9  714  206 33  1 65  0  0 2026-08-13 19:14:28
 1  0 194304 413344   9064 1992804    0    0  1964    23  725  223 33  1 65  0  0 2026-08-13 19:14:38
 1  0 194304 393944   9080 2013432    0    0  2069  1206  725  216 33  1 64  1  0 2026-08-13 19:14:48
 1  0 194304 365720   9088 2035096    0    0  2166    23  723  215 33  1 65  1  0 2026-08-13 19:14:58
 4  0 194304 326056   9096 2061912    0    0  1084     4  688  169 34  1 65  0  1 2026-08-13 19:15:08
 1  0 194304 301360   9128 2083236    0    0  2132    35  741  228 34  1 65  1  0 2026-08-13 19:15:18
 1  0 194304 288508   9136 2100076    1    0  1684     5  717  210 33  1 65  0  0 2026-08-13 19:15:28
 1  1 193280 264820   9152 2121076  134    0  2242   834  741  224 33  1 64  1  0 2026-08-13 19:15:38
 1  0 193280 240628   9160 2140008    0    0  1883   754  736  221 33  1 64  1  0 2026-08-13 19:15:48
 1  0 183552 205096   9176 2157644  956    0  2510    20  839  292 32  1 63  3  1 2026-08-13 19:15:58
 1  0 183552 181156   9184 2187040    0    0  1542    10  704  188 33  1 64  1  0 2026-08-13 19:16:08
 1  0 181504 156712   9208 2206120  206    0  2114    22  745  235 34  1 65  1  0 2026-08-13 19:16:18
 1  0 181504 136552   9224 2226560    3    0  2045    16  718  211 33  1 65  0  0 2026-08-13 19:16:28
 1  0 181504 113872   9232 2246896    0    0  2038  1585  723  209 33  1 64  2  0 2026-08-13 19:16:38
 1  0 181504 142676   9248 2211364    0    0  2003    13  735  246 34  1 64  1  0 2026-08-13 19:16:48
 1  0 181248 104372   9256 2244424    2    0  1702    32  685  181 34  1 65  0  0 2026-08-13 19:16:58
 1  0 181248 135976   9272 2224420    6    0  1994    20  764  236 33  1 64  1  1 2026-08-13 19:17:08
 1  0 181248 111784   9296 2242352    0    0  1794    36  723  213 34  1 64  0  0 2026-08-13 19:17:18
 1  0 181248 156468   9312 2206348    3    0  1975  1574  744  238 33  1 62  3  0 2026-08-13 19:17:28
 1  0 181248 134268   9328 2227916    0    0  2154    32  729  219 34  1 65  0  0 2026-08-13 19:17:38
procs -----------memory---------- ---swap-- -----io---- -system-- ------cpu----- -----timestamp-----
 r  b   swpd   free   buff  cache   si   so    bi    bo   in   cs us sy id wa st                 UTC
 1  0 181248 156556   9344 2208056    0    0  1303    25  680  180 33  1 65  0  0 2026-08-13 19:17:48
 1  0 181248 134884   9352 2226828    0    0  1875    12  713  211 34  1 65  0  0 2026-08-13 19:17:58
 1  0 181248 110188   9372 2248648    0    0  2187  1582  746  219 33  1 64  2  0 2026-08-13 19:18:08
 1  0 181248 159876   9396 2211800    0    0  1904    25  721  217 34  1 65  0  0 2026-08-13 19:18:18
 1  0 181248 130916   9412 2231600    0    0  1980    27  718  211 34  1 65  0  0 2026-08-13 19:18:28
 1  0 181248 170008   9420 2210188    0    0  1634    20  704  202 34  1 64  0  0 2026-08-13 19:18:38
 1  0 181248 138060   9436 2236536    0    0  2020    14  721  216 33  1 65  0  0 2026-08-13 19:18:48
 1  0 181248 123948   9444 2257340    0    0  2080  1574  729  215 33  1 63  2  0 2026-08-13 19:18:58
 1  0 181248 105268   9460 2276168    0    0  1888     8  728  211 34  1 65  0  0 2026-08-13 19:19:08
 1  0 181248 735480   9508 1629720    0    0  1296    30 1069  514 39 11 50  0  0 2026-08-13 19:19:18
 1  0 181248 711036   9524 1646764    0    0  1706    14  767  257 34  1 64  1  0 2026-08-13 19:19:28
 1  0 181248 679284   9532 1677672    0    0  1502    18  681  177 33  2 65  0  0 2026-08-13 19:19:38
 1  0 181248 667888   9548 1698056    0    0  2031    11  722  221 33  1 65  0  0 2026-08-13 19:19:48
 1  0 181248 648768   9556 1716948    8    0  1903    15  720  211 33  2 65  0  0 2026-08-13 19:19:58
 1  0 181248 644532   9572 1735396    0    0  1848    26  745  228 33  2 64  0  0 2026-08-13 19:20:08
 1  0 181248 623928   9600 1754736    0    0  1924  1598  740  227 33  2 63  3  0 2026-08-13 19:20:18
 1  0 181248 598728   9616 1777820    0    0  2033    11  724  209 33  1 65  1  0 2026-08-13 19:20:28
 1  0 179968 569284   9624 1802296    0    0  1123    19  703  192 33  2 65  0  0 2026-08-13 19:20:38
 0  1 179968 552932   9640 1822812    0    0  2060  1569  731  216 33  2 63  3  0 2026-08-13 19:20:48
 1  0 179968 535072   9656 1842016    0    0  1922    16  728  219 34  2 64  0  0 2026-08-13 19:20:58
 1  0 179968 521872   9664 1862060    0    0  2007    23  738  216 33  1 65  0  1 2026-08-13 19:21:08
procs -----------memory---------- ---swap-- -----io---- -system-- ------cpu----- -----timestamp-----
 r  b   swpd   free   buff  cache   si   so    bi    bo   in   cs us sy id wa st                 UTC
 1  0 179968 505492   9696 1876584    0    0  1446    36  737  215 33  1 62  1  2 2026-08-13 19:21:18
 1  0 179968 474244   9712 1906772    0    0  1418   424  691  190 33  2 65  1  0 2026-08-13 19:21:28
 1  0 179968 451564   9732 1924060    0    0  1736  1172  719  207 34  1 63  2  0 2026-08-13 19:21:38
 1  0 179968 434708   9740 1943736    0    0  1964    10  736  232 33  1 65  1  0 2026-08-13 19:21:48
 1  0 179968 415808   9756 1964548    0    0  2080    12  716  212 33  1 65  0  0 2026-08-13 19:21:58
 1  0 179968 391616   9764 1985120    0    0  2062    13  726  203 33  1 65  0  0 2026-08-13 19:22:08
 0  1 179968 375488   9788 2004736    0    0  1954    24  717  213 33  1 65  0  0 2026-08-13 19:22:18
 2  1 179968 347012   9808 2034328    0    0  1368  1248  701  194 33  2 64  1  0 2026-08-13 19:22:28
 1  0 179968 325844   9828 2054312    0    0  1998   344  724  215 33  1 64  1  0 2026-08-13 19:22:38
 2  0 179968 308204   9836 2072924    0    0  1855    12  722  213 33  1 65  0  0 2026-08-13 19:22:48
 1  0 179968 287288   9852 2091644    0    0  1882    16  727  219 33  1 65  0  0 2026-08-13 19:22:58
 1  0 179968 263600   9860 2109564    0    0  1788    11  746  215 33  1 63  1  1 2026-08-13 19:23:08
 1  0 179968 232100   9884 2138852    0    0  1329    24  680  177 32  2 65  0  0 2026-08-13 19:23:18
 1  0 179968 221264   9900 2159344    0    0  2054    14  752  241 33  1 64  2  0 2026-08-13 19:23:28
 1  0 179968 202616   9908 2175320    0    0  1588    18  744  228 33  1 64  1  1 2026-08-13 19:23:38
 1  0 179968 187496   9928 2191444    0    0  1616  1573  738  225 34  1 61  3  1 2026-08-13 19:23:48
 1  0 179968 171872   9936 2208512    0    0  1708    12  724  210 34  1 64  0  1 2026-08-13 19:23:58
 1  0 179968 152972   9952 2226596    0    0  1810    14  753  220 33  1 64  2  1 2026-08-13 19:24:08
 1  0 179968 112904   9992 2256020    0    0  1329  1595  733  225 33  1 61  4  1 2026-08-13 19:24:18
 1  0 179968 155572  10012 2217196    0    0  1704    12  734  222 34  1 64  1  0 2026-08-13 19:24:28
 4  0 179968 140200  10020 2235252    0    0  1811    17  713  205 33  1 65  0  0 2026-08-13 19:24:38
procs -----------memory---------- ---swap-- -----io---- -system-- ------cpu----- -----timestamp-----
 r  b   swpd   free   buff  cache   si   so    bi    bo   in   cs us sy id wa st                 UTC
 1  0 179968 125080  10036 2253288    0    0  1802    15  732  225 34  1 64  1  0 2026-08-13 19:24:48
 1  0 179968 162620  10044 2216492    0    0  1880    13  731  217 33  1 65  1  0 2026-08-13 19:24:58
 1  0 179968 145988  10060 2231580    0    0  1504    10  751  210 33  1 64  0  2 2026-08-13 19:25:08
 1  0 179968 113648  10084 2259144    0    0  1144    25  709  203 33  1 64  1  1 2026-08-13 19:25:18
 1  0 179968 136704  10100 2238268    0    0  1910    11  734  229 34  1 64  1  0 2026-08-13 19:25:28
 1  0 179968 116544  10108 2258744    0    0  2039    16  741  221 33  1 64  1  1 2026-08-13 19:25:38
 1  1 179968 158932  10128 2220200    0    0  1710  1596  745  235 34  1 62  2  1 2026-08-13 19:25:48
 1  0 179968 135496  10136 2240824    0    0  2061    10  739  221 34  1 64  1  0 2026-08-13 19:25:58
 1  0 179968 118612  10152 2258804    0    0  1488    14  743  207 33  1 64  1  1 2026-08-13 19:26:08
 1  0 179968 154564  10184 2230964    0    0  1409  1588  705  193 33  1 62  3  1 2026-08-13 19:26:18
 1  0 179968 131884  10204 2248084    0    0  1713    14  728  209 33  1 64  0  2 2026-08-13 19:26:28
 1  0 179968 117268  10212 2265564    0    0  1746    10  725  210 33  1 64  0  1 2026-08-13 19:26:38
 1  0 179968 153552  10228 2228852    0    0  1897    19  720  220 33  1 65  0  0 2026-08-13 19:26:48
 1  0 179968 130620  10236 2250116    0    0  2130    15  721  212 34  1 65  0  0 2026-08-13 19:26:58
 1  0 179968 148532  10252 2226820    0    0  1168    12  694  175 33  1 65  0  0 2026-08-13 19:27:08
 1  0 179968 123040  10276 2245520    0    0  1868    24  738  227 33  1 64  1  0 2026-08-13 19:27:18
 1  0 179968 166372  10292 2217152    0    0  1796    13  740  226 34  1 64  1  0 2026-08-13 19:27:28
 1  0 179968 149860  10300 2236792    0    0  1962    17  743  251 34  1 64  0  0 2026-08-13 19:27:38
 1  0 179968 120880  10320 2257504    0    0  2071  1579  742  225 34  1 63  2  0 2026-08-13 19:27:48
 1  0 179968 157884  10328 2221744    0    0  2008    12  719  209 34  1 65  1  0 2026-08-13 19:27:58
 1  0 179968 124900  10344 2250540    0    0  1284    37  711  190 33  1 64  1  0 2026-08-13 19:28:08
procs -----------memory---------- ---swap-- -----io---- -system-- ------cpu----- -----timestamp-----
 r  b   swpd   free   buff  cache   si   so    bi    bo   in   cs us sy id wa st                 UTC
 1  0 179968 109528  10376 2271260    0    0  2074    28  722  213 34  1 65  0  0 2026-08-13 19:28:18
 1  0 179968 133572  10396 2251012    0    0  1992  1584  761  244 34  1 62  3  0 2026-08-13 19:28:28
 1  0 179968 112404  10404 2269360    0    0  1834    12  711  208 33  1 65  0  0 2026-08-13 19:28:38
 1  0 179968 146480  10420 2233536    0    0  1993    13  714  207 34  1 65  0  0 2026-08-13 19:28:48
 1  0 179968 115736  10428 2262620    0    0  1318    19  684  177 33  1 65  0  0 2026-08-13 19:28:58
 2  0 179968 134892  10444 2242516    0    0  2016     7  720  200 34  1 65  0  0 2026-08-13 19:29:08
 1  0 179968 110448  10492 2263344    0    0  2065    30  731  228 33  1 64  1  0 2026-08-13 19:29:18
 1  0 179968 699904  10512 1663508    0    0  1338  1576 1074  525 37 11 51  2  0 2026-08-13 19:29:28
 1  0 179968 680248  10520 1683900    0    0  2045    17  736  228 33  1 65  0  0 2026-08-13 19:29:38
 1  0 179968 659332  10536 1704724    0    0  1824    10  705  206 33  1 65  0  0 2026-08-13 19:29:48
 1  0 179968 634160  10544 1733404    0    0  1563  1567  712  197 33  2 63  2  0 2026-08-13 19:29:58
 1  0 179968 618284  10564 1751988    0    0  1862    18  754  220 32  1 64  1  1 2026-08-13 19:30:08
 1  0 179968 602660  10588 1768896    0    0  1683    23  791  296 33  2 65  0  0 2026-08-13 19:30:18
 1  0 179968 591572  10604 1788748    0    0  1985    10  720  220 33  1 64  1  0 2026-08-13 19:30:28
 1  0 179968 575696  10612 1808236    0    0  1954    23  737  223 33  1 65  1  0 2026-08-13 19:30:38
 1  0 179968 540668  10632 1837308    0    0  1308   426  688  183 32  2 65  0  0 2026-08-13 19:30:48
 1  0 179968 522272  10644 1856384    0    0  1916  1161  718  202 33  1 63  2  0 2026-08-13 19:30:58
 1  0 179968 497324  10660 1877172    0    0  2077    11  740  213 33  1 65  1  0 2026-08-13 19:31:08
 1  0 179968 477416  10700 1895244    0    0  1800    27  724  214 34  1 64  0  0 2026-08-13 19:31:18
 2  0 179968 458264  10716 1914512    0    0  1928    18  723  218 33  1 65  1  0 2026-08-13 19:31:28
 1  0 179968 428024  10724 1938888    0    0  1690    10  685  181 33  2 65  0  0 2026-08-13 19:31:38
procs -----------memory---------- ---swap-- -----io---- -system-- ------cpu----- -----timestamp-----
 r  b   swpd   free   buff  cache   si   so    bi    bo   in   cs us sy id wa st                 UTC
 1  0 179968 412400  10740 1963828    0    0  1644    12  704  209 33  2 64  0  1 2026-08-13 19:31:48
 1  0 179968 397028  10748 1981060    0    0  1718    18  732  215 33  1 65  0  1 2026-08-13 19:31:58
 1  0 179968 374348  10768 1997572    0    0  1650   834  735  211 33  1 64  2  1 2026-08-13 19:32:08
 1  0 179968 365528  10796 2010788    0    0  1325   766  719  210 33  1 65  1  0 2026-08-13 19:32:18
 1  0 179968 346376  10812 2024228    0    0  1348    12  715  220 33  1 65  0  0 2026-08-13 19:32:28
 1  0 179968 320168  10820 2050440    0    0  1009    12  677  176 33  2 65  0  0 2026-08-13 19:32:38
 1  0 179968 313616  10840 2062836    0    0  1244  1584  720  215 33  1 63  2  0 2026-08-13 19:32:48
 1  0 179968 307232  10848 2076088    0    0  1324    12  738  229 34  1 64  0  0 2026-08-13 19:32:58
 1  0 179968 295164  10864 2090676    0    0  1462    13  811  296 33  1 65  0  0 2026-08-13 19:33:08
 1  0 179968 271728  10888 2105004    0    0  1429    31  741  228 33  1 65  1  0 2026-08-13 19:33:18
 1  0 179968 244512  10904 2129400    0    0   841    26  685  184 33  2 65  0  0 2026-08-13 19:33:28
 1  0 179968 236700  10912 2141364    0    0  1203    12  718  220 34  1 65  0  0 2026-08-13 19:33:38
 1  0 179968 219312  10928 2156352    0    0  1496    13  715  209 33  1 65  0  0 2026-08-13 19:33:48
 2  0 179968 204444  10936 2171384    0    0  1498    13  731  214 33  1 65  0  0 2026-08-13 19:33:58
 2  0 179968 194868  10948 2185260    0    0  1387  1566  741  215 34  1 63  2  0 2026-08-13 19:34:08
 1  0 179968 180756  10980 2201260    0    0  1594    23  742  236 33  1 65  0  0 2026-08-13 19:34:18
 1  0 179968 149512  10996 2228412    0    0  1119    14  707  202 33  1 65  0  0 2026-08-13 19:34:28
 1  0 179968 126580  11016 2246996    0    0  1864  1576  747  229 33  1 64  2  0 2026-08-13 19:34:38
 1  0 179968 115748  11024 2261516    0    0  1452     8  744  230 34  1 64  0  0 2026-08-13 19:34:48
 1  0 179968 158572  11040 2221840    0    0  1580    15  735  213 33  1 65  1  0 2026-08-13 19:34:58
 1  0 179968 142192  11048 2236444    0    0  1460    12  745  219 34  1 64  0  0 2026-08-13 19:35:08
procs -----------memory---------- ---swap-- -----io---- -system-- ------cpu----- -----timestamp-----
 r  b   swpd   free   buff  cache   si   so    bi    bo   in   cs us sy id wa st                 UTC
 1  0 179968 109184  11080 2263292    0    0  1118    37  699  194 33  1 65  0  0 2026-08-13 19:35:18
 1  0 179968 131436  11096 2240744    0    0  1727    10  745  225 34  1 64  1  0 2026-08-13 19:35:28
 1  0 179968 116316  11104 2255216    0    0  1449     9  740  238 34  1 64  1  0 2026-08-13 19:35:38
 1  0 179968 144360  11124 2216016    0    0  1647  1576  734  219 33  1 63  2  0 2026-08-13 19:35:48
 1  0 179968 134360  11132 2233968    0    0  1797     9  733  214 33  1 65  0  0 2026-08-13 19:35:58
 1  0 179968 160828  11148 2220620    0    0  1218    11  704  183 33  1 65  0  0 2026-08-13 19:36:08
 1  0 179968 150516  11180 2235032    0    0  1444  1604  740  229 34  1 64  1  0 2026-08-13 19:36:18
 1  0 179968 124560  11196 2253284    0    0  1820    11  729  216 33  1 65  0  0 2026-08-13 19:36:28
 1  0 179968 114016  11204 2269024    0    0  1572    10  719  211 33  1 65  0  0 2026-08-13 19:36:38
 1  0 179968 146492  11220 2232000    0    0  1880    16  732  217 33  1 65  0  0 2026-08-13 19:36:48
 1  0 179968 123308  11228 2253096    0    0  1176    10  695  185 33  1 64  1  0 2026-08-13 19:36:58
 1  0 179968 142744  11244 2234412    0    0  1522    12  795  280 33  1 65  0  0 2026-08-13 19:37:08
 1  0 179968 131936  11268 2249584    0    0  1511   438  720  214 33  1 64  2  0 2026-08-13 19:37:18
 1  0 179968 117824  11284 2263808    0    0  1421  1170  727  215 33  1 63  3  0 2026-08-13 19:37:28
 1  0 179968 158332  11292 2223860    0    0  1559    10  735  225 34  1 65  1  0 2026-08-13 19:37:38
 2  0 179968 141292  11308 2240192    0    0  1634    12  744  248 34  1 64  0  0 2026-08-13 19:37:48
 1  0 179968 114692  11324 2267392    0    0  1160    56  701  194 34  1 65  0  0 2026-08-13 19:37:58
 1  0 179968 129400  11340 2244056    0    0  1683   426  744  223 33  1 65  1  0 2026-08-13 19:38:08
 1  0 179968 112768  11364 2261060    0    0  1702  1175  733  220 34  1 63  2  0 2026-08-13 19:38:18
 1  0 179968 159488  11380 2222856    0    0  1732    13  736  233 33  1 65  1  0 2026-08-13 19:38:28
 1  0 179968 141344  11388 2240268    0    0  1748    11  732  222 33  1 65  1  0 2026-08-13 19:38:38
procs -----------memory---------- ---swap-- -----io---- -system-- ------cpu----- -----timestamp-----
 r  b   swpd   free   buff  cache   si   so    bi    bo   in   cs us sy id wa st                 UTC
 1  0 179968 114380  11404 2266372    0    0  1048    19  677  179 33  1 65  0  0 2026-08-13 19:38:48
 1  0 179968 133596  11412 2243784    0    0  1767    12  722  211 33  1 65  0  0 2026-08-13 19:38:58
 1  0 179968 123516  11420 2259020    0    0  1522     6  740  217 34  1 65  1  0 2026-08-13 19:39:08
 2  0 179968 105876  11476 2276464    0    0  1731  1590  758  249 33  1 64  2  0 2026-08-13 19:39:18
 1  0 179968 139912  11492 2236032    0    0  1510    18  743  237 33  1 65  0  0 2026-08-13 19:39:28
 1  0 179968 695544  11500 1639656    0    0   793    16 1025  448 39 12 48  0  0 2026-08-13 19:39:38
 1  0 179968 671352  11516 1664796    0    0  1399    10  763  261 33  2 65  0  0 2026-08-13 19:39:48
 1  0 179968 656232  11532 1679696    0    0  1491    12  789  285 34  1 64  1  0 2026-08-13 19:39:58
 1  0 179968 642120  11540 1694132    0    0  1443  1572  736  210 33  1 63  2  0 2026-08-13 19:40:08
 1  0 179968 652004  11564 1708836    0    0  1471    22  751  234 33  1 64  1  1 2026-08-13 19:40:18
 1  0 179968 659456  11580 1723100    0    0  1428    12  745  236 33  1 64  1  0 2026-08-13 19:40:28
 1  0 179968 641816  11596 1749736    0    0  1094   435  685  180 33  1 65  0  1 2026-08-13 19:40:38
 1  0 179968 626696  11604 1765416    1    0  1569  1162  735  220 33  1 63  2  1 2026-08-13 19:40:48
 1  0 179968 607796  11620 1781732    0    0  1638    24  733  224 33  1 65  0  0 2026-08-13 19:40:58
 1  0 179968 589404  11628 1797304    0    0  1557     9  751  225 33  2 64  0  0 2026-08-13 19:41:08
 2  0 179968 573548  11660 1812808    0    0  1546    28  733  223 33  1 64  1  0 2026-08-13 19:41:18
 1  0 179968 561704  11676 1828188    0    0  1535    11  735  225 33  1 65  1  0 2026-08-13 19:41:28
 1  0 179968 536252  11684 1854616    0    0  1085    10  706  196 32  2 65  1  1 2026-08-13 19:41:38
 1  0 179968 514832  11700 1869296    0    0  1471    30  722  214 33  1 64  0  1 2026-08-13 19:41:48
 1  0 179968 499964  11708 1884568    0    0  1524    16  734  211 33  1 64  0  1 2026-08-13 19:41:58
 1  0 179968 488372  11724 1898408    0    0  1391  1572  775  233 33  1 63  2  1 2026-08-13 19:42:08
procs -----------memory---------- ---swap-- -----io---- -system-- ------cpu----- -----timestamp-----
 r  b   swpd   free   buff  cache   si   so    bi    bo   in   cs us sy id wa st                 UTC
 1  0 179968 471992  11748 1914320    0    0  1588    23  733  213 33  1 64  0  1 2026-08-13 19:42:18
 1  0 179968 445784  11764 1933956    0    0  1488    15  697  189 33  2 65  0  0 2026-08-13 19:42:28
 1  0 179968 419832  11772 1958652    0    0  1348    11  696  193 33  2 65  0  0 2026-08-13 19:42:38
 1  0 179968 403200  11788 1974908    0    0  1636    13  712  205 33  1 65  0  1 2026-08-13 19:42:48
 1  0 179968 392112  11796 1990156    0    0  1514    10  735  223 34  1 64  1  0 2026-08-13 19:42:58
 1  0 179968 375732  11812 2004180    0    0  1403  1577  735  217 33  1 63  2  0 2026-08-13 19:43:08
 1  0 179968 361368  11844 2020008    0    0  1591    26  730  224 33  1 64  1  0 2026-08-13 19:43:18
 1  0 179968 323576  11860 2045480    0    0   940    12  678  172 33  2 65  0  1 2026-08-13 19:43:28
 1  0 179968 308456  11868 2061496    0    0  1596    14  724  213 33  1 65  0  0 2026-08-13 19:43:38
 1  0 179968 290564  11884 2080804    0    0  1935    12  727  218 33  1 65  0  0 2026-08-13 19:43:48
 1  0 179968 272672  11892 2100560    0    0  1976    13  725  216 33  1 65  0  0 2026-08-13 19:43:58
 1  0 179968 247472  11900 2120692    0    0  1998  1574  748  223 33  2 62  3  0 2026-08-13 19:44:08
 1  0 179968 231344  11932 2140048    0    0  1610    24  704  201 33  1 65  1  0 2026-08-13 19:44:18
 1  0 179968 204324  11948 2170280    0    0  1752    10  798  306 33  2 65  0  0 2026-08-13 19:44:28
 2  0 179968 184192  11956 2188876    0    0  1858    15  712  213 34  1 64  0  0 2026-08-13 19:44:38
 1  0 179968 164284  11972 2208984    0    0  2011    13  714  205 33  1 65  0  0 2026-08-13 19:44:48
 1  0 179968 145888  11980 2227688    0    0  1868  1571  739  220 33  1 63  2  0 2026-08-13 19:44:58
 1  0 179968 124720  11996 2246996    0    0  1939    10  731  206 33  1 64  0  1 2026-08-13 19:45:08
 1  0 179968 153088  12020 2217524    0    0  1009    23  681  173 33  1 65  0  1 2026-08-13 19:45:18
 1  0 179968 121840  12036 2236584    0    0  1899    19  733  222 34  1 64  0  1 2026-08-13 19:45:28
 1  0 179968 105964  12044 2254484    0    0  1795     8  738  224 33  1 65  1  1 2026-08-13 19:45:38
procs -----------memory---------- ---swap-- -----io---- -system-- ------cpu----- -----timestamp-----
 r  b   swpd   free   buff  cache   si   so    bi    bo   in   cs us sy id wa st                 UTC
 1  0 179968 146804  12060 2218756    0    0  1961  1572  734  221 33  1 63  2  0 2026-08-13 19:45:48
 1  0 179968 128660  12068 2238028    0    0  1926    12  727  216 34  1 65  0  0 2026-08-13 19:45:58
 1  0 179968 105728  12084 2257892    0    0  1983    19  732  210 33  1 65  1  0 2026-08-13 19:46:08
 1  0 179968 131456  12116 2233700    0    0  1550    27  687  187 34  1 65  0  0 2026-08-13 19:46:18
 1  0 179968 148320  12132 2215288    0    0  2147    11  739  232 33  1 65  0  0 2026-08-13 19:46:28
 1  0 179968 124380  12140 2235528    0    0  2026    16  720  214 33  1 65  0  0 2026-08-13 19:46:38
 1  0 179968 161672  12156 2202292    0    0  2202  1574  712  205 34  1 63  2  0 2026-08-13 19:46:48
 1  0 179968 139720  12164 2222056    0    0  1972    12  709  198 34  1 65  0  0 2026-08-13 19:46:58
 1  0 179968 105200  12180 2250800    0    0  1314    12  684  171 33  1 65  0  0 2026-08-13 19:47:08
 1  0 179968 138660  12212 2230484    0    0  1950    32  729  216 34  1 64  0  1 2026-08-13 19:47:18
 1  0 179968 121776  12228 2247632    0    0  1717    13  740  222 33  1 64  0  1 2026-08-13 19:47:28
 0  1 179968 110984  12236 2264948    0    0  1731  1573  735  225 33  1 63  2  1 2026-08-13 19:47:38
 1  0 179968 139548  12252 2223928    0    0  1452    16  732  219 33  1 64  1  1 2026-08-13 19:47:48
 2  0 179968 126300  12260 2239756    0    0  1580    10  743  215 33  1 63  1  2 2026-08-13 19:47:58
 1  0 179968 109080  12276 2263520    0    0   804    14  740  209 33  2 63  0  3 2026-08-13 19:48:08
 1  0 179968 136088  12308 2240424    0    0  1686   472  726  211 33  1 64  1  1 2026-08-13 19:48:18
 1  0 179968 114920  12324 2259228    0    0  1873  1180  715  205 34  1 63  2  0 2026-08-13 19:48:28
 1  0 179968 151468  12332 2225900    0    0  2222    12  726  222 33  1 65  0  0 2026-08-13 19:48:38
 1  0 179968 130552  12348 2244788    0    0  1892    12  708  204 33  1 65  0  0 2026-08-13 19:48:48
 1  0 179968 108376  12356 2264764    0    0  1998    19  732  214 33  1 64  1  0 2026-08-13 19:48:58
 1  0 179968 132748  12372 2240444    0    0  1556     8  691  179 33  1 65  0  0 2026-08-13 19:49:08
procs -----------memory---------- ---swap-- -----io---- -system-- ------cpu----- -----timestamp-----
 r  b   swpd   free   buff  cache   si   so    bi    bo   in   cs us sy id wa st                 UTC
 1  0 179968 113344  12420 2261004    2    0  2054    31  750  245 33  1 65  1  0 2026-08-13 19:49:18
 1  0 179968 129216  12436 2239312    0    0  1849    10  754  251 34  1 64  0  0 2026-08-13 19:49:28
 1  0 179968 114096  12444 2260968    0    0  2158  1587  736  225 33  1 63  2  0 2026-08-13 19:49:38
 1  0 179968 699468  12460 1663464    0    0  1664    11 1034  450 38 11 48  2  0 2026-08-13 19:49:48
 1  0 179968 676592  12468 1683284    0    0  1984     9  720  209 33  1 65  0  1 2026-08-13 19:49:58
 1  0 179968 651900  12484 1710804    0    0  1190    12  706  180 32  2 65  0  1 2026-08-13 19:50:08
 1  0 179968 636080  12516 1730180    0    0  1928    29  712  208 34  1 64  1  0 2026-08-13 19:50:18
 1  0 179968 619704  12532 1749160    0    0  1898   430  730  217 33  1 65  1  0 2026-08-13 19:50:28
 1  0 179968 603324  12540 1769412    0    0  2032  1163  738  224 33  1 63  2  0 2026-08-13 19:50:38
 1  0 179968 588204  12556 1789532    0    0  2010    12  714  212 33  1 64  1  0 2026-08-13 19:50:48
 1  0 179968 557716  12564 1818956    0    0  1342     9  669  166 32  2 65  0  0 2026-08-13 19:50:58
 2  0 179968 543856  12580 1838152    0    0  1926    14  736  212 33  1 65  0  0 2026-08-13 19:51:08
 1  0 179968 521932  12612 1858460    0    0  2028    26  733  222 33  1 64  1  0 2026-08-13 19:51:18
 1  0 179968 499252  12628 1877580    0    0  1908  1573  716  206 33  2 63  2  0 2026-08-13 19:51:28
 1  0 179968 475564  12636 1897148    0    0  1954    10  731  225 33  1 65  0  0 2026-08-13 19:51:38
 1  0 179968 462460  12652 1917040    0    0  1994    19  725  214 33  1 65  0  0 2026-08-13 19:51:48
 1  0 179968 427180  12660 1947836    0    0  1471    11  682  174 33  2 65  0  0 2026-08-13 19:51:58
 1  0 179968 418388  12676 1962944    0    0  1517    27  734  221 34  1 64  0  1 2026-08-13 19:52:08
 1  0 179968 391424  12700 1983300    0    0  2027    31  714  210 34  1 64  0  0 2026-08-13 19:52:18
 1  0 179968 366628  12716 2013720    1    0  2060  1578  766  224 30  2 66  2  1 2026-08-13 19:52:28
 0  0 179968 339740  12740 2053356    0    0  3952    21 1664  527 15  4 80  0  0 2026-08-13 19:52:38
procs -----------memory---------- ---swap-- -----io---- -system-- ------cpu----- -----timestamp-----
 r  b   swpd   free   buff  cache   si   so    bi    bo   in   cs us sy id wa st                 UTC
 0  0 179968 299228  12764 2094716    0    0  4134    24 1657  516 15  4 80  0  0 2026-08-13 19:52:48
 0  0 179968 258324  12788 2136860    0    0  4212   990 1690  512 16  4 80  0  0 2026-08-13 19:52:58
 1  0 179968 213360  12820 2180124    0    0  4327    26 1700  528 16  4 79  0  0 2026-08-13 19:53:08
 0  0 179968 165316  12876 2221756    0    0  4149    48 1758  541 17  4 77  0  2 2026-08-13 19:53:18
 0  0 179968 124640  12900 2260048    3    0  3830    32 1586  474 16  3 76  0  5 2026-08-13 19:53:28
 1  0 179968 150804  12924 2245652    0    0  3942    32 1616  508 15  4 80  0  1 2026-08-13 19:53:38
 1  0 179968 151468  12940 2244772    0    0  4390    20 1666  522 16  4 79  0  1 2026-08-13 19:53:48
 0  0 179968 150612  12964 2244292    1    0  4389    38 1643  532 15  4 81  0  0 2026-08-13 19:53:58
 0  0 179968 142056  12988 2247876    1    0  5138    30 1768  542 16  4 80  1  0 2026-08-13 19:54:08
 1  0 179968 150976  13044 2247752    0    0  4766    45 1762  550 16  4 80  0  0 2026-08-13 19:54:18
